date_time,type,id,mac,rssi,rate,sig_mode,mcs,bandwidth,smoothing,not_sounding,aggregation,stbc,fec_coding,sgi,noise_floor,ampdu_cnt,channel,secondary_channel,local_timestamp,ant,sig_len,rx_state,len,first_word,data
2026-06-22 03:03:12.873900,CSI_DATA,32400,1a:00:00:00:00:00,-63,11,1,0,1,1,1,0,0,0,0,-97,0,11,2,17951658,0,47,0,128,1,"[47,-16,2,0,0,0,0,0,0,0,2,0,10,1,10,0,10,0,9,0,9,0,8,0,7,1,7,1,6,0,6,0,6,0,5,0,5,0,4,-1,4,-1,4,-1,3,-1,3,-1,3,-2,2,-2,2,-2,2,-2,1,-2,1,-3,1,-3,1,-3,0,-2,0,-3,0,-4,0,-4,0,-4,0,-4,0,-4,0,-4,0,-4,0,-5,0,-5,0,-5,0,-5,0,-6,0,-6,0,-6,0,-6,0,-6,1,-6,1,-6,1,-6,1,-6,2,-6,2,-6,2,-6,3,-5,3,-5,0,-2,0,0,0,0,0,0,0,0]"
2026-06-22 03:03:13.110575,CSI_DATA,32401,1a:00:00:00:00:00,-61,11,1,0,1,1,1,0,0,0,0,-97,0,11,2,18002637,0,47,0,128,1,"[47,-16,2,0,0,0,0,0,0,0,2,-2,10,-8,10,-8,9,-8,9,-8,8,-7,8,-7,7,-6,7,-6,6,-6,5,-6,5,-5,5,-5,4,-5,4,-5,4,-5,3,-5,2,-5,2,-4,1,-4,1,-4,1,-4,0,-4,0,-4,0,-4,-1,-4,-1,-5,-1,-2,-2,-4,-2,-4,-2,-4,-3,-4,-3,-4,-3,-5,-3,-5,-4,-5,-4,-5,-4,-5,-4,-6,-4,-6,-4,-6,-4,-6,-4,-7,-4,-7,-4,-7,-4,-7,-3,-7,-3,-8,-2,-8,-2,-8,-2,-8,-1,-8,-1,-8,0,-8,0,-2,0,0,0,0,0,0,0,0]"
2026-06-22 03:03:13.229596,CSI_DATA,32402,1a:00:00:00:00:00,-62,11,1,0,1,1,1,0,0,0,0,-97,0,11,2,18053652,0,47,0,128,1,"[47,-16,2,0,0,0,0,0,0,0,-4,-1,-13,-3,-13,-3,-12,-2,-12,-2,-11,-2,-11,-2,-10,-2,-9,-2,-9,-2,-8,-2,-8,-1,-7,-1,-7,-1,-6,-1,-6,0,-5,0,-5,0,-4,0,-4,1,-4,1,-4,1,-3,1,-3,2,-2,2,-2,2,-2,2,-1,1,-2,3,-1,3,-1,3,-1,3,-1,4,-1,4,-1,4,-1,5,-1,5,-1,5,-1,5,-1,5,-1,6,-1,6,-1,6,-1,6,-2,6,-2,6,-3,6,-3,6,-4,6,-4,6,-4,6,-4,6,-5,6,-5,5,-2,1,0,0,0,0,0,0,0,0]"
2026-06-22 03:03:13.246628,CSI_DATA,32403,1a:00:00:00:00:00,-62,11,1,0,1,1,1,0,0,0,0,-97,0,11,2,18104646,0,47,0,128,1,"[47,-16,2,0,0,0,0,0,0,0,3,1,12,4,11,4,11,3,10,3,10,3,9,3,8,3,8,3,7,2,7,2,6,2,6,2,5,1,5,1,5,1,4,0,4,0,4,0,3,-1,3,-1,3,-1,2,-1,2,-2,2,-2,2,-3,2,-3,0,-2,1,-3,1,-4,1,-4,1,-4,1,-4,1,-5,1,-5,1,-5,1,-5,1,-5,1,-6,1,-6,1,-6,2,-6,2,-6,2,-6,2,-6,2,-6,3,-6,3,-6,3,-6,4,-6,4,-6,4,-5,4,-5,5,-5,1,-2,0,0,0,0,0,0,0,0]"
2026-06-22 03:03:13.260588,CSI_DATA,32404,1a:00:00:00:00:00,-61,11,1,0,1,1,1,0,0,0,0,-97,0,11,2,18155657,0,47,0,128,1,"[47,-16,2,0,0,0,0,0,0,0,-4,1,-13,4,-12,4,-12,4,-11,4,-11,4,-10,3,-10,3,-9,3,-8,3,-8,2,-8,2,-7,2,-6,2,-6,2,-5,2,-5,2,-4,2,-4,2,-4,3,-3,3,-3,3,-3,3,-2,3,-2,3,-1,3,-1,3,-1,1,-1,3,-1,3,0,4,0,4,0,4,0,4,0,4,0,5,0,5,0,5,0,5,0,5,0,6,0,6,0,6,0,6,0,7,-1,7,-1,7,-2,7,-2,7,-2,6,-3,6,-3,7,-4,6,-4,6,-1,1,0,0,0,0,0,0,0,0]"
2026-06-22 03:03:13.274858,CSI_DATA,32405,1a:00:00:00:00:00,-62,11,1,0,1,1,1,0,0,0,0,-97,0,11,2,18206669,0,47,0,128,1,"[47,-16,2,0,0,0,0,0,0,0,3,-2,12,-6,12,-6,11,-6,10,-5,10,-5,9,-5,9,-4,8,-4,7,-4,7,-4,7,-4,6,-4,6,-4,5,-4,5,-3,4,-4,4,-4,3,-3,3,-3,2,-3,2,-3,1,-3,1,-3,1,-4,0,-4,0,-4,-1,-2,-1,-4,-1,-4,-1,-4,-2,-4,-2,-4,-2,-5,-2,-5,-2,-5,-2,-5,-2,-5,-2,-6,-2,-6,-2,-6,-2,-6,-2,-6,-2,-7,-2,-7,-2,-7,-1,-7,-1,-7,0,-7,0,-7,0,-7,0,-7,1,-7,1,-7,0,-2,0,0,0,0,0,0,0,0]"
2026-06-22 03:03:13.326006,CSI_DATA,32406,1a:00:00:00:00:00,-63,11,1,0,1,1,1,0,0,0,0,-97,0,11,2,18257654,0,47,0,128,1,"[47,-16,2,0,0,0,0,0,0,0,-3,1,-10,6,-9,6,-9,6,-8,5,-8,5,-8,4,-7,4,-7,4,-6,3,-6,3,-6,3,-5,3,-5,3,-5,3,-4,3,-4,3,-3,2,-3,2,-3,2,-2,2,-2,2,-2,2,-1,2,-1,2,-1,2,-1,2,0,1,0,2,0,2,1,2,1,2,1,2,1,2,1,2,1,3,1,3,2,3,2,3,2,3,2,3,1,3,1,4,2,4,1,4,1,4,1,5,1,5,0,5,0,5,0,5,0,5,-1,5,-1,5,-1,1,0,0,0,0,0,0,0,0]"
2026-06-22 03:03:13.337489,CSI_DATA,32407,1a:00:00:00:00:00,-61,11,1,0,1,1,1,0,0,0,0,-97,0,11,2,18308655,0,47,0,128,1,"[47,-16,2,0,0,0,0,0,0,0,0,2,3,11,3,11,3,10,3,10,3,10,2,9,2,8,2,8,2,7,2,6,2,6,2,6,2,5,2,5,2,4,3,4,3,3,3,3,3,2,3,2,3,2,3,2,3,1,3,1,3,0,3,0,2,0,4,0,4,-1,4,-1,4,-1,4,-1,5,-1,5,-1,5,-1,5,-1,5,-1,6,-1,6,-1,6,-1,6,-1,6,-1,6,-1,7,-1,7,0,7,0,7,1,7,1,7,1,7,1,7,2,6,2,6,3,1,0,0,0,0,0,0,0,0,0]"
2026-06-22 03:03:13.352319,CSI_DATA,32408,1a:00:00:00:00:00,-61,11,1,0,1,1,1,0,0,0,0,-97,0,11,2,18359636,0,47,0,128,1,"[47,-16,2,0,0,0,0,0,0,0,1,3,4,13,4,12,4,12,3,11,3,11,2,10,2,10,2,9,2,8,2,8,2,7,2,7,2,6,2,6,2,5,2,5,2,4,2,4,2,4,2,3,2,3,2,3,2,2,3,2,3,1,3,1,1,0,3,0,3,0,3,0,3,0,4,0,4,0,4,0,4,0,4,-1,5,-1,5,-1,5,-1,5,-1,5,0,5,0,6,0,6,0,6,0,6,1,6,1,6,2,6,2,6,2,6,2,5,3,5,3,1,0,0,0,0,0,0,0,0,0]"
2026-06-22 03:03:13.366947,CSI_DATA,32409,1a:00:00:00:00:00,-62,11,1,0,1,1,1,0,0,0,0,-97,0,11,2,18410671,0,47,0,128,1,"[47,-16,2,0,0,0,0,0,0,0,2,-2,10,-7,10,-7,9,-7,9,-6,9,-6,8,-6,7,-5,7,-5,6,-5,6,-5,5,-5,5,-5,4,-4,4,-4,4,-4,3,-4,2,-4,2,-4,2,-4,1,-4,1,-3,1,-3,0,-4,0,-4,-1,-4,-1,-4,-1,-2,-2,-4,-2,-4,-2,-4,-2,-4,-2,-4,-3,-4,-3,-4,-3,-5,-3,-5,-3,-5,-3,-5,-3,-6,-3,-6,-3,-6,-3,-6,-3,-6,-3,-6,-3,-6,-3,-7,-2,-7,-2,-7,-1,-7,-1,-7,-1,-7,0,-8,0,-8,0,-2,0,0,0,0,0,0,0,0]"
2026-06-22 03:03:13.382982,CSI_DATA,32410,1a:00:00:00:00:00,-62,11,1,0,1,1,1,0,0,0,0,-97,0,11,2,18461647,0,47,0,128,1,"[47,-16,2,0,0,0,0,0,0,0,-3,2,-9,9,-9,9,-8,9,-8,9,-8,8,-7,7,-7,7,-7,6,-6,6,-6,6,-6,6,-5,5,-5,5,-4,5,-4,5,-3,4,-3,4,-2,4,-2,4,-2,4,-2,4,-2,3,-1,3,0,3,0,3,0,3,0,1,0,3,1,3,1,3,1,4,1,4,1,4,2,4,2,4,2,4,2,4,2,5,2,5,2,5,2,5,2,5,2,5,2,5,2,6,1,6,1,6,0,6,0,6,0,6,0,6,-1,7,-1,6,-1,1,0,0,0,0,0,0,0,0]"
2026-06-22 03:03:13.445855,CSI_DATA,32411,1a:00:00:00:00:00,-61,11,1,0,1,1,1,0,0,0,0,-97,0,11,2,18512651,0,47,0,128,1,"[47,-16,2,0,0,0,0,0,0,0,3,-1,13,-3,12,-3,12,-3,11,-3,11,-2,10,-2,9,-2,9,-2,8,-2,8,-2,7,-2,7,-2,6,-2,6,-2,5,-2,5,-3,4,-3,4,-3,3,-3,3,-3,3,-3,3,-3,2,-4,2,-4,2,-4,2,-4,0,-2,1,-4,1,-5,1,-5,1,-5,1,-5,1,-5,1,-5,1,-6,1,-6,0,-6,0,-6,1,-6,1,-6,1,-7,1,-7,1,-7,1,-7,1,-7,2,-7,3,-7,3,-7,4,-6,4,-6,4,-6,4,-6,5,-6,1,-2,0,0,0,0,0,0,0,0]"
2026-06-22 03:03:13.461898,CSI_DATA,32412,1a:00:00:00:00:00,-62,11,1,0,1,1,1,0,0,0,0,-97,0,11,2,18563659,0,47,0,128,1,"[47,-16,2,0,0,0,0,0,0,0,-2,-3,-8,-10,-8,-10,-8,-10,-7,-9,-7,-9,-7,-8,-6,-8,-6,-7,-6,-7,-6,-6,-6,-6,-5,-5,-5,-5,-5,-4,-5,-4,-5,-4,-5,-3,-5,-3,-5,-2,-5,-2,-4,-2,-4,-1,-4,-1,-5,-1,-5,0,-4,0,-2,0,-5,1,-5,1,-5,1,-5,1,-5,2,-6,2,-6,2,-6,2,-6,2,-6,2,-6,2,-6,2,-7,2,-7,2,-7,2,-7,2,-8,2,-8,1,-8,1,-8,1,-8,0,-8,0,-8,0,-8,-1,-8,-1,-8,-2,-2,-1,0,0,0,0,0,0,0,0]"
2026-06-22 03:03:13.476745,CSI_DATA,32413,1a:00:00:00:00:00,-63,11,1,0,1,1,1,0,0,0,0,-97,0,11,2,18614650,0,47,0,128,1,"[47,-16,2,0,0,0,0,0,0,0,-2,-3,-6,-10,-6,-10,-6,-9,-5,-9,-5,-9,-5,-8,-4,-8,-4,-7,-4,-7,-4,-6,-4,-6,-4,-6,-4,-5,-4,-5,-3,-5,-3,-4,-3,-4,-3,-3,-3,-3,-3,-3,-3,-2,-3,-2,-3,-2,-3,-1,-3,-1,-3,-1,-2,-1,-4,0,-4,0,-4,0,-4,0,-4,0,-4,1,-4,1,-4,1,-4,1,-4,1,-4,1,-5,1,-5,1,-5,1,-5,1,-5,1,-6,1,-6,0,-6,0,-6,0,-6,-1,-6,-1,-6,-1,-6,-1,-6,-2,-6,-2,-2,-1,0,0,0,0,0,0,0,0]"
2026-06-22 03:03:13.537319,CSI_DATA,32414,1a:00:00:00:00:00,-62,11,1,0,1,1,1,0,0,0,0,-97,0,11,2,18665652,0,47,0,128,1,"[47,-16,2,0,0,0,0,0,0,0,-2,2,-7,10,-7,10,-7,10,-7,10,-7,9,-7,8,-6,8,-6,7,-5,7,-5,6,-5,6,-4,6,-4,5,-4,5,-3,5,-3,5,-2,4,-2,4,-2,4,-2,4,-1,3,-1,3,-1,3,0,3,0,3,0,3,0,1,1,3,1,2,1,3,2,3,2,3,2,3,2,3,2,3,2,3,3,3,3,3,3,3,3,4,3,4,3,4,3,4,3,4,3,5,3,5,2,5,2,5,2,5,1,5,1,6,1,6,0,6,0,1,0,0,0,0,0,0,0,0]"
2026-06-22 03:03:13.549852,CSI_DATA,32415,1a:00:00:00:00:00,-61,11,1,0,1,1,1,0,0,0,0,-97,0,11,2,18716667,0,47,0,128,1,"[47,-16,2,0,0,0,0,0,0,0,1,3,5,11,5,11,5,10,5,10,4,10,4,9,3,8,3,8,3,7,3,7,3,6,3,6,3,5,3,5,3,5,3,4,3,4,3,3,3,3,3,3,3,2,3,2,3,2,3,1,3,1,3,1,1,0,4,0,4,0,4,0,4,0,4,0,5,0,5,0,5,0,5,0,5,0,5,0,5,-1,6,-1,6,0,6,0,6,0,6,0,6,1,6,1,6,2,6,2,6,2,6,2,6,3,5,3,5,3,1,1,0,0,0,0,0,0,0,0]"
2026-06-22 03:03:13.563909,CSI_DATA,32416,1a:00:00:00:00:00,-62,11,1,0,1,1,1,0,0,0,0,-97,0,11,2,18767649,0,47,0,128,1,"[47,-16,2,0,0,0,0,0,0,0,2,-2,11,-7,11,-7,10,-7,10,-6,9,-5,9,-5,8,-5,8,-4,7,-4,7,-4,6,-4,6,-4,5,-4,5,-4,4,-4,4,-4,3,-4,3,-4,3,-4,2,-3,2,-3,2,-3,1,-4,1,-4,0,-4,0,-4,0,-2,0,-4,-1,-4,-1,-4,-1,-4,-1,-4,-2,-5,-2,-5,-2,-5,-2,-5,-2,-5,-2,-5,-2,-6,-2,-6,-2,-6,-2,-6,-2,-6,-2,-7,-2,-7,-1,-7,-1,-7,-1,-7,0,-7,0,-7,0,-7,1,-7,1,-7,0,-2,0,0,0,0,0,0,0,0]"
2026-06-22 03:03:13.579053,CSI_DATA,32417,1a:00:00:00:00:00,-62,11,1,0,1,1,1,0,0,0,0,-97,0,11,2,18818637,0,47,0,128,1,"[47,-16,2,0,0,0,0,0,0,0,-4,-1,-14,-2,-13,-2,-13,-2,-12,-2,-11,-2,-11,-2,-10,-2,-9,-2,-9,-2,-9,-1,-8,-2,-8,-1,-8,-1,-7,-1,-7,-1,-6,-1,-6,0,-5,0,-5,1,-5,1,-5,1,-4,1,-4,1,-4,2,-4,2,-4,2,-2,1,-3,3,-3,3,-3,3,-3,3,-3,3,-3,4,-3,4,-3,4,-3,4,-3,4,-3,4,-4,4,-4,5,-4,5,-4,5,-5,5,-5,5,-5,5,-5,4,-5,4,-6,4,-6,4,-7,4,-7,3,-7,3,-7,2,-2,0,0,0,0,0,0,0,0,0]"
2026-06-22 03:03:13.605157,CSI_DATA,32418,1a:00:00:00:00:00,-62,11,1,0,1,1,1,0,0,0,0,-97,0,11,2,18869656,0,47,0,128,1,"[47,-16,2,0,0,0,0,0,0,0,2,0,11,0,11,-1,10,-1,10,-1,9,0,9,0,8,0,8,0,7,0,7,0,7,0,7,0,6,0,6,-1,5,-1,5,-1,4,-1,4,-1,4,-1,3,-1,3,-1,3,-1,3,-2,2,-2,2,-2,2,-2,1,-1,1,-2,1,-3,1,-3,1,-3,1,-3,1,-3,1,-3,1,-4,1,-4,1,-4,1,-4,1,-4,1,-4,1,-4,1,-4,1,-4,2,-5,2,-5,2,-4,2,-4,2,-5,3,-5,3,-4,3,-4,3,-4,3,-3,1,-1,0,0,0,0,0,0,0,0]"
2026-06-22 03:03:13.674715,CSI_DATA,32419,1a:00:00:00:00:00,-62,11,1,0,1,1,1,0,0,0,0,-97,0,11,2,18920647,0,47,0,128,1,"[47,-16,2,0,0,0,0,0,0,0,1,-3,7,-11,6,-11,6,-11,6,-10,6,-9,5,-9,5,-8,5,-8,4,-7,4,-7,4,-7,4,-7,3,-6,3,-6,2,-6,2,-6,1,-5,1,-5,1,-4,1,-4,0,-4,0,-4,0,-4,-1,-4,-1,-4,-1,-3,-1,-2,-2,-3,-2,-3,-3,-3,-3,-3,-3,-3,-3,-3,-4,-3,-4,-3,-4,-3,-4,-4,-4,-4,-4,-4,-4,-4,-4,-4,-5,-4,-5,-5,-5,-5,-4,-5,-4,-5,-4,-6,-4,-6,-3,-6,-3,-6,-3,-7,-2,-7,-2,-7,-1,-2,0,0,0,0,0,0,0,0]"
2026-06-22 03:03:13.704039,CSI_DATA,32420,1a:00:00:00:00:00,-61,11,1,0,1,1,1,0,0,0,0,-97,0,11,2,18971651,0,47,0,128,1,"[47,-16,2,0,0,0,0,0,0,0,-3,-2,-11,-8,-11,-8,-11,-7,-10,-7,-10,-7,-9,-7,-9,-7,-8,-6,-8,-6,-8,-5,-7,-5,-7,-4,-7,-4,-7,-4,-6,-3,-6,-3,-6,-2,-6,-2,-5,-2,-5,-2,-5,-1,-5,-1,-5,0,-5,0,-5,0,-4,0,-2,0,-4,1,-4,1,-4,1,-4,2,-5,2,-5,2,-5,2,-5,2,-5,3,-5,3,-5,3,-5,3,-6,3,-6,3,-6,3,-6,3,-7,3,-7,2,-7,2,-7,2,-8,2,-8,1,-8,1,-8,1,-8,0,-8,0,-2,-1,0,0,0,0,0,0,0,0]"
2026-06-22 03:03:13.772144,CSI_DATA,32421,1a:00:00:00:00:00,-62,11,1,0,1,1,1,0,0,0,0,-97,0,11,2,19022636,0,47,0,128,1,"[47,-16,2,0,0,0,0,0,0,0,-2,-3,-8,-9,-8,-9,-8,-9,-7,-8,-7,-8,-6,-8,-6,-7,-6,-7,-5,-7,-5,-6,-5,-6,-5,-6,-5,-5,-5,-5,-4,-5,-4,-4,-4,-4,-4,-3,-4,-3,-4,-3,-4,-2,-4,-2,-4,-2,-4,-1,-4,-1,-4,-1,-2,-1,-4,0,-3,0,-4,0,-4,0,-4,1,-4,1,-4,1,-4,1,-4,1,-4,1,-4,1,-4,2,-4,1,-5,1,-5,1,-5,1,-5,1,-5,1,-5,1,-6,1,-6,1,-6,0,-6,0,-6,0,-6,-1,-6,-1,-2,-1,0,0,0,0,0,0,0,0]"
2026-06-22 03:03:13.806576,CSI_DATA,32422,1a:00:00:00:00:00,-61,11,1,0,1,1,1,0,0,0,0,-97,0,11,2,19073634,0,47,0,128,1,"[47,-16,2,0,0,0,0,0,0,0,-4,0,-14,0,-14,0,-13,1,-13,1,-12,0,-12,0,-11,0,-10,0,-10,0,-9,0,-9,0,-9,0,-8,1,-8,0,-7,0,-7,0,-6,1,-6,1,-5,1,-5,1,-5,1,-4,1,-4,1,-4,2,-3,2,-3,2,-2,1,-2,2,-2,3,-2,3,-2,3,-2,3,-2,4,-2,4,-2,4,-2,4,-1,4,-1,4,-1,5,-2,5,-2,5,-2,5,-2,5,-2,6,-3,6,-3,6,-3,5,-4,5,-4,5,-4,5,-5,5,-5,5,-5,5,-2,1,0,0,0,0,0,0,0,0]"
2026-06-22 03:03:13.878384,CSI_DATA,32423,1a:00:00:00:00:00,-62,11,1,0,1,1,1,0,0,0,0,-97,0,11,2,19124628,0,47,0,128,1,"[47,-16,2,0,0,0,0,0,0,0,-1,-3,-2,-12,-2,-12,-2,-11,-2,-11,-2,-11,-2,-10,-1,-10,-2,-9,-2,-9,-1,-8,-1,-8,-1,-8,-1,-7,-1,-7,-1,-6,-1,-6,-2,-6,-1,-5,-2,-5,-2,-5,-2,-4,-2,-4,-2,-4,-2,-4,-2,-3,-2,-3,-1,-2,-2,-3,-3,-3,-3,-2,-3,-2,-3,-2,-3,-2,-3,-2,-3,-2,-4,-2,-4,-2,-4,-2,-4,-2,-4,-2,-4,-2,-4,-2,-4,-2,-5,-3,-5,-3,-5,-3,-4,-3,-4,-4,-4,-4,-4,-4,-4,-4,-4,-5,-3,-5,-1,-2,0,0,0,0,0,0,0,0]"
2026-06-22 03:03:13.909053,CSI_DATA,32424,1a:00:00:00:00:00,-60,11,1,0,1,1,1,0,0,0,0,-97,0,11,2,19175649,0,47,0,128,1,"[47,-16,2,0,0,0,0,0,0,0,3,-2,12,-6,12,-6,12,-6,11,-5,11,-5,10,-5,10,-4,9,-4,8,-4,8,-4,8,-4,7,-4,7,-4,6,-4,6,-4,5,-4,5,-4,4,-4,4,-4,4,-4,4,-4,3,-4,3,-4,3,-4,2,-5,2,-5,1,-3,2,-5,2,-5,1,-5,1,-5,1,-5,1,-6,1,-6,1,-6,1,-6,1,-6,1,-7,1,-7,1,-7,2,-7,2,-7,2,-7,2,-7,3,-7,3,-7,4,-7,4,-7,5,-6,5,-6,5,-6,6,-6,6,-6,1,-2,0,0,0,0,0,0,0,0]"
2026-06-22 03:03:13.983872,CSI_DATA,32425,1a:00:00:00:00:00,-62,11,1,0,1,1,1,0,0,0,0,-97,0,11,2,19226643,0,47,0,128,1,"[47,-16,2,0,0,0,0,0,0,0,3,0,13,0,13,-1,12,-1,12,-1,11,0,10,0,10,0,9,0,9,0,8,0,8,0,7,0,7,0,7,0,6,0,6,-1,5,-1,5,-1,4,-1,4,-1,4,-1,3,-1,3,-1,3,-2,3,-2,2,-2,1,-1,2,-3,2,-3,2,-3,2,-3,2,-3,1,-3,1,-3,1,-3,1,-4,1,-4,1,-4,1,-4,1,-4,1,-5,2,-5,2,-5,2,-5,2,-5,2,-5,3,-5,3,-4,3,-4,3,-4,4,-4,4,-4,4,-3,1,-1,0,0,0,0,0,0,0,0]"
2026-06-22 03:03:14.010211,CSI_DATA,32426,1a:00:00:00:00:00,-61,11,1,0,1,1,1,0,0,0,0,-97,0,11,2,19277660,0,47,0,128,1,"[47,-16,2,0,0,0,0,0,0,0,1,3,7,12,6,11,6,10,6,10,5,10,5,9,4,9,4,9,4,8,4,7,4,7,4,7,4,6,4,5,4,5,4,4,4,4,3,3,3,3,3,3,3,3,3,2,3,2,4,1,4,1,4,1,2,0,4,0,4,0,4,0,4,-1,4,-1,4,-1,5,-1,5,-1,5,-1,5,-1,6,-1,6,-1,6,-1,6,-1,6,-1,6,-1,7,-1,7,0,7,0,7,1,7,1,7,2,7,2,7,2,7,3,6,3,1,0,0,0,0,0,0,0,0,0]"
2026-06-22 03:03:14.090776,CSI_DATA,32427,1a:00:00:00:00:00,-62,11,1,0,1,1,1,0,0,0,0,-97,0,11,2,19328627,0,47,0,128,1,"[47,-16,2,0,0,0,0,0,0,0,0,3,1,13,1,13,1,12,1,12,0,11,0,10,0,10,0,9,0,9,0,8,0,8,0,7,0,7,0,6,0,6,1,6,1,5,1,4,1,4,1,4,1,3,1,3,1,3,2,2,2,2,2,2,1,1,2,1,2,1,3,1,3,1,3,1,3,1,4,1,4,1,4,1,4,1,4,1,4,1,5,1,5,1,5,1,5,1,5,1,5,2,5,2,5,2,5,3,5,3,5,3,5,3,5,4,4,4,1,1,0,0,0,0,0,0,0,0]"
2026-06-22 03:03:14.109165,CSI_DATA,32428,1a:00:00:00:00:00,-61,11,1,0,1,1,1,0,0,0,0,-97,0,11,2,19379668,0,47,0,128,1,"[47,-16,2,0,0,0,0,0,0,0,-2,2,-6,10,-6,10,-5,9,-5,9,-5,9,-5,8,-5,7,-5,7,-4,7,-4,6,-4,6,-3,6,-3,6,-3,5,-3,5,-2,5,-2,4,-2,4,-1,4,-1,4,-1,4,-1,4,-1,3,0,3,0,3,0,3,0,1,1,3,1,3,1,3,2,3,2,3,2,3,2,3,2,3,2,3,2,3,2,4,2,4,2,4,2,4,2,4,2,5,2,5,2,5,2,5,2,5,1,6,1,6,1,6,0,6,0,6,0,6,0,1,0,0,0,0,0,0,0,0]"
2026-06-22 03:03:14.197544,CSI_DATA,32429,1a:00:00:00:00:00,-61,11,1,0,1,1,1,0,0,0,0,-97,0,11,2,19430641,0,47,0,128,1,"[47,-16,2,0,0,0,0,0,0,0,-2,3,-7,11,-6,11,-6,11,-6,10,-6,10,-6,9,-5,9,-5,8,-5,8,-4,7,-4,7,-4,7,-3,7,-3,6,-3,6,-2,6,-2,5,-2,5,-2,5,-1,4,-1,4,-1,4,0,4,0,4,0,4,0,4,0,2,1,4,1,3,2,3,2,3,2,3,2,3,2,4,2,4,2,4,3,4,3,4,3,4,3,4,3,4,3,5,3,5,3,5,3,6,2,6,2,6,1,6,1,6,1,6,1,6,0,7,0,7,0,1,0,0,0,0,0,0,0,0]"
2026-06-22 03:03:14.212580,CSI_DATA,32430,1a:00:00:00:00:00,-62,11,1,0,1,1,1,0,0,0,0,-97,0,11,2,19481659,0,47,0,128,1,"[47,-16,2,0,0,0,0,0,0,0,1,-3,5,-9,5,-9,5,-9,4,-8,4,-8,4,-8,4,-7,4,-6,3,-6,3,-6,2,-6,2,-6,2,-5,1,-5,1,-5,1,-5,0,-4,0,-4,0,-4,0,-4,0,-4,-1,-4,-1,-4,-1,-3,-2,-3,-2,-4,-1,-2,-3,-3,-3,-3,-3,-3,-3,-3,-3,-3,-3,-3,-4,-3,-4,-4,-4,-4,-4,-4,-4,-3,-4,-4,-4,-4,-5,-4,-5,-4,-5,-5,-5,-5,-5,-5,-4,-5,-4,-6,-4,-6,-4,-6,-3,-6,-3,-6,-3,-6,-3,-6,-1,-2,0,0,0,0,0,0,0,0]"
2026-06-22 03:03:14.267299,CSI_DATA,32431,1a:00:00:00:00:00,-62,11,1,0,1,1,1,0,0,0,0,-97,0,11,2,19532629,0,47,0,128,1,"[47,-16,2,0,0,0,0,0,0,0,0,-4,3,-14,2,-14,2,-13,2,-13,2,-12,2,-11,2,-11,2,-10,2,-9,2,-9,1,-9,1,-8,1,-8,1,-7,1,-7,1,-7,0,-6,0,-6,0,-5,0,-5,0,-4,-1,-4,-1,-4,-1,-4,-1,-4,-1,-4,-1,-2,-2,-3,-2,-3,-3,-3,-3,-3,-3,-3,-3,-3,-3,-3,-4,-3,-4,-2,-4,-2,-4,-3,-4,-3,-4,-3,-4,-3,-4,-3,-5,-4,-5,-4,-4,-4,-4,-4,-4,-4,-4,-4,-4,-4,-4,-5,-4,-5,-3,-5,-3,-6,-1,-2,0,0,0,0,0,0,0,0]"
2026-06-22 03:03:14.317233,CSI_DATA,32432,1a:00:00:00:00:00,-60,11,1,0,1,1,1,0,0,0,0,-97,0,11,2,19583645,0,47,0,128,1,"[47,-16,2,0,0,0,0,0,0,0,0,3,0,13,0,12,1,12,1,11,0,11,0,10,0,10,0,9,0,9,0,8,1,8,1,8,1,7,1,6,1,6,2,6,2,5,2,5,2,4,2,4,2,4,3,4,3,3,3,3,4,3,4,3,2,1,4,2,4,2,4,2,5,2,5,2,5,2,5,2,5,2,6,2,6,2,6,2,6,2,6,2,6,3,6,3,6,4,6,4,6,4,6,5,5,5,5,6,5,6,5,6,5,6,4,7,4,7,1,1,0,0,0,0,0,0,0,0]"
2026-06-22 03:03:14.370316,CSI_DATA,32433,1a:00:00:00:00:00,-61,11,1,0,1,1,1,0,0,0,0,-97,0,11,2,19634649,0,47,0,128,1,"[47,-16,2,0,0,0,0,0,0,0,0,3,3,11,3,11,3,10,3,10,2,9,2,9,2,8,2,8,2,7,2,6,2,6,2,6,2,5,2,5,2,4,2,3,2,3,2,2,2,2,2,2,3,1,3,1,3,1,3,0,3,0,3,0,2,0,4,-1,4,-1,4,-2,4,-2,4,-2,4,-2,5,-2,5,-2,5,-2,6,-2,6,-2,6,-2,6,-2,7,-2,7,-2,7,-2,7,-2,7,-2,7,-1,7,0,7,0,7,0,7,0,8,1,8,2,7,2,1,0,0,0,0,0,0,0,0,0]"
2026-06-22 03:03:14.428707,CSI_DATA,32434,1a:00:00:00:00:00,-62,11,1,0,1,1,1,0,0,0,0,-97,0,11,2,19685647,0,47,0,128,1,"[47,-16,2,0,0,0,0,0,0,0,2,-2,9,-7,8,-7,8,-7,7,-6,7,-6,6,-5,6,-5,6,-5,5,-5,5,-5,5,-4,4,-4,4,-4,3,-4,3,-4,3,-4,2,-4,2,-4,1,-4,1,-4,1,-4,1,-4,0,-4,0,-4,0,-4,0,-4,-1,-2,-1,-4,-1,-4,-2,-4,-2,-4,-2,-4,-2,-5,-2,-5,-2,-5,-2,-5,-2,-5,-2,-5,-2,-6,-2,-6,-2,-6,-2,-6,-2,-6,-2,-6,-2,-7,-1,-7,-1,-7,0,-7,0,-7,0,-7,0,-7,1,-7,1,-7,0,-2,0,0,0,0,0,0,0,0]"
2026-06-22 03:03:14.476692,CSI_DATA,32435,1a:00:00:00:00:00,-62,11,1,0,1,1,1,0,0,0,0,-97,0,11,2,19736662,0,47,0,128,1,"[47,-16,2,0,0,0,0,0,0,0,1,-3,4,-12,4,-12,4,-11,4,-11,4,-10,3,-9,3,-9,3,-8,3,-8,2,-7,2,-7,2,-7,1,-7,1,-6,1,-6,0,-6,0,-5,0,-5,-1,-4,-1,-4,-1,-4,-1,-4,-2,-4,-2,-4,-3,-4,-3,-3,-2,-2,-3,-3,-4,-3,-4,-3,-4,-3,-4,-3,-4,-3,-4,-3,-5,-3,-5,-4,-5,-4,-5,-4,-5,-4,-5,-4,-5,-4,-6,-4,-6,-5,-6,-5,-5,-5,-5,-6,-5,-6,-5,-6,-4,-6,-4,-6,-4,-7,-4,-7,-3,-7,-1,-2,0,0,0,0,0,0,0,0]"
2026-06-22 03:03:14.537015,CSI_DATA,32436,1a:00:00:00:00:00,-62,11,1,0,1,1,1,0,0,0,0,-97,0,11,2,19787655,0,47,0,128,1,"[47,-16,2,0,0,0,0,0,0,0,1,-3,6,-11,6,-10,5,-10,5,-10,5,-9,5,-9,4,-8,4,-8,3,-7,3,-7,2,-7,2,-7,1,-6,1,-6,1,-6,1,-5,0,-5,0,-5,0,-4,-1,-4,-1,-4,-1,-4,-2,-4,-2,-4,-3,-3,-3,-3,-2,-2,-4,-3,-4,-3,-4,-3,-4,-3,-5,-3,-5,-3,-5,-3,-5,-3,-5,-3,-6,-3,-6,-4,-6,-4,-6,-4,-7,-4,-7,-4,-7,-4,-6,-5,-6,-5,-6,-6,-6,-6,-5,-6,-5,-6,-5,-6,-5,-7,-5,-7,-4,-7,-1,-2,0,0,0,0,0,0,0,0]"
2026-06-22 03:03:14.573364,CSI_DATA,32437,1a:00:00:00:00:00,-63,11,1,0,1,1,1,0,0,0,0,-97,0,11,2,19838653,0,47,0,128,1,"[47,-16,2,0,0,0,0,0,0,0,1,-3,4,-12,4,-11,4,-11,4,-10,3,-10,3,-9,3,-9,3,-8,2,-7,2,-7,2,-7,1,-7,1,-6,1,-6,0,-5,0,-5,0,-5,0,-4,-1,-4,-1,-3,-1,-3,-1,-3,-2,-3,-2,-2,-2,-2,-2,-2,-2,-1,-3,-1,-3,-1,-3,-1,-4,-1,-4,-1,-4,-1,-4,-1,-5,-1,-5,-1,-5,-1,-5,-1,-5,-1,-5,-1,-6,-1,-6,-1,-6,-1,-6,-1,-6,-2,-6,-2,-6,-2,-6,-3,-6,-3,-6,-3,-6,-3,-6,-4,-6,-4,-2,-1,0,0,0,0,0,0,0,0]"
2026-06-22 03:03:14.642386,CSI_DATA,32438,1a:00:00:00:00:00,-61,11,1,0,1,1,1,0,0,0,0,-97,0,11,2,19889656,0,47,0,128,1,"[47,-16,2,0,0,0,0,0,0,0,0,-3,1,-12,1,-12,1,-11,1,-11,1,-10,1,-10,1,-9,1,-9,0,-8,0,-8,0,-8,0,-7,0,-7,0,-7,-1,-6,-1,-6,-1,-6,-1,-5,-1,-5,-2,-5,-2,-5,-2,-4,-2,-4,-2,-4,-3,-4,-3,-4,-2,-2,-3,-3,-3,-3,-4,-3,-4,-3,-4,-3,-4,-3,-4,-3,-4,-3,-5,-3,-5,-3,-5,-3,-5,-3,-5,-3,-5,-4,-5,-4,-5,-4,-5,-4,-5,-4,-5,-5,-5,-5,-5,-5,-5,-6,-4,-6,-4,-6,-4,-7,-4,-7,-1,-2,0,0,0,0,0,0,0,0]"
2026-06-22 03:03:14.673411,CSI_DATA,32439,1a:00:00:00:00:00,-61,11,1,0,1,1,1,0,0,0,0,-97,0,11,2,19940659,0,47,0,128,1,"[47,-16,2,0,0,0,0,0,0,0,-3,1,-10,5,-9,5,-9,5,-8,4,-8,4,-8,4,-7,4,-7,4,-6,4,-6,3,-6,3,-5,3,-5,3,-5,3,-4,3,-4,3,-3,3,-3,3,-2,3,-2,3,-2,3,-2,3,-1,3,-1,3,-1,3,-1,3,0,2,0,4,0,4,0,4,0,4,0,4,1,4,1,4,1,5,1,5,1,5,1,5,1,5,0,6,0,6,0,6,0,6,0,6,0,7,0,7,-1,7,-1,7,-2,7,-2,7,-2,7,-3,7,-3,6,-1,1,0,0,0,0,0,0,0,0]"
2026-06-22 03:03:14.756912,CSI_DATA,32440,1a:00:00:00:00:00,-63,11,1,0,1,1,1,0,0,0,0,-97,0,11,2,19991643,0,47,0,128,1,"[47,-16,2,0,0,0,0,0,0,0,1,2,6,10,6,9,6,9,6,8,5,8,5,7,4,7,4,7,4,6,3,6,3,5,3,5,3,4,3,4,3,3,3,3,2,2,3,2,3,2,2,1,2,1,2,1,2,0,2,0,2,0,2,-1,1,-1,2,-2,2,-2,2,-2,2,-2,2,-2,2,-2,2,-3,3,-3,3,-3,3,-4,3,-4,3,-4,3,-4,3,-4,4,-4,4,-4,4,-3,4,-3,4,-3,5,-3,5,-3,5,-2,5,-2,5,-2,5,-1,5,-1,1,-1,0,0,0,0,0,0,0,0]"
2026-06-22 03:03:14.773346,CSI_DATA,32441,1a:00:00:00:00:00,-62,11,1,0,1,1,1,0,0,0,0,-97,0,11,2,20042654,0,47,0,128,1,"[47,-16,2,0,0,0,0,0,0,0,3,-1,12,-1,11,-2,11,-2,11,-1,10,-1,9,-1,9,0,8,0,8,0,8,-1,7,-1,7,-1,6,-1,6,-1,6,-1,5,-1,5,-1,4,-1,4,-1,4,-1,4,-1,4,-1,3,-2,3,-2,3,-2,3,-2,1,-1,2,-2,2,-2,2,-2,2,-3,2,-3,2,-3,2,-3,2,-3,2,-3,2,-3,2,-3,2,-3,2,-4,2,-4,2,-4,2,-4,2,-4,3,-4,3,-3,3,-3,3,-3,3,-3,4,-3,4,-3,4,-2,4,-2,1,-1,0,0,0,0,0,0,0,0]"
2026-06-22 03:03:14.864069,CSI_DATA,32442,1a:00:00:00:00:00,-59,11,1,0,1,1,1,0,0,0,0,-97,0,11,2,20093656,0,47,0,128,1,"[47,-16,2,0,0,0,0,0,0,0,-1,-4,-3,-14,-3,-13,-3,-13,-3,-12,-3,-12,-2,-11,-2,-11,-2,-10,-2,-10,-2,-9,-3,-9,-3,-9,-3,-8,-3,-8,-3,-8,-3,-7,-3,-7,-3,-6,-3,-6,-3,-6,-3,-6,-3,-5,-4,-5,-4,-5,-4,-5,-4,-5,-3,-2,-5,-4,-5,-4,-5,-4,-5,-4,-5,-4,-5,-4,-6,-4,-6,-4,-6,-4,-6,-4,-6,-4,-6,-4,-6,-4,-6,-4,-6,-4,-6,-5,-6,-5,-6,-5,-6,-5,-6,-6,-6,-6,-5,-6,-5,-6,-5,-6,-5,-7,-4,-7,-1,-2,0,0,0,0,0,0,0,0]"
2026-06-22 03:03:14.878105,CSI_DATA,32443,1a:00:00:00:00:00,-61,11,1,0,1,1,1,0,0,0,0,-97,0,11,2,20144628,0,47,0,128,1,"[47,-16,2,0,0,0,0,0,0,0,-3,1,-12,5,-11,5,-11,5,-11,4,-10,4,-10,3,-9,3,-9,3,-8,3,-8,3,-7,3,-7,3,-7,3,-6,3,-6,3,-5,3,-5,3,-4,3,-4,3,-4,3,-4,3,-3,3,-3,3,-3,4,-2,4,-2,4,-1,2,-2,4,-2,4,-2,4,-1,5,-1,5,-1,5,-1,5,-1,5,-1,6,-1,6,-1,6,-1,6,-1,6,-2,6,-2,6,-2,6,-2,7,-3,7,-3,6,-4,6,-4,6,-4,6,-4,6,-5,6,-5,5,-6,5,-2,1,0,0,0,0,0,0,0,0]"
2026-06-22 03:03:14.936338,CSI_DATA,32444,1a:00:00:00:00:00,-62,11,1,0,1,1,1,0,0,0,0,-97,0,11,2,20195653,0,47,0,128,1,"[47,-16,2,0,0,0,0,0,0,0,-4,0,-13,3,-13,3,-12,3,-12,3,-11,3,-11,2,-10,2,-10,1,-9,1,-9,2,-9,1,-8,1,-8,1,-7,1,-7,1,-6,1,-6,1,-6,1,-5,1,-5,1,-4,1,-4,1,-4,2,-4,2,-4,2,-3,2,-2,1,-3,2,-3,2,-3,2,-2,2,-2,2,-2,3,-2,3,-2,3,-2,3,-2,3,-2,3,-2,3,-2,3,-3,3,-3,3,-3,4,-3,4,-3,4,-3,3,-3,3,-4,3,-4,3,-4,3,-4,3,-5,3,-5,2,-2,0,0,0,0,0,0,0,0,0]"
2026-06-22 03:03:15.023039,CSI_DATA,32445,1a:00:00:00:00:00,-60,11,1,0,1,1,1,0,0,0,0,-97,0,11,2,20246668,0,47,0,128,1,"[47,-16,2,0,0,0,0,0,0,0,-1,3,-1,12,-1,12,-1,11,-1,11,-1,11,-1,10,-2,9,-2,9,-1,9,-1,8,-1,8,0,8,0,7,0,7,0,7,0,6,0,6,0,6,0,5,0,5,0,5,1,5,1,4,1,4,2,4,2,4,1,2,2,4,2,4,2,4,2,4,2,4,3,4,3,4,3,4,3,4,3,4,3,4,3,4,3,4,3,4,3,5,3,5,3,5,3,5,2,6,2,6,2,6,2,6,1,6,1,6,1,6,0,6,0,1,0,0,0,0,0,0,0,0]"
2026-06-22 03:03:15.099343,CSI_DATA,32447,1a:00:00:00:00:00,-59,11,1,0,1,1,1,0,0,0,0,-97,0,11,2,20348647,0,47,0,128,1,"[47,-16,2,0,0,0,0,0,0,0,1,2,6,11,6,11,6,10,6,10,6,9,5,9,5,8,5,8,5,7,5,6,5,6,5,6,5,5,5,5,5,4,5,4,5,3,5,3,5,2,5,2,5,2,5,2,6,1,6,1,6,0,6,0,3,0,7,0,7,0,7,-1,7,-1,7,-1,8,-1,8,-1,8,-1,8,-1,9,-1,9,-1,9,0,9,0,9,0,10,0,10,1,10,1,10,1,10,2,10,3,9,3,9,4,9,4,9,4,8,5,8,6,2,1,0,0,0,0,0,0,0,0]"
2026-06-22 03:03:15.134831,CSI_DATA,32448,1a:00:00:00:00:00,-62,11,1,0,1,1,1,0,0,0,0,-97,0,11,2,20399680,0,47,0,128,1,"[47,-16,2,0,0,0,0,0,0,0,-2,-4,-5,-12,-5,-12,-5,-11,-5,-11,-4,-10,-4,-10,-4,-9,-4,-8,-4,-8,-4,-7,-4,-7,-4,-6,-4,-6,-4,-5,-4,-5,-4,-4,-4,-3,-4,-3,-4,-2,-4,-2,-4,-2,-4,-1,-4,-1,-4,0,-5,0,-5,0,-3,0,-5,1,-5,2,-5,2,-5,2,-5,3,-6,3,-6,3,-6,3,-6,3,-6,4,-7,4,-7,4,-7,4,-7,4,-8,4,-8,4,-8,4,-9,3,-9,3,-9,2,-9,2,-9,2,-9,2,-9,1,-9,1,-10,0,-3,0,0,0,0,0,0,0,0,0]"
2026-06-22 03:03:15.197737,CSI_DATA,32449,1a:00:00:00:00:00,-62,11,1,0,1,1,1,0,0,0,0,-97,0,11,2,20450639,0,47,0,128,1,"[47,-16,2,0,0,0,0,0,0,0,0,-3,3,-12,3,-12,3,-11,3,-11,3,-10,3,-9,3,-9,2,-8,2,-8,2,-8,1,-7,1,-7,1,-6,0,-6,0,-6,0,-5,0,-5,-1,-5,-1,-4,-1,-4,-1,-4,-1,-3,-2,-3,-2,-3,-3,-3,-3,-3,-2,-2,-3,-3,-4,-2,-4,-2,-4,-2,-4,-2,-5,-2,-5,-2,-5,-2,-5,-2,-5,-2,-6,-2,-6,-2,-6,-2,-6,-3,-6,-3,-6,-3,-6,-3,-6,-4,-6,-4,-6,-4,-5,-5,-5,-5,-5,-5,-5,-5,-5,-5,-4,-6,-1,-2,0,0,0,0,0,0,0,0]"
2026-06-22 03:03:15.300380,CSI_DATA,32451,1a:00:00:00:00:00,-61,11,1,0,1,1,1,0,0,0,0,-97,0,11,2,20552641,0,47,0,128,1,"[47,-16,2,0,0,0,0,0,0,0,2,-1,10,-4,10,-4,10,-4,9,-4,9,-4,8,-3,8,-3,7,-3,7,-3,6,-3,6,-3,6,-3,5,-3,5,-3,4,-3,4,-3,3,-3,3,-3,3,-3,2,-3,2,-3,2,-3,1,-3,1,-4,1,-4,1,-4,0,-2,0,-4,0,-4,0,-5,-1,-4,-1,-5,-1,-5,-1,-5,-1,-5,-1,-6,-1,-6,-1,-6,-1,-6,-1,-6,-1,-6,0,-6,0,-7,0,-7,0,-7,0,-7,1,-7,1,-7,2,-7,2,-7,2,-7,3,-7,3,-7,0,-2,0,0,0,0,0,0,0,0]"
2026-06-22 03:03:15.337140,CSI_DATA,32452,1a:00:00:00:00:00,-60,11,1,0,1,1,1,0,0,0,0,-97,0,11,2,20603667,0,47,0,128,1,"[47,-16,2,0,0,0,0,0,0,0,-2,-4,-6,-14,-6,-13,-6,-13,-6,-12,-5,-12,-5,-11,-5,-11,-5,-10,-5,-9,-5,-9,-5,-9,-4,-8,-4,-8,-4,-7,-4,-7,-4,-6,-4,-6,-4,-5,-5,-4,-4,-4,-5,-4,-5,-4,-5,-3,-5,-3,-5,-2,-5,-2,-3,-1,-6,-2,-6,-1,-6,-1,-6,-1,-6,-1,-7,-1,-7,-1,-7,0,-7,0,-7,0,-8,0,-8,-1,-8,0,-8,-1,-8,-1,-9,-1,-9,-1,-9,-2,-9,-2,-9,-3,-8,-3,-8,-4,-9,-4,-9,-4,-8,-5,-8,-6,-2,-2,0,0,0,0,0,0,0,0]"
2026-06-22 03:03:15.414583,CSI_DATA,32453,1a:00:00:00:00:00,-60,11,1,0,1,1,1,0,0,0,0,-97,0,11,2,20654659,0,47,0,128,1,"[47,-16,2,0,0,0,0,0,0,0,-3,-1,-12,-4,-11,-4,-11,-3,-11,-3,-10,-3,-10,-3,-9,-3,-9,-3,-8,-3,-8,-2,-8,-2,-8,-2,-7,-1,-7,-1,-6,-1,-6,0,-6,0,-6,0,-5,0,-5,1,-5,1,-5,1,-5,1,-5,2,-5,2,-5,2,-3,1,-4,3,-4,3,-4,3,-4,4,-5,4,-5,4,-5,4,-5,4,-5,4,-5,4,-5,5,-5,5,-6,5,-6,5,-6,4,-7,4,-7,4,-7,4,-7,4,-8,3,-8,3,-8,3,-8,3,-8,2,-9,1,-9,1,-3,0,0,0,0,0,0,0,0,0]"
2026-06-22 03:03:15.435719,CSI_DATA,32454,1a:00:00:00:00:00,-59,11,1,0,1,1,1,0,0,0,0,-97,0,11,2,20705642,0,47,0,128,1,"[47,-16,2,0,0,0,0,0,0,0,-3,1,-11,6,-10,7,-9,7,-9,6,-9,6,-8,6,-8,5,-7,5,-7,5,-6,5,-5,5,-5,5,-4,5,-4,5,-3,5,-3,4,-2,4,-2,4,-1,5,-1,5,-1,5,0,5,0,5,1,5,1,5,1,5,1,2,2,5,2,5,2,6,3,6,3,6,3,6,3,6,3,7,3,7,3,7,4,7,4,7,3,8,3,8,3,9,3,9,3,9,2,9,2,10,1,10,1,10,1,9,0,9,0,10,-1,10,-2,10,-1,2,0,0,0,0,0,0,0,0]"
2026-06-22 03:03:15.526528,CSI_DATA,32455,1a:00:00:00:00:00,-60,11,1,0,1,1,1,0,0,0,0,-97,0,11,2,20756661,0,47,0,128,1,"[47,-16,2,0,0,0,0,0,0,0,1,-3,7,-9,7,-9,6,-9,6,-9,5,-8,5,-8,5,-8,4,-7,4,-7,3,-7,3,-7,2,-6,2,-6,1,-6,0,-6,0,-6,-1,-5,-1,-5,-1,-5,-2,-5,-2,-5,-2,-5,-3,-5,-3,-5,-4,-5,-4,-5,-2,-3,-5,-5,-5,-5,-5,-5,-6,-5,-6,-6,-6,-6,-6,-6,-6,-6,-6,-6,-7,-6,-7,-7,-6,-7,-6,-7,-6,-7,-7,-8,-7,-8,-6,-8,-6,-9,-6,-9,-5,-9,-4,-9,-4,-10,-4,-10,-3,-10,-3,-10,-2,-10,-1,-3,0,0,0,0,0,0,0,0]"
2026-06-22 03:03:15.545370,CSI_DATA,32456,1a:00:00:00:00:00,-60,11,1,0,1,1,1,0,0,0,0,-97,0,11,2,20807656,0,47,0,128,1,"[47,-16,2,0,0,0,0,0,0,0,-2,-3,-7,-10,-7,-9,-7,-8,-7,-8,-6,-7,-6,-7,-6,-7,-6,-6,-6,-5,-5,-5,-5,-4,-6,-4,-6,-3,-5,-3,-5,-2,-5,-2,-5,-1,-5,-1,-5,0,-5,0,-5,0,-5,1,-5,1,-5,2,-6,2,-6,2,-3,1,-6,3,-6,3,-6,4,-6,4,-6,4,-7,4,-7,4,-7,4,-8,4,-8,5,-8,5,-8,5,-9,5,-9,4,-9,4,-9,4,-10,4,-10,4,-10,3,-10,2,-10,2,-10,2,-10,1,-11,1,-10,0,-10,-1,-3,-1,0,0,0,0,0,0,0,0]"
2026-06-22 03:03:15.623421,CSI_DATA,32457,1a:00:00:00:00:00,-60,11,1,0,1,1,1,0,0,0,0,-97,0,11,2,20858640,0,47,0,128,1,"[47,-16,2,0,0,0,0,0,0,0,2,2,8,8,8,8,8,7,7,6,6,6,6,6,6,5,5,5,5,4,5,3,5,3,5,2,5,2,4,1,4,1,4,0,4,-1,4,-1,4,-2,4,-2,4,-2,4,-3,4,-3,4,-4,4,-4,4,-4,2,-3,4,-5,4,-6,4,-6,4,-6,4,-6,5,-7,5,-7,5,-7,5,-7,6,-8,6,-8,6,-8,6,-8,6,-8,7,-8,7,-7,8,-7,8,-7,8,-6,8,-6,9,-6,9,-5,9,-5,9,-5,10,-4,9,-3,2,-1,0,0,0,0,0,0,0,0]"
2026-06-22 03:03:15.646824,CSI_DATA,32458,1a:00:00:00:00:00,-61,11,1,0,1,1,1,0,0,0,0,-97,0,11,2,20909660,0,47,0,128,1,"[47,-16,2,0,0,0,0,0,0,0,-1,2,-4,11,-3,11,-3,10,-3,10,-2,9,-2,9,-2,8,-2,8,-2,7,-1,7,0,6,0,6,0,6,1,5,1,5,2,4,2,4,2,3,3,3,3,3,3,3,4,3,4,2,5,2,5,2,5,2,3,1,6,1,6,1,7,1,7,1,7,1,7,1,8,1,8,1,8,1,8,1,9,1,9,1,9,2,9,2,9,2,9,3,9,3,9,3,9,4,9,4,9,5,8,5,8,5,8,6,7,6,7,6,1,1,0,0,0,0,0,0,0,0]"
2026-06-22 03:03:15.733979,CSI_DATA,32459,1a:00:00:00:00:00,-59,11,1,0,1,1,1,0,0,0,0,-97,0,11,2,20960667,0,47,0,128,1,"[47,-16,2,0,0,0,0,0,0,0,-2,-4,-5,-14,-5,-13,-5,-12,-5,-12,-5,-11,-4,-10,-4,-10,-4,-9,-5,-9,-5,-8,-5,-7,-5,-7,-5,-6,-5,-6,-6,-5,-6,-5,-6,-5,-6,-4,-6,-4,-6,-3,-6,-3,-7,-3,-7,-2,-7,-2,-8,-1,-8,-1,-4,-1,-9,-1,-8,-1,-9,0,-9,0,-9,0,-10,0,-10,0,-10,0,-10,-1,-10,-1,-11,0,-11,-1,-11,-1,-11,-1,-11,-1,-12,-2,-11,-2,-11,-2,-11,-3,-11,-4,-11,-4,-11,-5,-11,-5,-10,-5,-10,-6,-10,-7,-3,-2,0,0,0,0,0,0,0,0]"
2026-06-22 03:03:15.747655,CSI_DATA,32460,1a:00:00:00:00:00,-59,11,1,0,1,1,1,0,0,0,0,-97,0,11,2,21011659,0,47,0,128,1,"[47,-16,2,0,0,0,0,0,0,0,-3,2,-9,9,-8,9,-8,9,-8,9,-7,8,-7,8,-6,7,-6,7,-5,7,-5,6,-4,6,-4,6,-3,6,-3,6,-2,6,-2,6,-1,5,-1,5,-1,5,0,5,0,5,0,5,1,5,1,5,2,5,2,5,1,2,3,5,3,5,3,5,3,6,3,6,3,6,4,6,4,6,4,7,4,7,4,7,4,7,4,7,4,8,4,8,4,8,3,9,3,9,2,9,2,9,1,9,1,10,0,10,0,10,-1,10,-1,10,-1,2,0,0,0,0,0,0,0,0]"
2026-06-22 03:03:15.794282,CSI_DATA,32461,1a:00:00:00:00:00,-58,11,1,0,1,1,1,0,0,0,0,-97,0,11,2,21062632,0,47,0,128,1,"[47,-16,2,0,0,0,0,0,0,0,2,2,8,10,8,9,8,9,7,8,7,8,7,8,6,7,6,7,6,6,6,5,6,5,6,5,6,4,6,4,6,3,6,3,6,2,6,2,6,1,6,1,6,1,6,1,6,1,7,0,7,0,7,0,3,-1,8,-1,8,-1,8,-2,8,-1,8,-1,8,-1,9,-1,9,-1,9,-1,9,-1,10,-2,10,-2,10,-1,10,-1,10,-1,10,0,10,0,10,1,10,1,10,2,10,3,10,3,10,3,10,3,10,4,9,5,2,1,0,0,0,0,0,0,0,0]"
2026-06-22 03:03:15.850418,CSI_DATA,32462,1a:00:00:00:00:00,-58,11,1,0,1,1,1,0,0,0,0,-97,0,11,2,21117906,0,47,0,128,1,"[47,-16,2,0,0,0,0,0,0,0,-2,3,-5,12,-4,12,-3,11,-3,11,-3,11,-3,10,-2,10,-2,10,-1,9,-1,9,0,9,0,9,1,8,1,8,1,8,2,8,2,7,3,7,3,7,4,7,4,7,4,7,5,7,5,7,6,7,6,7,3,3,7,7,7,7,7,7,7,7,7,7,8,7,8,7,8,8,8,8,8,8,8,9,8,9,8,9,8,9,8,10,8,10,7,11,7,11,7,11,6,12,5,12,5,12,4,12,4,12,3,13,2,13,0,3,0,0,0,0,0,0,0,0]"
2026-06-22 03:03:15.898540,CSI_DATA,32463,1a:00:00:00:00:00,-59,11,1,0,1,1,1,0,0,0,0,-97,0,11,2,21164635,0,47,0,128,1,"[47,-16,2,0,0,0,0,0,0,0,-4,-1,-13,-2,-12,-2,-12,-1,-12,-1,-11,-1,-10,-1,-10,-1,-9,0,-9,0,-9,1,-8,1,-8,1,-7,2,-7,2,-7,2,-7,3,-6,3,-6,3,-6,4,-5,4,-5,4,-5,5,-5,5,-5,6,-5,6,-5,6,-3,3,-5,7,-5,7,-5,8,-5,8,-5,8,-5,8,-5,8,-5,8,-6,9,-6,9,-6,9,-6,9,-7,9,-7,9,-7,8,-8,9,-8,9,-8,8,-9,8,-9,7,-10,7,-10,7,-10,6,-11,6,-11,5,-11,4,-3,1,0,0,0,0,0,0,0,0]"
2026-06-22 03:03:15.957218,CSI_DATA,32464,1a:00:00:00:00:00,-59,11,1,0,1,1,1,0,0,0,0,-97,0,11,2,21215640,0,47,0,128,1,"[47,-16,2,0,0,0,0,0,0,0,0,-4,0,-13,-1,-13,-1,-12,-1,-12,-1,-11,-1,-11,-1,-10,-1,-9,-1,-9,-2,-9,-2,-8,-3,-8,-3,-8,-3,-7,-3,-7,-3,-7,-4,-6,-4,-6,-4,-5,-4,-5,-5,-5,-5,-5,-5,-5,-6,-4,-6,-4,-6,-4,-3,-2,-7,-4,-7,-4,-7,-4,-7,-4,-8,-4,-8,-4,-8,-5,-8,-5,-8,-5,-8,-5,-8,-5,-9,-5,-9,-5,-9,-6,-8,-6,-9,-6,-9,-7,-8,-7,-8,-8,-7,-8,-7,-9,-7,-9,-7,-9,-6,-9,-6,-9,-5,-9,-2,-3,0,0,0,0,0,0,0,0]"
2026-06-22 03:03:15.999400,CSI_DATA,32465,1a:00:00:00:00:00,-58,11,1,0,1,1,1,0,0,0,0,-97,0,11,2,21266659,0,47,0,128,1,"[47,-16,2,0,0,0,0,0,0,0,-4,-1,-13,-4,-13,-3,-12,-3,-12,-2,-12,-2,-11,-2,-10,-2,-10,-2,-10,-1,-9,-1,-9,-1,-9,-1,-9,0,-8,0,-8,1,-8,1,-7,1,-7,2,-7,2,-7,2,-7,2,-7,3,-7,3,-7,3,-7,4,-7,4,-4,2,-7,4,-7,5,-7,5,-7,5,-7,5,-7,6,-7,6,-8,6,-8,6,-8,6,-8,6,-8,6,-8,6,-9,5,-9,5,-9,6,-10,5,-10,5,-10,4,-10,3,-11,3,-11,3,-11,2,-11,2,-11,1,-11,0,-3,0,0,0,0,0,0,0,0,0]"
2026-06-22 03:03:16.059312,CSI_DATA,32466,1a:00:00:00:00:00,-58,11,1,0,1,1,1,0,0,0,0,-97,0,11,2,21317631,0,47,0,128,1,"[47,-16,2,0,0,0,0,0,0,0,-3,1,-12,5,-11,6,-11,6,-11,6,-10,6,-10,5,-9,5,-9,5,-8,5,-8,5,-7,5,-7,5,-6,5,-6,5,-5,5,-5,5,-4,6,-4,6,-4,6,-4,6,-4,6,-3,6,-3,6,-3,7,-2,7,-2,7,-1,3,-2,7,-2,7,-2,8,-2,8,-2,8,-2,8,-2,8,-2,8,-2,9,-2,9,-2,9,-3,9,-3,9,-3,9,-3,9,-4,9,-4,9,-5,9,-5,9,-6,9,-6,9,-7,8,-7,8,-7,8,-8,7,-8,7,-2,1,0,0,0,0,0,0,0,0]"
2026-06-22 03:03:16.101984,CSI_DATA,32467,1a:00:00:00:00:00,-58,11,1,0,1,1,1,0,0,0,0,-97,0,11,2,21368647,0,47,0,128,1,"[47,-16,2,0,0,0,0,0,0,0,1,-4,4,-13,3,-13,3,-12,3,-12,2,-12,2,-11,2,-10,2,-10,1,-10,1,-10,1,-9,0,-9,0,-9,-1,-9,-1,-9,-1,-8,-2,-8,-2,-8,-2,-8,-3,-8,-3,-8,-3,-8,-3,-8,-4,-8,-4,-8,-4,-8,-3,-4,-5,-8,-5,-8,-5,-8,-5,-8,-5,-8,-5,-8,-5,-8,-5,-9,-6,-9,-6,-9,-6,-9,-6,-10,-5,-10,-5,-10,-5,-10,-5,-11,-5,-11,-4,-11,-4,-11,-3,-11,-3,-11,-2,-11,-2,-12,-1,-12,0,-12,0,-12,0,-3,0,0,0,0,0,0,0,0]"
2026-06-22 03:03:16.169243,CSI_DATA,32468,1a:00:00:00:00:00,-58,11,1,0,1,1,1,0,0,0,0,-97,0,11,2,21419656,0,47,0,128,1,"[47,-16,2,0,0,0,0,0,0,0,2,-3,7,-10,7,-10,6,-10,6,-9,6,-9,5,-9,5,-8,4,-8,4,-8,3,-8,3,-8,2,-8,2,-8,1,-8,1,-8,0,-8,0,-8,-1,-8,-1,-8,-1,-8,-1,-8,-2,-8,-2,-8,-3,-8,-3,-8,-3,-9,-2,-5,-4,-9,-4,-9,-4,-9,-4,-9,-5,-9,-5,-9,-5,-10,-5,-10,-5,-10,-5,-11,-5,-11,-4,-11,-4,-11,-4,-11,-4,-12,-4,-12,-4,-12,-3,-12,-2,-12,-2,-12,-1,-12,-1,-13,0,-13,0,-13,1,-13,2,-12,0,-3,0,0,0,0,0,0,0,0]"
2026-06-22 03:03:16.202202,CSI_DATA,32469,1a:00:00:00:00:00,-58,11,1,0,1,1,1,0,0,0,0,-97,0,11,2,21470648,0,47,0,128,1,"[47,-16,2,0,0,0,0,0,0,0,-2,2,-6,10,-5,10,-5,10,-5,9,-5,9,-5,9,-4,8,-4,8,-3,8,-2,8,-2,8,-2,7,-1,7,-1,7,0,7,0,7,0,6,1,6,1,6,1,6,2,6,2,6,2,6,3,6,4,6,4,7,2,3,4,7,4,7,5,7,5,7,5,7,5,8,5,8,5,8,5,8,6,9,6,9,5,8,5,9,5,9,5,10,5,10,4,10,4,10,4,11,3,11,2,11,2,11,1,11,1,11,0,11,0,11,-1,2,0,0,0,0,0,0,0,0]"
2026-06-22 03:03:16.289904,CSI_DATA,32470,1a:00:00:00:00:00,-58,11,1,0,1,1,1,0,0,0,0,-97,0,11,2,21521633,0,47,0,128,1,"[47,-16,2,0,0,0,0,0,0,0,-3,-3,-9,-11,-9,-10,-9,-9,-9,-9,-9,-8,-8,-8,-8,-7,-8,-7,-8,-6,-8,-6,-8,-5,-8,-4,-8,-4,-8,-3,-8,-3,-8,-2,-8,-2,-8,-1,-8,-1,-8,0,-8,0,-8,0,-8,1,-8,1,-9,2,-9,2,-5,1,-9,2,-9,3,-10,3,-10,3,-10,3,-11,3,-11,3,-11,3,-11,3,-12,4,-12,4,-12,4,-12,3,-13,3,-13,3,-13,3,-14,2,-14,2,-14,1,-14,0,-14,-1,-14,-1,-14,-1,-14,-2,-13,-3,-13,-4,-4,-1,0,0,0,0,0,0,0,0]"
2026-06-22 03:03:16.302979,CSI_DATA,32471,1a:00:00:00:00:00,-58,11,1,0,1,1,1,0,0,0,0,-97,0,11,2,21572647,0,47,0,128,1,"[47,-16,2,0,0,0,0,0,0,0,0,2,0,11,1,11,1,10,1,10,1,9,1,9,1,9,1,8,1,7,2,7,2,7,3,6,3,6,3,6,3,6,4,5,4,5,4,4,4,4,4,4,5,4,5,4,5,3,6,3,6,3,7,3,3,1,7,3,7,3,8,2,8,3,8,3,9,3,9,3,9,3,9,3,9,3,9,3,9,4,9,4,9,4,9,5,9,5,9,5,9,6,9,7,8,7,8,7,8,7,7,7,7,8,6,8,6,9,1,2,0,0,0,0,0,0,0,0]"
2026-06-22 03:03:16.384788,CSI_DATA,32472,1a:00:00:00:00:00,-58,11,1,0,1,1,1,0,0,0,0,-97,0,11,2,21623641,0,47,0,128,1,"[47,-16,2,0,0,0,0,0,0,0,-1,3,-2,11,-2,11,-1,11,-1,10,-1,10,-1,9,-1,9,-1,9,0,8,0,8,1,7,1,7,2,7,2,6,2,6,2,6,3,5,3,5,3,5,4,5,4,5,4,5,4,4,5,4,6,4,6,4,3,2,6,4,7,4,7,4,7,4,7,4,8,4,8,4,8,4,8,5,8,5,9,5,8,5,8,5,8,5,8,6,8,6,8,7,8,7,7,8,7,8,7,8,6,8,6,8,6,9,5,9,4,9,1,2,0,0,0,0,0,0,0,0]"
2026-06-22 03:03:16.409677,CSI_DATA,32473,1a:00:00:00:00:00,-59,11,1,0,1,1,1,0,0,0,0,-97,0,11,2,21674644,0,47,0,128,1,"[47,-16,2,0,0,0,0,0,0,0,-4,-1,-13,-4,-12,-3,-12,-3,-12,-3,-11,-3,-10,-2,-10,-2,-9,-2,-9,-1,-9,-1,-8,0,-8,0,-8,0,-8,1,-8,1,-7,1,-7,2,-7,2,-6,2,-6,3,-6,3,-6,4,-6,4,-6,5,-6,5,-6,5,-3,2,-6,6,-6,6,-6,6,-6,7,-7,7,-7,7,-7,7,-7,7,-7,7,-7,8,-8,8,-8,8,-8,7,-9,7,-9,7,-9,7,-10,7,-10,6,-10,6,-11,5,-11,5,-11,4,-12,4,-12,3,-11,2,-11,2,-3,0,0,0,0,0,0,0,0,0]"
2026-06-22 03:03:16.494054,CSI_DATA,32474,1a:00:00:00:00:00,-59,11,1,0,1,1,1,0,0,0,0,-97,0,11,2,21725646,0,47,0,128,1,"[47,-16,2,0,0,0,0,0,0,0,-2,2,-6,11,-5,11,-5,11,-5,10,-5,10,-4,9,-4,9,-4,8,-3,8,-3,8,-2,8,-2,7,-2,7,-1,7,-1,7,0,7,0,6,1,6,1,6,1,6,1,6,2,6,2,6,3,6,3,5,3,6,2,3,4,6,4,5,4,6,5,6,5,6,5,6,5,6,5,6,5,7,6,7,6,7,6,7,5,7,5,8,5,8,5,8,5,9,5,9,4,9,4,10,3,10,3,10,2,10,2,10,1,10,0,10,0,2,0,0,0,0,0,0,0,0]"
2026-06-22 03:03:16.507609,CSI_DATA,32475,1a:00:00:00:00:00,-58,11,1,0,1,1,1,0,0,0,0,-97,0,11,2,21776663,0,47,0,128,1,"[47,-16,2,0,0,0,0,0,0,0,2,1,9,4,9,3,9,3,9,3,9,3,8,3,8,3,7,2,7,2,7,1,7,1,7,1,7,0,6,0,6,0,6,-1,6,-1,6,-2,6,-2,5,-2,5,-2,5,-2,5,-3,6,-3,6,-4,6,-4,3,-2,6,-5,6,-5,6,-5,6,-5,6,-5,6,-5,6,-5,6,-5,7,-5,7,-5,7,-5,7,-5,7,-5,7,-5,8,-5,8,-5,8,-5,8,-4,9,-4,9,-3,9,-3,9,-3,9,-2,9,-2,9,-1,9,0,2,0,0,0,0,0,0,0,0,0]"
2026-06-22 03:03:16.560970,CSI_DATA,32476,1a:00:00:00:00:00,-59,11,1,0,1,1,1,0,0,0,0,-97,0,11,2,21827661,0,47,0,128,1,"[47,-16,2,0,0,0,0,0,0,0,2,-3,9,-9,9,-9,8,-9,8,-8,7,-8,7,-8,6,-7,6,-7,5,-7,5,-7,4,-7,4,-7,3,-7,3,-7,3,-7,2,-7,1,-7,1,-6,1,-7,1,-7,0,-7,0,-7,0,-7,-1,-7,-1,-8,-1,-8,-1,-4,-2,-8,-2,-8,-2,-8,-2,-8,-2,-8,-2,-9,-2,-9,-2,-9,-2,-9,-2,-10,-2,-10,-2,-10,-2,-10,-2,-10,-1,-10,-1,-11,-1,-11,-1,-11,0,-11,1,-10,1,-11,2,-11,2,-10,2,-10,3,-10,3,-10,1,-3,0,0,0,0,0,0,0,0]"
2026-06-22 03:03:16.618684,CSI_DATA,32477,1a:00:00:00:00:00,-58,11,1,0,1,1,1,0,0,0,0,-97,0,11,2,21878649,0,47,0,128,1,"[47,-16,2,0,0,0,0,0,0,0,-1,-3,-4,-12,-4,-11,-5,-11,-5,-11,-5,-10,-4,-10,-4,-9,-5,-8,-5,-8,-5,-8,-5,-7,-5,-7,-5,-6,-6,-6,-6,-6,-6,-5,-6,-5,-6,-4,-7,-4,-7,-4,-7,-3,-7,-3,-7,-3,-8,-2,-8,-2,-9,-2,-5,-1,-9,-2,-9,-2,-9,-2,-10,-1,-10,-1,-10,-1,-10,-1,-10,-2,-10,-2,-11,-2,-11,-2,-11,-2,-11,-2,-11,-3,-11,-3,-12,-4,-12,-4,-12,-4,-11,-5,-11,-5,-11,-6,-10,-6,-10,-6,-10,-7,-10,-8,-9,-8,-3,-2,0,0,0,0,0,0,0,0]"
2026-06-22 03:03:16.660139,CSI_DATA,32478,1a:00:00:00:00:00,-59,11,1,0,1,1,1,0,0,0,0,-97,0,11,2,21929659,0,47,0,128,1,"[47,-16,2,0,0,0,0,0,0,0,-3,1,-10,6,-10,6,-9,6,-9,6,-9,6,-8,6,-7,5,-7,5,-6,5,-6,5,-5,6,-5,6,-4,6,-4,6,-3,6,-3,6,-2,6,-2,6,-2,6,-1,6,-1,6,-1,6,0,6,0,6,1,7,1,7,0,3,1,7,2,7,2,7,2,8,2,8,2,8,2,8,2,9,2,9,3,9,3,9,2,9,2,9,2,10,2,10,2,10,1,10,1,11,0,11,0,11,-1,11,-1,11,-2,11,-2,11,-3,11,-3,10,-1,2,0,0,0,0,0,0,0,0]"
2026-06-22 03:03:16.721508,CSI_DATA,32479,1a:00:00:00:00:00,-59,11,1,0,1,1,1,0,0,0,0,-97,0,11,2,21980629,0,47,0,128,1,"[47,-16,2,0,0,0,0,0,0,0,0,2,3,10,4,9,4,9,4,8,3,8,3,7,3,7,3,6,3,6,4,5,4,5,4,4,4,4,4,3,4,3,5,2,5,2,4,1,5,1,5,1,5,1,5,0,5,0,6,0,6,-1,6,-1,3,-1,6,-1,7,-2,7,-2,7,-2,7,-2,7,-2,8,-2,8,-2,8,-2,8,-2,9,-2,9,-2,9,-2,9,-2,9,-1,10,-1,10,-1,10,0,10,0,10,1,10,1,10,1,10,1,9,2,9,3,9,3,2,1,0,0,0,0,0,0,0,0]"
2026-06-22 03:03:16.762710,CSI_DATA,32480,1a:00:00:00:00:00,-60,11,1,0,1,1,1,0,0,0,0,-97,0,11,2,22031632,0,47,0,128,1,"[47,-16,2,0,0,0,0,0,0,0,-1,3,-2,12,-1,11,-1,10,-1,10,-1,10,-1,9,-1,8,-1,8,-1,7,0,7,0,7,0,6,1,6,1,5,1,5,1,5,2,4,2,4,2,4,2,3,2,3,3,3,3,3,4,3,4,3,4,3,2,1,5,2,5,2,5,2,5,2,5,2,6,2,6,2,6,3,6,3,6,3,7,3,7,3,7,3,7,3,7,4,7,4,7,4,7,5,6,5,6,6,5,6,5,6,5,6,5,6,4,7,4,7,0,1,0,0,0,0,0,0,0,0]"
2026-06-22 03:03:16.835347,CSI_DATA,32481,1a:00:00:00:00:00,-60,11,1,0,1,1,1,0,0,0,0,-97,0,11,2,22082634,0,47,0,128,1,"[47,-16,2,0,0,0,0,0,0,0,3,0,12,3,12,2,12,2,11,2,11,2,10,2,9,2,9,2,8,1,8,1,8,1,8,0,7,0,6,0,6,-1,6,-1,6,-1,5,-2,5,-2,5,-2,5,-2,5,-3,4,-3,4,-3,4,-4,4,-4,2,-2,4,-4,4,-5,4,-5,4,-5,4,-5,4,-5,4,-6,4,-6,5,-6,5,-6,5,-6,5,-6,5,-6,6,-6,6,-6,6,-6,6,-6,6,-5,7,-5,7,-4,7,-4,8,-4,8,-3,8,-3,8,-3,8,-2,2,-1,0,0,0,0,0,0,0,0]"
2026-06-22 03:03:16.866611,CSI_DATA,32482,1a:00:00:00:00:00,-59,11,1,0,1,1,1,0,0,0,0,-97,0,11,2,22133652,0,47,0,128,1,"[47,-16,2,0,0,0,0,0,0,0,1,-4,5,-14,4,-13,4,-13,4,-12,4,-12,3,-11,3,-11,3,-10,3,-10,2,-9,2,-9,1,-9,1,-9,1,-8,1,-8,0,-8,0,-7,-1,-7,-1,-7,-1,-7,-1,-7,-2,-6,-2,-6,-3,-6,-3,-6,-3,-6,-2,-3,-4,-6,-4,-6,-4,-6,-5,-6,-5,-6,-5,-6,-5,-6,-5,-7,-5,-7,-6,-7,-6,-7,-5,-7,-5,-7,-5,-8,-5,-8,-5,-8,-5,-9,-5,-9,-4,-9,-4,-9,-3,-9,-3,-9,-3,-9,-2,-10,-2,-10,-1,-10,-1,-3,0,0,0,0,0,0,0,0]"
2026-06-22 03:03:16.954632,CSI_DATA,32483,1a:00:00:00:00:00,-59,11,1,0,1,1,1,0,0,0,0,-97,0,11,2,22184629,0,47,0,128,1,"[47,-16,2,0,0,0,0,0,0,0,2,-2,9,-8,8,-8,8,-8,8,-7,7,-7,7,-7,7,-6,6,-6,6,-6,5,-6,5,-6,5,-6,4,-6,4,-6,3,-6,3,-6,3,-6,2,-6,2,-6,2,-6,2,-6,1,-6,1,-6,1,-6,0,-6,0,-7,0,-4,0,-7,0,-7,0,-7,-1,-7,0,-7,0,-7,0,-7,0,-7,0,-8,0,-8,-1,-8,0,-8,0,-8,0,-9,0,-9,0,-9,1,-9,1,-9,2,-9,2,-9,3,-8,3,-8,3,-8,4,-8,4,-8,4,-8,1,-2,0,0,0,0,0,0,0,0]"
2026-06-22 03:03:16.969567,CSI_DATA,32484,1a:00:00:00:00:00,-58,11,1,0,1,1,1,0,0,0,0,-97,0,11,2,22235652,0,47,0,128,1,"[47,-16,2,0,0,0,0,0,0,0,-2,-4,-8,-13,-8,-12,-8,-11,-8,-11,-7,-11,-7,-10,-6,-10,-6,-9,-6,-8,-6,-8,-7,-8,-7,-7,-6,-7,-6,-6,-7,-6,-7,-5,-7,-5,-6,-4,-7,-4,-7,-3,-7,-3,-7,-3,-7,-3,-7,-2,-8,-2,-8,-2,-4,-1,-8,-1,-8,-1,-8,-1,-9,-1,-9,-1,-9,-1,-10,-1,-10,-1,-10,-1,-10,-1,-10,-1,-10,-1,-10,-1,-11,-1,-11,-2,-11,-2,-11,-2,-11,-3,-11,-4,-11,-4,-11,-5,-11,-5,-10,-5,-10,-6,-10,-6,-9,-7,-3,-2,0,0,0,0,0,0,0,0]"
2026-06-22 03:03:17.060415,CSI_DATA,32485,1a:00:00:00:00:00,-59,11,1,0,1,1,1,0,0,0,0,-97,0,11,2,22286655,0,47,0,128,1,"[47,-16,2,0,0,0,0,0,0,0,-3,0,-11,2,-11,2,-10,2,-10,2,-10,2,-9,2,-9,2,-8,2,-8,2,-7,2,-7,2,-7,3,-6,3,-6,3,-6,3,-5,3,-5,3,-5,3,-4,4,-4,4,-4,4,-4,4,-4,4,-3,5,-3,5,-3,5,-2,2,-3,5,-3,6,-3,6,-3,6,-3,6,-3,6,-3,7,-3,7,-3,7,-3,7,-3,7,-3,7,-4,7,-4,7,-4,7,-4,7,-5,8,-5,7,-5,7,-6,7,-6,7,-7,7,-7,6,-7,6,-8,5,-8,5,-2,1,0,0,0,0,0,0,0,0]"
2026-06-22 03:03:17.074010,CSI_DATA,32486,1a:00:00:00:00:00,-59,11,1,0,1,1,1,0,0,0,0,-97,0,11,2,22337665,0,47,0,128,1,"[47,-16,2,0,0,0,0,0,0,0,-3,1,-10,6,-10,7,-9,6,-9,6,-8,6,-8,6,-7,5,-7,5,-6,5,-6,5,-5,5,-5,5,-4,5,-4,5,-4,5,-3,5,-2,5,-2,5,-2,5,-2,6,-1,6,-1,6,-1,6,0,6,0,6,0,6,0,3,1,7,1,7,1,7,1,7,1,7,1,8,1,8,2,8,2,8,2,9,2,9,1,9,1,9,1,9,1,9,1,10,1,10,0,10,-1,10,-1,10,-2,10,-2,10,-2,10,-3,10,-3,9,-4,9,-1,2,0,0,0,0,0,0,0,0]"
2026-06-22 03:03:17.154526,CSI_DATA,32487,1a:00:00:00:00:00,-60,11,1,0,1,1,1,0,0,0,0,-97,0,11,2,22388958,0,47,0,128,1,"[47,-16,2,0,0,0,0,0,0,0,-3,1,-10,6,-9,6,-9,6,-9,6,-8,6,-8,6,-7,5,-7,5,-6,5,-5,5,-5,5,-5,5,-4,5,-4,5,-3,5,-3,5,-2,5,-2,5,-1,5,-1,5,-1,5,-1,5,0,5,0,5,1,6,1,6,0,3,1,6,1,6,1,6,2,6,2,7,2,7,2,7,2,7,2,8,2,8,2,8,2,8,2,8,1,8,1,8,1,9,1,9,0,9,0,9,-1,9,-1,9,-2,9,-2,8,-2,8,-3,8,-3,8,-1,2,0,0,0,0,0,0,0,0]"
2026-06-22 03:03:17.171943,CSI_DATA,32488,1a:00:00:00:00:00,-61,11,1,0,1,1,1,0,0,0,0,-97,0,11,2,22439666,0,47,0,128,1,"[47,-16,2,0,0,0,0,0,0,0,-3,0,-12,3,-11,3,-11,3,-10,3,-10,3,-10,2,-9,2,-8,2,-8,2,-7,2,-7,2,-6,3,-6,3,-5,3,-5,3,-4,3,-4,3,-4,3,-3,3,-3,3,-3,4,-3,4,-2,4,-2,4,-2,4,-2,5,-1,2,-1,5,-1,5,-1,5,-1,6,-1,6,-1,6,-1,6,-1,7,-1,7,-1,7,-1,7,-1,7,-1,7,-2,7,-2,8,-2,8,-2,8,-3,8,-3,8,-4,8,-4,7,-4,7,-5,7,-5,7,-5,6,-6,6,-2,1,0,0,0,0,0,0,0,0]"
2026-06-22 03:03:17.221673,CSI_DATA,32489,1a:00:00:00:00:00,-60,11,1,0,1,1,1,0,0,0,0,-97,0,11,2,22490661,0,47,0,128,1,"[47,-16,2,0,0,0,0,0,0,0,-1,3,0,12,0,12,0,11,0,10,0,10,0,9,0,9,0,8,0,8,0,7,1,7,1,6,1,6,1,5,1,5,2,5,2,4,2,4,2,4,2,4,3,3,3,3,3,3,4,3,4,3,4,3,2,1,4,2,5,2,5,2,5,2,5,2,6,2,6,2,6,2,6,2,6,2,7,3,6,3,6,3,6,3,6,3,7,4,7,4,6,4,6,5,6,5,5,5,5,6,5,6,5,6,4,6,4,7,0,1,0,0,0,0,0,0,0,0]"
2026-06-22 03:03:17.277959,CSI_DATA,32490,1a:00:00:00:00:00,-60,11,1,0,1,1,1,0,0,0,0,-97,0,11,2,22541638,0,47,0,128,1,"[47,-16,2,0,0,0,0,0,0,0,2,2,9,8,9,8,9,7,8,7,8,7,7,6,7,6,6,6,6,5,6,4,6,4,6,4,6,3,5,3,5,2,5,2,5,1,5,1,5,1,5,0,5,0,5,0,5,-1,5,-1,5,-1,5,-2,2,-1,5,-2,5,-2,5,-3,6,-3,6,-3,6,-3,6,-3,6,-3,6,-3,6,-3,7,-3,7,-3,7,-3,7,-3,7,-3,8,-3,8,-2,8,-2,8,-1,8,-1,8,-1,8,0,8,0,8,0,8,1,7,2,1,0,0,0,0,0,0,0,0,0]"
2026-06-22 03:03:17.324450,CSI_DATA,32491,1a:00:00:00:00:00,-60,11,1,0,1,1,1,0,0,0,0,-97,0,11,2,22592651,0,47,0,128,1,"[47,-16,2,0,0,0,0,0,0,0,-2,2,-8,10,-7,10,-6,10,-6,10,-6,9,-6,9,-6,8,-5,8,-5,7,-5,7,-4,7,-4,7,-3,6,-3,6,-3,6,-2,6,-2,6,-2,6,-1,5,-1,5,-1,5,0,5,0,5,0,5,1,5,1,5,0,2,1,5,2,5,2,5,2,5,2,5,2,6,2,6,2,6,3,6,3,7,2,7,2,7,2,7,2,7,2,7,2,8,1,8,1,8,1,8,0,8,0,8,-1,8,-1,8,-2,8,-2,8,-3,8,-1,2,0,0,0,0,0,0,0,0]"
2026-06-22 03:03:17.377676,CSI_DATA,32492,1a:00:00:00:00:00,-60,11,1,0,1,1,1,0,0,0,0,-97,0,11,2,22643636,0,47,0,128,1,"[47,-16,2,0,0,0,0,0,0,0,3,0,13,0,12,0,12,0,11,-1,10,0,10,0,9,0,9,0,8,0,8,-1,8,-1,7,-2,7,-2,6,-2,6,-2,6,-2,5,-2,5,-2,5,-3,5,-3,4,-3,4,-3,4,-4,4,-4,3,-4,3,-4,1,-3,3,-5,3,-5,3,-6,3,-6,3,-6,3,-6,3,-6,3,-6,3,-6,4,-7,4,-7,4,-7,4,-7,4,-7,4,-7,5,-7,5,-7,5,-6,6,-6,6,-5,7,-5,7,-5,7,-5,7,-4,7,-4,7,-4,1,-1,0,0,0,0,0,0,0,0]"
2026-06-22 03:03:17.424126,CSI_DATA,32493,1a:00:00:00:00:00,-60,11,1,0,1,1,1,0,0,0,0,-97,0,11,2,22694631,0,47,0,128,1,"[47,-16,2,0,0,0,0,0,0,0,1,2,5,11,5,11,5,10,5,10,4,9,4,9,3,8,3,8,3,7,3,7,4,6,4,6,4,5,4,5,4,5,4,4,4,4,4,3,4,3,4,3,4,2,4,2,4,2,4,1,4,1,5,1,2,0,5,1,5,0,5,0,5,0,6,0,6,0,6,0,6,0,6,0,6,1,7,1,7,1,7,1,7,1,7,1,7,2,7,2,7,2,7,3,6,3,6,4,6,4,6,4,6,4,5,5,5,5,1,1,0,0,0,0,0,0,0,0]"
2026-06-22 03:03:17.482640,CSI_DATA,32494,1a:00:00:00:00:00,-60,11,1,0,1,1,1,0,0,0,0,-97,0,11,2,22745628,0,47,0,128,1,"[47,-16,2,0,0,0,0,0,0,0,-3,2,-9,9,-8,9,-8,9,-7,8,-7,8,-7,7,-6,7,-6,7,-6,6,-5,6,-5,6,-4,6,-4,6,-4,5,-3,5,-3,5,-2,5,-2,5,-1,5,-1,4,-1,4,-1,4,0,4,0,4,0,4,0,5,0,2,2,5,2,4,2,5,2,5,2,5,2,5,3,5,3,6,3,6,3,6,3,6,3,6,2,6,2,7,2,7,2,7,2,7,1,7,1,8,1,8,0,8,0,7,-1,7,-1,7,-2,7,-2,7,-1,1,0,0,0,0,0,0,0,0]"
2026-06-22 03:03:17.527486,CSI_DATA,32495,1a:00:00:00:00:00,-61,11,1,0,1,1,1,0,0,0,0,-97,0,11,2,22796638,0,47,0,128,1,"[47,-16,2,0,0,0,0,0,0,0,0,3,3,12,3,11,3,10,3,10,3,10,3,9,2,9,2,8,2,7,3,7,3,7,3,6,3,6,3,5,3,5,3,4,3,4,3,4,3,3,3,3,3,3,3,2,4,2,4,1,4,1,4,1,2,0,5,0,5,0,5,0,5,0,5,0,6,0,6,0,6,0,6,0,6,0,7,0,7,0,7,0,7,1,7,1,7,1,7,1,7,2,7,2,7,3,7,3,6,3,6,3,6,4,6,4,5,4,1,1,0,0,0,0,0,0,0,0]"
2026-06-22 03:03:17.603156,CSI_DATA,32496,1a:00:00:00:00:00,-61,11,1,0,1,1,1,0,0,0,0,-97,0,11,2,22847635,0,47,0,128,1,"[47,-16,2,0,0,0,0,0,0,0,0,3,1,12,1,11,1,11,1,11,1,10,1,10,0,9,0,8,0,8,1,7,1,7,1,7,1,6,1,6,1,5,2,5,2,4,2,4,2,3,2,3,2,3,3,3,3,3,3,2,3,2,3,2,2,1,4,1,4,1,4,1,5,1,5,1,5,1,5,1,5,1,5,1,6,1,6,1,6,1,6,1,6,2,6,2,6,2,6,2,6,3,6,3,6,4,6,4,5,4,5,4,5,5,5,5,4,6,1,1,0,0,0,0,0,0,0,0]"
2026-06-22 03:03:17.632334,CSI_DATA,32497,1a:00:00:00:00:00,-61,11,1,0,1,1,1,0,0,0,0,-97,0,11,2,22898630,0,47,0,128,1,"[47,-16,2,0,0,0,0,0,0,0,1,-3,7,-11,7,-11,6,-10,6,-10,6,-9,6,-9,5,-8,5,-7,4,-7,4,-7,4,-7,3,-7,3,-7,2,-6,2,-6,2,-6,1,-6,1,-5,1,-5,0,-5,0,-5,0,-5,-1,-5,-1,-5,-2,-5,-2,-5,-1,-3,-2,-5,-3,-5,-3,-5,-3,-5,-3,-5,-3,-5,-3,-5,-3,-5,-4,-6,-4,-6,-4,-6,-4,-6,-4,-6,-4,-7,-4,-7,-4,-7,-3,-7,-3,-7,-3,-8,-2,-8,-2,-8,-1,-8,-1,-8,-1,-8,0,-8,0,-8,0,-2,0,0,0,0,0,0,0,0]"
2026-06-22 03:03:17.701386,CSI_DATA,32498,1a:00:00:00:00:00,-61,11,1,0,1,1,1,0,0,0,0,-97,0,11,2,22949630,0,47,0,128,1,"[47,-16,2,0,0,0,0,0,0,0,2,1,11,5,11,4,11,4,10,4,9,4,9,4,8,4,8,3,7,3,7,2,7,2,6,2,6,1,6,1,5,1,5,1,5,0,4,0,4,0,4,-1,4,-1,4,-1,4,-2,4,-2,4,-2,3,-2,1,-2,3,-3,3,-3,3,-3,3,-4,3,-4,3,-4,3,-4,3,-4,4,-5,4,-5,4,-5,4,-5,4,-5,5,-5,5,-5,5,-5,5,-5,5,-4,6,-4,6,-4,7,-4,7,-3,7,-3,7,-2,7,-2,7,-2,1,-1,0,0,0,0,0,0,0,0]"
2026-06-22 03:03:17.734020,CSI_DATA,32499,1a:00:00:00:00:00,-61,11,1,0,1,1,1,0,0,0,0,-97,0,11,2,23000652,0,47,0,128,1,"[47,-16,2,0,0,0,0,0,0,0,3,1,12,4,11,3,11,3,11,3,10,3,9,3,8,3,8,3,7,3,7,2,7,2,7,1,6,1,6,1,5,1,5,0,5,0,4,0,4,-1,4,-1,4,-1,4,-1,3,-2,3,-2,4,-2,3,-2,1,-2,3,-3,3,-4,3,-4,3,-4,3,-4,3,-4,3,-4,3,-4,3,-5,4,-5,4,-5,4,-5,4,-5,4,-5,4,-5,5,-5,5,-5,5,-4,5,-4,6,-4,6,-3,6,-3,6,-3,6,-3,6,-2,7,-2,1,-1,0,0,0,0,0,0,0,0]"
2026-06-22 03:03:17.819224,CSI_DATA,32500,1a:00:00:00:00:00,-61,11,1,0,1,1,1,0,0,0,0,-97,0,11,2,23051641,0,47,0,128,1,"[47,-16,2,0,0,0,0,0,0,0,3,-1,13,-2,12,-2,12,-3,11,-3,11,-2,10,-2,9,-1,9,-1,8,-2,8,-2,7,-2,7,-2,6,-2,6,-2,5,-2,5,-3,4,-3,4,-3,4,-3,4,-3,3,-3,3,-3,3,-4,2,-4,2,-4,2,-4,0,-3,1,-5,1,-5,1,-5,1,-5,1,-5,1,-6,1,-6,1,-6,1,-6,1,-7,1,-7,1,-7,1,-7,1,-7,1,-7,2,-7,2,-7,2,-7,3,-7,3,-7,4,-7,4,-6,5,-6,5,-6,5,-6,5,-5,1,-2,0,0,0,0,0,0,0,0]"
2026-06-22 03:03:17.836318,CSI_DATA,32501,1a:00:00:00:00:00,-61,11,1,0,1,1,1,0,0,0,0,-97,0,11,2,23102655,0,47,0,128,1,"[47,-16,2,0,0,0,0,0,0,0,-2,-3,-8,-11,-8,-10,-8,-10,-8,-9,-8,-9,-7,-9,-7,-8,-6,-8,-6,-7,-6,-7,-6,-6,-6,-6,-6,-5,-5,-5,-5,-4,-5,-4,-5,-3,-5,-3,-5,-3,-5,-2,-5,-2,-5,-2,-5,-1,-5,-1,-5,-1,-5,-1,-3,0,-5,0,-5,0,-6,1,-6,1,-6,1,-6,1,-6,1,-6,1,-6,1,-7,1,-7,1,-7,1,-7,1,-8,1,-8,1,-8,0,-8,0,-8,0,-8,-1,-8,-1,-8,-2,-8,-2,-8,-2,-8,-3,-8,-3,-7,-4,-2,-1,0,0,0,0,0,0,0,0]"
2026-06-22 03:03:17.927935,CSI_DATA,32502,1a:00:00:00:00:00,-61,11,1,0,1,1,1,0,0,0,0,-97,0,11,2,23153645,0,47,0,128,1,"[47,-16,2,0,0,0,0,0,0,0,-2,2,-7,11,-6,11,-6,10,-6,10,-6,10,-5,9,-5,8,-5,8,-4,7,-4,7,-3,7,-3,7,-3,6,-2,6,-2,5,-1,5,-1,5,-1,5,0,4,0,4,0,4,1,4,1,4,1,3,2,4,2,4,1,2,3,3,3,3,3,3,3,3,4,3,4,3,4,3,4,3,4,4,5,4,5,4,5,4,5,4,5,4,5,5,5,5,5,5,5,6,5,6,4,6,4,7,3,7,3,7,3,7,2,7,2,7,0,1,0,0,0,0,0,0,0,0]"
2026-06-22 03:03:17.947577,CSI_DATA,32503,1a:00:00:00:00:00,-60,11,1,0,1,1,1,0,0,0,0,-97,0,11,2,23204633,0,47,0,128,1,"[47,-16,2,0,0,0,0,0,0,0,2,-3,9,-10,8,-10,7,-10,7,-9,7,-9,6,-8,6,-8,5,-7,5,-7,5,-7,4,-7,4,-7,3,-6,3,-6,3,-6,2,-6,1,-6,1,-5,1,-5,0,-5,0,-5,0,-5,-1,-5,-1,-6,-1,-5,-2,-5,-1,-3,-3,-5,-3,-5,-3,-6,-3,-6,-3,-6,-3,-6,-3,-6,-3,-7,-4,-7,-4,-7,-4,-7,-4,-8,-3,-8,-3,-8,-3,-8,-3,-8,-3,-8,-2,-9,-2,-9,-2,-9,-1,-9,0,-9,0,-9,1,-9,1,-9,1,-9,0,-3,0,0,0,0,0,0,0,0]"
2026-06-22 03:03:18.025315,CSI_DATA,32504,1a:00:00:00:00:00,-60,11,1,0,1,1,1,0,0,0,0,-97,0,11,2,23255660,0,47,0,128,1,"[47,-16,2,0,0,0,0,0,0,0,-1,3,-2,12,-1,12,-1,11,-1,11,-1,10,-1,9,-1,9,-1,8,0,8,0,7,1,7,1,7,1,6,1,6,1,5,2,5,2,4,2,4,2,3,2,3,3,3,3,3,4,3,4,2,4,2,4,2,2,1,5,2,5,1,6,1,6,1,6,1,6,1,6,1,7,2,7,2,7,2,7,2,8,2,8,2,8,2,8,3,8,3,8,3,8,4,8,5,7,5,7,5,7,6,7,5,6,6,6,6,5,7,1,1,0,0,0,0,0,0,0,0]"
2026-06-22 03:03:18.043939,CSI_DATA,32505,1a:00:00:00:00:00,-59,11,1,0,1,1,1,0,0,0,0,-97,0,11,2,23306670,0,47,0,128,1,"[47,-16,2,0,0,0,0,0,0,0,1,-3,7,-12,6,-11,6,-11,6,-11,5,-10,5,-10,5,-9,4,-9,4,-8,3,-8,3,-8,2,-8,2,-8,1,-7,1,-7,0,-7,0,-7,-1,-7,-1,-6,-1,-6,-2,-6,-2,-6,-3,-6,-3,-6,-3,-6,-3,-6,-2,-3,-4,-6,-5,-6,-5,-7,-5,-6,-5,-6,-6,-7,-6,-7,-6,-7,-6,-8,-6,-8,-6,-8,-6,-8,-6,-8,-6,-8,-6,-9,-6,-9,-6,-9,-5,-10,-5,-10,-4,-10,-4,-10,-3,-10,-3,-10,-2,-11,-2,-11,-1,-11,-1,-3,0,0,0,0,0,0,0,0]"
2026-06-22 03:03:18.091364,CSI_DATA,32506,1a:00:00:00:00:00,-59,11,1,0,1,1,1,0,0,0,0,-97,0,11,2,23357659,0,47,0,128,1,"[47,-16,2,0,0,0,0,0,0,0,0,2,0,11,0,11,0,10,0,10,0,9,0,9,0,8,0,8,0,7,1,7,1,6,1,6,1,6,2,5,2,5,2,5,2,4,2,4,3,4,3,3,3,3,3,3,3,3,4,3,4,3,5,2,2,1,5,2,5,2,6,2,6,2,6,2,6,2,6,2,6,2,7,2,7,3,7,3,7,3,7,3,7,3,7,3,7,4,7,4,7,4,7,5,7,5,7,6,6,6,6,6,6,6,5,7,5,7,1,1,0,0,0,0,0,0,0,0]"
2026-06-22 03:03:18.146497,CSI_DATA,32507,1a:00:00:00:00:00,-59,11,1,0,1,1,1,0,0,0,0,-97,0,11,2,23408654,0,47,0,128,1,"[47,-16,2,0,0,0,0,0,0,0,-1,-3,-4,-11,-4,-11,-4,-10,-4,-10,-4,-10,-3,-9,-3,-9,-3,-8,-4,-8,-4,-7,-4,-7,-4,-7,-4,-6,-4,-5,-4,-5,-4,-5,-4,-4,-5,-4,-5,-4,-5,-4,-5,-3,-5,-3,-5,-3,-6,-2,-6,-2,-6,-2,-3,-1,-6,-2,-7,-2,-7,-1,-7,-1,-7,-1,-8,-1,-8,-1,-8,-1,-8,-1,-8,-1,-8,-2,-9,-2,-9,-2,-9,-2,-9,-3,-9,-3,-9,-3,-9,-3,-9,-4,-9,-4,-9,-5,-8,-5,-8,-5,-8,-6,-8,-6,-7,-7,-2,-2,0,0,0,0,0,0,0,0]"
2026-06-22 03:03:18.194128,CSI_DATA,32508,1a:00:00:00:00:00,-58,11,1,0,1,1,1,0,0,0,0,-97,0,11,2,23459662,0,47,0,128,1,"[47,-16,2,0,0,0,0,0,0,0,-3,-3,-11,-9,-11,-9,-10,-8,-10,-8,-10,-8,-9,-7,-9,-6,-8,-6,-8,-5,-8,-5,-8,-5,-8,-4,-8,-4,-8,-3,-8,-3,-8,-2,-7,-2,-7,-1,-7,0,-7,0,-7,0,-7,0,-7,1,-7,1,-8,2,-8,2,-4,1,-8,3,-8,3,-8,3,-8,3,-8,4,-8,4,-8,4,-9,4,-9,4,-9,4,-9,4,-10,4,-10,4,-10,4,-11,4,-11,4,-11,4,-11,3,-12,3,-12,2,-12,2,-12,1,-12,1,-12,0,-12,-1,-12,-1,-3,-1,0,0,0,0,0,0,0,0]"
2026-06-22 03:03:18.253664,CSI_DATA,32509,1a:00:00:00:00:00,-58,11,1,0,1,1,1,0,0,0,0,-97,0,11,2,23510633,0,47,0,128,1,"[47,-16,2,0,0,0,0,0,0,0,2,0,10,3,10,3,10,2,10,2,9,2,9,2,8,2,8,2,8,1,7,1,7,0,7,0,7,-1,6,-1,6,-1,6,-2,6,-2,5,-2,5,-3,5,-3,5,-3,5,-3,5,-4,5,-4,5,-5,5,-5,2,-3,5,-5,5,-6,4,-6,4,-6,4,-6,5,-6,5,-7,5,-7,5,-7,6,-7,6,-7,6,-7,6,-7,6,-7,6,-7,7,-7,7,-7,7,-7,8,-6,8,-6,9,-6,9,-6,9,-5,9,-5,9,-4,10,-3,2,-1,0,0,0,0,0,0,0,0]"
2026-06-22 03:03:18.301200,CSI_DATA,32510,1a:00:00:00:00:00,-58,11,1,0,1,1,1,0,0,0,0,-97,0,11,2,23561658,0,47,0,128,1,"[47,-16,2,0,0,0,0,0,0,0,-3,-2,-10,-8,-10,-8,-10,-7,-10,-7,-9,-7,-9,-6,-9,-6,-8,-6,-8,-5,-8,-5,-8,-4,-8,-4,-8,-3,-7,-3,-7,-2,-7,-2,-7,-2,-7,-1,-7,-1,-7,-1,-7,0,-7,0,-7,0,-7,1,-7,1,-7,1,-4,0,-7,2,-7,2,-8,2,-8,2,-8,2,-8,3,-8,3,-9,3,-9,3,-9,3,-9,3,-9,3,-9,3,-9,3,-10,3,-10,2,-11,2,-11,2,-11,1,-11,1,-11,0,-11,0,-11,0,-11,-1,-12,-2,-11,-2,-3,-1,0,0,0,0,0,0,0,0]"
2026-06-22 03:03:18.360617,CSI_DATA,32511,1a:00:00:00:00:00,-58,11,1,0,1,1,1,0,0,0,0,-97,0,11,2,23612646,0,47,0,128,1,"[47,-16,2,0,0,0,0,0,0,0,-2,2,-7,10,-6,10,-6,10,-6,9,-6,9,-5,9,-5,8,-5,8,-4,8,-4,8,-4,7,-3,7,-3,7,-3,7,-2,7,-2,6,-1,6,-1,6,-1,6,-1,6,0,6,0,6,0,6,1,6,1,6,1,6,1,3,2,6,2,6,2,6,3,6,3,6,3,7,3,7,3,7,3,7,3,8,3,8,3,8,3,8,3,8,3,9,2,9,2,9,2,10,2,10,1,10,0,10,0,10,-1,10,-1,10,-2,10,-2,10,-1,2,0,0,0,0,0,0,0,0]"
2026-06-22 03:03:18.405990,CSI_DATA,32512,1a:00:00:00:00:00,-59,11,1,0,1,1,1,0,0,0,0,-97,0,11,2,23663642,0,47,0,128,1,"[47,-16,2,0,0,0,0,0,0,0,2,-2,8,-8,8,-8,7,-8,7,-8,7,-7,6,-7,6,-7,5,-6,5,-6,4,-6,4,-6,4,-6,3,-6,3,-6,2,-6,2,-6,1,-6,1,-6,1,-6,0,-6,0,-5,0,-5,0,-6,-1,-6,-1,-6,-1,-6,-1,-3,-2,-6,-2,-6,-3,-6,-3,-7,-3,-7,-3,-7,-3,-7,-3,-7,-3,-7,-4,-8,-4,-8,-3,-8,-3,-8,-3,-9,-3,-9,-3,-9,-3,-9,-3,-10,-2,-10,-2,-10,-1,-10,-1,-10,0,-10,0,-10,1,-10,1,-10,0,-3,0,0,0,0,0,0,0,0]"
2026-06-22 03:03:18.474603,CSI_DATA,32513,1a:00:00:00:00:00,-59,11,1,0,1,1,1,0,0,0,0,-97,0,11,2,23714638,0,47,0,128,1,"[47,-16,2,0,0,0,0,0,0,0,-4,-1,-13,-4,-13,-4,-13,-3,-12,-3,-12,-3,-11,-3,-10,-3,-10,-2,-9,-2,-9,-1,-9,-1,-8,-1,-8,-1,-8,0,-7,0,-7,0,-6,1,-6,1,-6,2,-6,2,-5,2,-5,2,-5,3,-5,3,-5,4,-4,4,-2,2,-4,4,-4,5,-4,5,-4,6,-4,6,-5,6,-5,6,-5,6,-5,7,-5,7,-5,7,-5,7,-5,7,-6,7,-6,8,-6,8,-7,8,-7,7,-7,7,-8,7,-8,6,-9,6,-9,6,-9,5,-10,5,-10,5,-3,1,0,0,0,0,0,0,0,0]"
2026-06-22 03:03:18.501044,CSI_DATA,32514,1a:00:00:00:00:00,-60,11,1,0,1,1,1,0,0,0,0,-97,0,11,2,23765653,0,47,0,128,1,"[47,-16,2,0,0,0,0,0,0,0,2,2,9,8,9,8,9,7,9,7,8,7,7,6,7,6,6,5,6,5,6,4,6,4,6,3,5,3,5,2,5,2,5,1,4,1,4,0,4,0,4,-1,4,-1,4,-1,4,-2,4,-2,4,-3,4,-3,2,-2,4,-4,4,-4,4,-5,4,-5,4,-5,4,-5,4,-6,5,-6,5,-6,5,-6,5,-7,5,-7,6,-7,6,-6,6,-6,7,-7,7,-6,7,-6,7,-6,8,-5,8,-5,9,-4,9,-4,9,-4,9,-3,9,-3,2,-1,0,0,0,0,0,0,0,0]"
2026-06-22 03:03:18.585728,CSI_DATA,32515,1a:00:00:00:00:00,-61,11,1,0,1,1,1,0,0,0,0,-97,0,11,2,23816880,0,47,0,128,1,"[47,-16,2,0,0,0,0,0,0,0,-1,3,-2,12,-1,12,-1,12,-1,11,-1,10,-1,10,-1,9,-1,9,-1,8,-1,7,0,7,0,7,0,6,0,6,1,5,1,5,1,4,1,4,2,3,2,3,2,3,2,2,2,2,3,1,3,1,3,1,1,0,4,0,4,0,4,0,4,-1,5,-1,5,-1,5,-1,6,-1,6,-1,6,-1,7,-1,7,-1,7,-1,7,-1,8,-1,8,0,8,0,8,0,8,1,8,1,8,1,8,2,8,2,8,2,8,3,8,4,2,1,0,0,0,0,0,0,0,0]"
2026-06-22 03:03:18.609376,CSI_DATA,32516,1a:00:00:00:00:00,-61,11,1,0,1,1,1,0,0,0,0,-97,0,11,2,23867638,0,47,0,128,1,"[47,-16,2,0,0,0,0,0,0,0,2,-2,9,-8,8,-8,8,-8,7,-8,7,-7,6,-7,6,-6,5,-6,5,-6,4,-6,4,-6,3,-6,3,-5,2,-5,2,-5,1,-5,0,-5,0,-5,0,-4,-1,-4,-1,-4,-1,-4,-2,-4,-2,-4,-3,-4,-3,-4,-2,-2,-4,-4,-4,-4,-5,-4,-5,-4,-5,-4,-5,-4,-6,-4,-6,-4,-6,-5,-6,-5,-7,-5,-7,-5,-7,-5,-7,-6,-7,-6,-7,-6,-7,-6,-7,-7,-7,-7,-6,-7,-6,-8,-6,-8,-5,-8,-5,-8,-5,-9,-4,-9,-1,-3,0,0,0,0,0,0,0,0]"
2026-06-22 03:03:18.705751,CSI_DATA,32518,1a:00:00:00:00:00,-59,11,1,0,1,1,1,0,0,0,0,-97,0,11,2,23969643,0,47,0,128,1,"[47,-16,2,0,0,0,0,0,0,0,3,-1,13,-1,13,-1,12,-2,12,-2,11,-1,10,-1,10,-1,9,-1,8,-1,8,-1,8,-2,7,-2,7,-2,6,-2,6,-3,5,-3,5,-3,4,-3,4,-4,4,-4,4,-4,3,-4,3,-4,2,-5,2,-5,2,-5,1,-3,2,-6,1,-6,1,-7,1,-7,1,-7,1,-7,1,-8,1,-8,1,-8,1,-8,1,-9,2,-9,2,-9,2,-9,2,-9,2,-9,3,-10,3,-9,4,-9,5,-9,5,-9,6,-9,6,-8,6,-8,7,-7,7,-7,1,-2,0,0,0,0,0,0,0,0]"
2026-06-22 03:03:18.803726,CSI_DATA,32519,1a:00:00:00:00:00,-60,11,1,0,1,1,1,0,0,0,0,-97,0,11,2,24021678,0,47,0,128,1,"[47,-16,2,0,0,0,0,0,0,0,-1,-4,-2,-13,-3,-12,-3,-11,-3,-11,-2,-11,-2,-10,-2,-9,-2,-9,-2,-8,-2,-8,-3,-8,-3,-8,-3,-7,-3,-7,-3,-6,-3,-6,-3,-5,-3,-5,-4,-4,-4,-4,-4,-4,-4,-4,-4,-4,-4,-3,-5,-3,-5,-3,-3,-2,-5,-3,-5,-3,-6,-2,-6,-2,-6,-2,-7,-2,-7,-2,-7,-2,-7,-2,-7,-2,-7,-2,-7,-2,-7,-3,-8,-3,-8,-3,-8,-4,-8,-4,-8,-4,-8,-5,-8,-5,-7,-5,-7,-6,-7,-6,-7,-6,-6,-7,-6,-7,-2,-2,0,0,0,0,0,0,0,0]"
2026-06-22 03:03:18.818427,CSI_DATA,32520,1a:00:00:00:00:00,-60,11,1,0,1,1,1,0,0,0,0,-97,0,11,2,24071642,0,47,0,128,1,"[47,-16,2,0,0,0,0,0,0,0,2,1,9,6,9,6,8,5,8,5,8,5,7,5,7,4,6,4,6,3,6,3,6,3,5,2,5,2,5,2,5,1,4,1,4,0,4,0,4,0,4,-1,4,-1,4,-1,4,-2,4,-2,4,-2,4,-2,2,-2,4,-3,4,-3,3,-4,4,-4,4,-4,4,-4,4,-5,4,-5,4,-5,5,-5,5,-5,5,-5,5,-5,5,-5,6,-5,6,-5,6,-5,7,-4,7,-4,7,-3,7,-3,7,-3,7,-3,7,-2,7,-1,7,-1,2,-1,0,0,0,0,0,0,0,0]"
2026-06-22 03:03:18.914011,CSI_DATA,32521,1a:00:00:00:00:00,-61,11,1,0,1,1,1,0,0,0,0,-97,0,11,2,24123733,0,47,0,128,1,"[47,-16,2,0,0,0,0,0,0,0,2,-2,10,-6,10,-6,10,-6,9,-6,9,-6,8,-5,8,-5,7,-5,6,-5,6,-5,5,-5,5,-5,4,-5,4,-5,3,-4,3,-5,2,-5,1,-5,1,-5,1,-5,1,-4,0,-4,0,-5,-1,-5,-1,-5,-1,-5,-1,-3,-2,-5,-2,-5,-3,-5,-3,-6,-3,-6,-3,-6,-3,-6,-3,-6,-4,-7,-4,-7,-4,-7,-4,-7,-4,-7,-4,-7,-4,-8,-3,-8,-3,-8,-3,-8,-2,-9,-2,-9,-1,-9,-1,-9,-1,-9,0,-9,0,-9,1,-9,0,-3,0,0,0,0,0,0,0,0]"
2026-06-22 03:03:18.929008,CSI_DATA,32522,1a:00:00:00:00:00,-62,11,1,0,1,1,1,0,0,0,0,-97,0,11,2,24173625,0,47,0,128,1,"[47,-16,2,0,0,0,0,0,0,0,-1,2,-5,8,-5,10,-3,13,-4,14,-5,12,-4,9,-4,5,-3,4,-3,5,-2,7,-1,7,0,5,-1,5,-1,4,-1,4,0,4,0,4,0,3,1,3,1,2,2,2,2,2,2,2,3,1,3,1,3,1,1,0,4,1,4,0,4,0,4,0,5,0,5,0,5,0,6,0,6,0,6,0,6,0,7,0,7,0,7,0,7,1,7,1,7,1,7,2,7,2,7,3,7,3,7,3,7,3,6,3,6,4,6,4,1,1,0,0,0,0,0,0,0,0]"
2026-06-22 03:03:18.958524,CSI_DATA,32523,1a:00:00:00:00:00,-61,11,1,0,1,1,1,0,0,0,0,-97,0,11,2,24226129,0,47,0,128,1,"[47,-16,2,0,0,0,0,0,0,0,1,2,7,9,7,8,7,7,6,7,6,7,5,6,5,6,5,6,4,5,4,4,4,4,4,3,4,3,4,2,4,2,4,1,4,1,3,0,3,0,3,0,3,-1,3,-1,3,-2,3,-2,3,-2,3,-3,1,-2,4,-3,3,-3,4,-4,4,-4,4,-4,4,-4,4,-4,5,-4,5,-5,5,-5,5,-5,6,-5,6,-5,6,-5,6,-4,6,-4,6,-4,7,-4,7,-3,7,-3,7,-2,7,-2,7,-2,7,-1,7,-1,7,0,1,0,0,0,0,0,0,0,0,0]"
2026-06-22 03:03:19.013409,CSI_DATA,32524,1a:00:00:00:00:00,-61,11,1,0,1,1,1,0,0,0,0,-97,0,11,2,24275632,0,47,0,128,1,"[47,-16,2,0,0,0,0,0,0,0,2,-1,10,-3,10,-4,9,-4,9,-4,8,-3,8,-3,7,-3,6,-3,6,-3,5,-3,5,-3,4,-3,4,-3,3,-3,3,-3,2,-4,2,-4,1,-4,1,-4,1,-4,1,-4,0,-4,0,-4,-1,-5,-1,-5,-1,-5,-1,-3,-1,-5,-2,-6,-2,-6,-2,-6,-2,-6,-2,-6,-2,-7,-2,-7,-2,-7,-2,-7,-2,-8,-2,-8,-2,-8,-2,-8,-2,-8,-2,-8,-1,-8,-1,-8,0,-8,0,-8,1,-8,1,-8,1,-8,2,-8,2,-8,2,-8,0,-2,0,0,0,0,0,0,0,0]"
2026-06-22 03:03:19.059168,CSI_DATA,32525,1a:00:00:00:00:00,-60,11,1,0,1,1,1,0,0,0,0,-97,0,11,2,24328528,0,47,0,128,1,"[47,-16,2,0,0,0,0,0,0,0,0,2,3,11,3,10,3,9,3,9,3,8,3,8,3,7,3,7,3,6,3,5,3,5,3,4,3,4,3,3,3,3,4,2,4,2,4,1,4,1,4,1,4,0,4,0,4,0,5,-1,5,-1,5,-1,2,-1,5,-2,5,-2,6,-3,6,-3,6,-3,7,-3,7,-3,7,-3,7,-3,7,-3,7,-3,8,-3,8,-3,8,-2,8,-2,8,-2,9,-2,9,-1,9,-1,8,0,8,0,8,0,8,1,8,1,8,2,7,3,1,0,0,0,0,0,0,0,0,0]"
2026-06-22 03:03:19.123713,CSI_DATA,32526,1a:00:00:00:00:00,-60,11,1,0,1,1,1,0,0,0,0,-97,0,11,2,24377655,0,47,0,128,1,"[47,-16,2,0,0,0,0,0,0,0,2,0,11,0,11,0,10,-1,10,-1,9,-1,8,-1,8,-1,7,-1,6,-1,6,-2,6,-2,5,-2,5,-2,4,-3,4,-3,3,-3,3,-4,3,-4,2,-4,2,-5,2,-5,2,-5,1,-5,1,-6,1,-6,1,-6,0,-4,0,-7,0,-7,0,-8,0,-8,0,-8,0,-8,0,-8,0,-8,0,-9,0,-9,1,-9,1,-9,1,-9,2,-9,2,-9,2,-9,2,-10,3,-9,3,-9,4,-9,4,-9,5,-8,5,-8,5,-8,6,-7,6,-7,1,-2,0,0,0,0,0,0,0,0]"
2026-06-22 03:03:19.163070,CSI_DATA,32527,1a:00:00:00:00:00,-60,11,1,0,1,1,1,0,0,0,0,-97,0,11,2,24430948,0,47,0,128,1,"[47,-16,2,0,0,0,0,0,0,0,1,2,7,8,7,8,7,7,6,7,6,6,5,6,5,5,4,5,4,4,4,3,4,3,4,2,4,2,4,1,4,1,4,0,4,0,4,-1,4,-1,4,-2,4,-2,4,-2,4,-3,4,-3,4,-4,4,-4,2,-2,5,-4,5,-5,5,-5,5,-5,5,-5,5,-5,6,-5,6,-5,6,-5,6,-5,6,-6,6,-5,7,-5,7,-5,7,-5,7,-5,7,-4,7,-4,8,-3,8,-3,8,-2,8,-2,8,-2,8,-1,8,0,8,0,2,0,0,0,0,0,0,0,0,0]"
2026-06-22 03:03:19.242555,CSI_DATA,32528,1a:00:00:00:00:00,-60,11,1,0,1,1,1,0,0,0,0,-97,0,11,2,24479639,0,47,0,128,1,"[47,-16,2,0,0,0,0,0,0,0,3,-1,12,-3,11,-3,10,-3,10,-3,9,-3,8,-3,7,-3,7,-3,6,-3,6,-3,5,-4,5,-4,4,-4,3,-4,3,-5,2,-5,2,-5,1,-5,1,-5,0,-6,0,-6,0,-6,-1,-6,-1,-7,-1,-7,-2,-7,-1,-4,-2,-7,-2,-8,-3,-8,-3,-8,-3,-9,-3,-9,-3,-9,-3,-9,-3,-9,-3,-10,-3,-10,-3,-10,-3,-10,-2,-11,-2,-10,-2,-11,-2,-11,-1,-11,0,-11,0,-10,0,-10,1,-10,1,-10,2,-10,2,-10,3,-9,0,-3,0,0,0,0,0,0,0,0]"
2026-06-22 03:03:19.266095,CSI_DATA,32529,1a:00:00:00:00:00,-59,11,1,0,1,1,1,0,0,0,0,-97,0,11,2,24533332,0,47,0,128,1,"[47,-16,2,0,0,0,0,0,0,0,-2,2,-6,9,-6,9,-5,8,-5,8,-4,8,-4,7,-4,7,-3,6,-3,6,-2,6,-1,6,-1,6,0,6,0,5,1,5,1,5,2,5,2,5,2,5,3,5,3,5,3,5,4,4,5,4,5,4,5,4,2,2,6,5,6,4,6,5,6,5,6,5,6,5,7,6,7,6,7,6,7,6,7,6,7,6,7,6,7,7,7,7,7,7,7,8,6,8,6,8,5,9,5,9,4,9,4,9,4,9,3,9,2,9,0,2,0,0,0,0,0,0,0,0]"
2026-06-22 03:03:19.359097,CSI_DATA,32530,1a:00:00:00:00:00,-58,11,1,0,1,1,1,0,0,0,0,-97,0,11,2,24581626,0,47,0,128,1,"[47,-16,2,0,0,0,0,0,0,0,1,2,6,8,7,7,7,7,7,6,6,6,6,6,5,5,5,5,5,4,5,4,6,3,6,3,6,3,6,2,6,2,6,1,6,1,6,0,6,0,6,0,6,0,6,-1,6,-1,6,-1,6,-2,7,-2,3,-1,7,-2,7,-2,7,-3,7,-3,7,-3,8,-3,8,-3,8,-3,8,-3,9,-3,9,-3,9,-3,9,-3,9,-2,9,-2,10,-2,10,-2,10,-1,10,-1,10,0,10,0,10,1,10,1,10,2,9,2,9,3,2,0,0,0,0,0,0,0,0,0]"
2026-06-22 03:03:19.377321,CSI_DATA,32531,1a:00:00:00:00:00,-58,11,1,0,1,1,1,0,0,0,0,-97,0,11,2,24635738,0,47,0,128,1,"[47,-16,2,0,0,0,0,0,0,0,2,-2,8,-8,7,-8,7,-8,7,-8,6,-8,6,-7,5,-7,5,-7,4,-7,4,-7,4,-7,3,-7,3,-6,2,-6,2,-6,2,-6,1,-6,1,-6,0,-6,0,-6,0,-6,0,-6,-1,-6,-1,-7,-1,-7,-2,-7,-1,-4,-2,-7,-2,-7,-3,-8,-3,-8,-3,-8,-3,-8,-3,-8,-3,-8,-3,-9,-3,-9,-3,-9,-3,-9,-3,-9,-3,-10,-3,-10,-3,-10,-2,-10,-2,-11,-1,-11,-1,-11,0,-11,0,-11,0,-11,1,-11,1,-11,2,-10,0,-3,0,0,0,0,0,0,0,0]"
2026-06-22 03:03:19.452764,CSI_DATA,32532,1a:00:00:00:00:00,-58,11,1,0,1,1,1,0,0,0,0,-97,0,11,2,24683635,0,47,0,128,1,"[47,-16,2,0,0,0,0,0,0,0,1,2,4,10,4,10,5,9,5,9,4,8,4,8,4,7,4,7,4,6,4,6,4,6,4,5,4,5,4,4,4,4,5,4,5,3,5,3,5,2,5,2,5,2,5,2,5,1,6,1,6,0,6,1,3,0,7,0,7,0,7,-1,7,-1,7,-1,7,-1,8,-1,8,-1,8,-1,9,0,9,-1,9,-1,9,-1,9,0,10,0,10,0,10,0,10,1,10,2,10,2,10,3,10,3,10,3,10,4,9,5,9,5,2,1,0,0,0,0,0,0,0,0]"
2026-06-22 03:03:19.467576,CSI_DATA,32533,1a:00:00:00:00:00,-58,11,1,0,1,1,1,0,0,0,0,-97,0,11,2,24736274,0,47,0,128,1,"[47,-16,2,0,0,0,0,0,0,0,-1,2,-2,11,-2,11,-1,11,-1,10,-1,10,-1,9,-1,9,-1,8,-1,8,0,8,0,7,0,7,1,7,1,7,1,6,2,6,2,5,2,5,3,5,3,5,3,5,3,5,3,5,4,5,4,5,4,5,2,2,5,4,5,4,6,4,6,4,6,4,6,5,6,5,6,5,7,5,7,5,8,5,7,5,7,5,7,6,7,6,8,6,7,7,7,7,7,8,6,8,6,8,5,8,5,9,5,9,4,9,4,10,1,2,0,0,0,0,0,0,0,0]"
2026-06-22 03:03:19.568621,CSI_DATA,32534,1a:00:00:00:00:00,-57,11,1,0,1,1,1,0,0,0,0,-97,0,11,2,24786916,0,47,0,128,1,"[47,-16,2,0,0,0,0,0,0,0,1,2,6,10,6,9,7,9,6,9,6,8,6,8,5,8,5,7,5,7,5,6,6,6,6,5,6,5,6,4,6,4,6,4,6,3,6,3,6,3,6,2,6,2,6,2,6,2,7,1,7,1,7,1,3,0,8,1,8,0,8,0,8,0,8,0,9,0,9,0,9,0,9,0,9,0,10,0,10,0,10,0,10,1,10,1,11,2,11,2,11,3,10,3,10,4,10,4,10,5,10,5,10,5,9,6,9,6,2,1,0,0,0,0,0,0,0,0]"
2026-06-22 03:03:19.584457,CSI_DATA,32535,1a:00:00:00:00:00,-56,11,1,0,1,1,1,0,0,0,0,-97,0,11,2,24840510,0,47,0,128,1,"[47,-16,2,0,0,0,0,0,0,0,3,-3,12,-9,12,-9,11,-9,11,-9,10,-9,10,-8,9,-8,9,-8,8,-8,7,-8,7,-8,7,-8,6,-8,5,-8,5,-9,5,-9,4,-9,4,-9,3,-9,3,-9,3,-9,3,-9,2,-9,2,-10,2,-10,1,-10,0,-5,1,-11,1,-11,1,-11,1,-11,1,-12,1,-12,1,-12,1,-12,1,-12,1,-13,1,-13,1,-13,1,-13,2,-13,2,-14,2,-14,3,-14,4,-14,4,-14,5,-14,5,-13,6,-13,6,-13,7,-13,7,-13,8,-12,2,-3,0,0,0,0,0,0,0,0]"
2026-06-22 03:03:19.658512,CSI_DATA,32536,1a:00:00:00:00:00,-57,11,1,0,1,1,1,0,0,0,0,-97,0,11,2,24887926,0,47,0,128,1,"[47,-16,2,0,0,0,0,0,0,0,3,-2,11,-6,11,-6,10,-6,10,-6,10,-6,9,-5,9,-5,8,-5,8,-5,7,-6,7,-6,7,-6,6,-6,6,-6,6,-6,5,-7,5,-7,4,-7,4,-7,4,-7,4,-7,4,-7,3,-7,3,-8,3,-8,3,-8,1,-4,2,-9,2,-9,2,-9,2,-9,2,-9,2,-10,2,-10,2,-10,3,-10,3,-10,3,-11,3,-11,3,-11,3,-11,3,-11,4,-11,4,-11,5,-11,5,-11,6,-10,6,-10,7,-10,7,-10,7,-10,8,-9,8,-9,2,-2,0,0,0,0,0,0,0,0]"
2026-06-22 03:03:19.681443,CSI_DATA,32537,1a:00:00:00:00:00,-56,11,1,0,1,1,1,0,0,0,0,-97,0,11,2,24942945,0,47,0,128,1,"[47,-16,2,0,0,0,0,0,0,0,-1,-4,-2,-14,-2,-14,-3,-13,-3,-13,-3,-13,-2,-12,-2,-12,-2,-11,-3,-11,-3,-10,-3,-10,-4,-10,-4,-9,-4,-9,-4,-9,-4,-8,-5,-8,-5,-8,-5,-7,-5,-7,-5,-7,-5,-7,-6,-7,-6,-6,-7,-6,-7,-7,-4,-3,-7,-6,-7,-6,-8,-6,-8,-6,-8,-6,-8,-6,-8,-6,-8,-6,-9,-6,-9,-7,-9,-7,-9,-7,-9,-7,-9,-7,-9,-8,-9,-8,-9,-8,-9,-9,-9,-9,-8,-10,-8,-10,-7,-10,-7,-10,-7,-11,-6,-11,-6,-11,-2,-3,0,0,0,0,0,0,0,0]"
2026-06-22 03:03:19.722357,CSI_DATA,32538,1a:00:00:00:00:00,-56,11,1,0,1,1,1,0,0,0,0,-97,0,11,2,24989637,0,47,0,128,1,"[47,-16,2,0,0,0,0,0,0,0,2,-2,10,-7,10,-7,9,-8,9,-7,9,-7,9,-7,8,-7,8,-6,7,-6,7,-6,7,-7,6,-7,6,-7,6,-6,5,-7,5,-7,4,-7,4,-7,4,-7,4,-7,3,-7,3,-7,3,-7,3,-7,2,-8,2,-8,1,-4,2,-8,2,-8,2,-8,1,-8,2,-9,2,-9,2,-9,2,-9,2,-9,2,-10,2,-10,2,-10,2,-10,2,-10,2,-10,3,-10,3,-10,3,-11,4,-11,4,-11,5,-10,5,-10,5,-10,6,-10,7,-9,7,-9,1,-3,0,0,0,0,0,0,0,0]"
2026-06-22 03:03:19.784499,CSI_DATA,32539,1a:00:00:00:00:00,-56,11,1,0,1,1,1,0,0,0,0,-97,0,11,2,25045359,0,47,0,128,1,"[47,-16,2,0,0,0,0,0,0,0,-2,-4,-7,-14,-8,-13,-8,-13,-8,-12,-7,-12,-7,-11,-7,-11,-7,-11,-7,-10,-7,-10,-7,-9,-7,-9,-7,-9,-7,-8,-7,-8,-7,-7,-7,-7,-7,-6,-8,-6,-8,-6,-8,-5,-8,-5,-8,-5,-8,-4,-9,-4,-9,-4,-5,-2,-9,-4,-9,-3,-10,-3,-10,-3,-10,-3,-10,-3,-10,-3,-10,-3,-11,-3,-11,-3,-11,-3,-11,-3,-11,-3,-12,-4,-12,-4,-12,-4,-12,-5,-12,-5,-12,-6,-12,-6,-11,-7,-11,-7,-11,-7,-11,-8,-11,-8,-10,-9,-3,-3,0,0,0,0,0,0,0,0]"
2026-06-22 03:03:19.824567,CSI_DATA,32540,1a:00:00:00:00:00,-56,11,1,0,1,1,1,0,0,0,0,-97,0,11,2,25091654,0,47,0,128,1,"[47,-16,2,0,0,0,0,0,0,0,2,-3,10,-11,9,-11,9,-11,9,-11,8,-10,8,-10,8,-9,7,-9,7,-9,7,-9,6,-9,6,-9,5,-9,5,-9,5,-9,4,-9,3,-9,3,-9,3,-8,3,-8,3,-8,2,-8,2,-8,2,-9,1,-9,1,-9,0,-5,0,-9,0,-9,0,-9,0,-10,0,-10,0,-10,0,-10,0,-10,0,-11,0,-11,0,-11,0,-11,0,-11,0,-12,0,-12,1,-12,1,-12,1,-12,2,-12,3,-12,3,-12,4,-12,4,-12,4,-12,5,-12,6,-12,1,-3,0,0,0,0,0,0,0,0]"
2026-06-22 03:03:19.887455,CSI_DATA,32541,1a:00:00:00:00:00,-58,11,1,0,1,1,1,0,0,0,0,-97,0,11,2,25147755,0,47,0,128,1,"[47,-16,2,0,0,0,0,0,0,0,2,-2,11,-6,11,-7,11,-7,11,-6,10,-6,10,-6,9,-6,9,-5,8,-5,8,-5,8,-5,7,-6,7,-6,7,-5,6,-5,6,-6,5,-6,5,-6,4,-6,4,-6,4,-6,4,-6,3,-6,3,-6,3,-6,3,-6,1,-4,3,-7,2,-7,2,-7,2,-7,2,-7,2,-8,2,-8,2,-8,2,-8,2,-8,2,-9,2,-9,2,-9,3,-9,3,-9,3,-9,3,-9,4,-9,4,-9,4,-9,5,-9,6,-9,6,-9,6,-9,7,-8,7,-8,1,-2,0,0,0,0,0,0,0,0]"
2026-06-22 03:03:19.929091,CSI_DATA,32542,1a:00:00:00:00:00,-58,11,1,0,1,1,1,0,0,0,0,-97,0,11,2,25193652,0,47,0,128,1,"[47,-16,2,0,0,0,0,0,0,0,1,3,4,14,5,13,5,13,4,13,4,12,3,12,3,11,3,10,3,10,3,9,3,9,3,9,3,8,3,8,3,7,3,7,3,6,3,6,4,6,4,5,4,5,4,5,4,5,4,4,5,4,5,4,2,2,5,3,5,3,6,3,6,3,6,3,6,3,6,3,7,3,7,3,7,3,7,4,7,4,7,4,8,4,8,5,8,5,8,5,7,5,7,6,7,7,7,7,7,7,6,7,6,8,5,9,5,9,1,2,0,0,0,0,0,0,0,0]"
2026-06-22 03:03:20.015744,CSI_DATA,32543,1a:00:00:00:00:00,-59,11,1,0,1,1,1,0,0,0,0,-97,0,11,2,25250137,0,47,0,128,1,"[47,-16,2,0,0,0,0,0,0,0,-1,3,-4,11,-3,11,-3,11,-3,10,-3,10,-3,9,-3,9,-3,9,-3,8,-2,8,-2,8,-2,7,-1,7,-1,6,-1,6,0,6,0,6,0,5,0,5,1,5,1,5,1,5,1,5,2,5,2,5,2,5,1,2,3,4,3,4,3,4,3,5,3,5,4,5,4,5,4,5,4,5,4,6,4,6,4,5,4,6,4,6,4,6,4,7,4,7,4,7,3,7,3,8,2,8,2,8,2,8,2,8,1,9,0,9,0,2,0,0,0,0,0,0,0,0]"
2026-06-22 03:03:20.029782,CSI_DATA,32544,1a:00:00:00:00:00,-58,11,1,0,1,1,1,0,0,0,0,-97,0,11,2,25295656,0,47,0,128,1,"[47,-16,2,0,0,0,0,0,0,0,-1,2,-3,11,-3,11,-3,11,-3,10,-3,10,-2,9,-2,9,-2,8,-2,8,-1,8,-1,7,-1,7,0,7,0,6,0,6,1,6,1,6,1,5,2,5,2,5,2,5,2,5,3,5,3,4,3,4,4,4,2,2,4,4,4,4,5,4,5,4,5,4,5,5,5,5,5,5,6,5,6,5,6,5,6,5,6,5,6,5,6,6,6,6,6,7,6,7,5,7,5,8,4,8,4,8,4,8,3,8,3,8,2,9,0,2,0,0,0,0,0,0,0,0]"
2026-06-22 03:03:20.132548,CSI_DATA,32546,1a:00:00:00:00:00,-59,11,1,0,1,1,1,0,0,0,0,-97,0,11,2,25397653,0,47,0,128,1,"[47,-16,2,0,0,0,0,0,0,0,-3,0,-12,2,-12,2,-11,2,-11,2,-11,2,-10,2,-9,2,-9,2,-9,2,-8,2,-8,2,-7,2,-7,3,-7,3,-6,3,-6,3,-6,3,-5,3,-5,3,-5,4,-5,4,-4,4,-4,4,-4,4,-4,5,-4,5,-2,2,-3,5,-3,5,-3,6,-3,6,-3,6,-3,6,-3,6,-3,6,-3,7,-3,7,-4,7,-4,7,-4,7,-4,7,-5,7,-5,7,-5,7,-6,7,-6,7,-6,6,-7,6,-7,6,-7,6,-8,6,-8,5,-8,5,-2,1,0,0,0,0,0,0,0,0]"
2026-06-22 03:03:20.236985,CSI_DATA,32548,1a:00:00:00:00:00,-58,11,1,0,1,1,1,0,0,0,0,-97,0,11,2,25500095,0,47,0,128,1,"[47,-16,2,0,0,0,0,0,0,0,-4,-1,-13,-1,-12,-1,-12,0,-12,0,-11,0,-10,-1,-10,-1,-9,0,-9,0,-9,0,-8,1,-8,1,-8,1,-7,1,-7,1,-7,2,-6,2,-6,2,-6,2,-6,3,-6,3,-5,3,-5,3,-5,4,-5,4,-5,5,-3,2,-5,5,-5,5,-5,5,-5,5,-5,6,-5,6,-5,6,-5,6,-5,6,-5,6,-6,6,-6,6,-6,6,-6,6,-7,6,-7,6,-7,6,-7,6,-8,6,-8,5,-9,5,-9,5,-9,4,-9,4,-10,4,-10,3,-3,0,0,0,0,0,0,0,0,0]"
2026-06-22 03:03:20.285454,CSI_DATA,32549,1a:00:00:00:00:00,-57,11,1,0,1,1,1,0,0,0,0,-97,0,11,2,25550656,0,47,0,128,1,"[47,-16,2,0,0,0,0,0,0,0,2,2,10,9,10,9,10,8,9,8,9,8,8,7,8,7,8,6,8,6,8,5,8,5,8,4,7,3,7,3,7,3,7,2,7,1,7,1,7,1,7,0,7,0,7,0,7,-1,7,-1,8,-2,8,-2,4,-1,8,-2,8,-3,8,-3,8,-3,8,-3,9,-3,9,-3,9,-3,9,-3,10,-3,10,-3,10,-3,10,-3,10,-3,11,-3,11,-2,11,-2,11,-2,12,-1,11,0,11,0,12,1,12,1,12,1,11,2,11,3,2,0,0,0,0,0,0,0,0,0]"
2026-06-22 03:03:20.343631,CSI_DATA,32550,1a:00:00:00:00:00,-58,11,1,0,1,1,1,0,0,0,0,-97,0,11,2,25601658,0,47,0,128,1,"[47,-16,2,0,0,0,0,0,0,0,2,-2,9,-8,9,-8,8,-8,8,-8,8,-7,7,-7,7,-7,6,-7,6,-6,5,-6,5,-7,5,-7,4,-7,4,-6,4,-6,3,-7,3,-6,2,-6,2,-6,2,-6,2,-6,1,-7,1,-7,0,-7,0,-7,0,-7,0,-4,0,-8,0,-8,-1,-8,-1,-8,-1,-8,-1,-8,-1,-8,-1,-9,-1,-9,-1,-9,-1,-10,-1,-10,-1,-10,-1,-10,0,-10,0,-10,0,-10,0,-10,1,-10,2,-11,2,-11,3,-10,3,-10,3,-10,4,-10,4,-9,1,-3,0,0,0,0,0,0,0,0]"
2026-06-22 03:03:20.387328,CSI_DATA,32551,1a:00:00:00:00:00,-59,11,1,0,1,1,1,0,0,0,0,-97,0,11,2,25652620,0,47,0,128,1,"[47,-16,2,0,0,0,0,0,0,0,2,-3,7,-9,7,-9,7,-9,6,-9,6,-8,6,-8,5,-7,5,-7,5,-7,4,-7,4,-7,4,-7,3,-7,3,-7,2,-6,2,-7,1,-7,1,-6,1,-6,1,-6,1,-6,0,-6,0,-6,0,-7,-1,-7,-1,-7,-1,-4,-1,-7,-1,-7,-2,-7,-2,-7,-2,-7,-2,-8,-2,-8,-2,-8,-2,-8,-2,-8,-2,-9,-1,-9,-1,-9,-1,-9,-1,-9,-1,-9,-1,-10,0,-10,0,-10,1,-9,2,-10,2,-10,2,-9,3,-9,3,-9,4,-9,1,-3,0,0,0,0,0,0,0,0]"
2026-06-22 03:03:20.452773,CSI_DATA,32552,1a:00:00:00:00:00,-59,11,1,0,1,1,1,0,0,0,0,-97,0,11,2,25705182,0,47,0,128,1,"[47,-16,2,0,0,0,0,0,0,0,1,2,7,8,7,8,7,7,7,7,7,7,6,7,5,6,5,6,5,5,5,5,5,5,5,5,5,4,5,4,5,4,5,3,5,2,5,2,5,2,5,2,5,2,5,1,5,1,5,0,5,0,5,0,2,0,5,0,5,0,5,0,6,-1,6,-1,6,-1,6,0,6,0,6,0,6,0,7,0,7,0,7,0,7,0,7,0,7,1,7,1,7,1,7,2,7,2,7,3,7,3,7,3,7,3,6,4,6,4,1,1,0,0,0,0,0,0,0,0]"
2026-06-22 03:03:20.486978,CSI_DATA,32553,1a:00:00:00:00:00,-59,11,1,0,1,1,1,0,0,0,0,-97,0,11,2,25754652,0,47,0,128,1,"[47,-16,2,0,0,0,0,0,0,0,-1,3,-1,14,0,13,0,13,0,12,0,12,-1,11,-1,10,0,10,0,9,0,9,0,9,0,8,0,8,1,8,1,7,1,7,1,6,1,6,2,6,2,5,2,5,2,5,2,5,3,5,3,5,3,5,1,2,4,4,4,4,4,4,4,4,4,4,4,4,4,4,4,4,4,4,4,5,5,5,5,5,5,5,4,5,4,5,4,6,4,6,4,6,4,7,3,7,3,7,2,7,2,7,2,7,1,8,1,8,0,2,0,0,0,0,0,0,0,0]"
2026-06-22 03:03:20.590660,CSI_DATA,32555,1a:00:00:00:00:00,-60,11,1,0,1,1,1,0,0,0,0,-97,0,11,2,25856661,0,47,0,128,1,"[47,-16,2,0,0,0,0,0,0,0,-3,-1,-12,-4,-12,-3,-11,-3,-11,-3,-10,-3,-10,-3,-9,-3,-9,-3,-8,-2,-8,-2,-8,-2,-8,-2,-8,-1,-7,-1,-7,-1,-7,-1,-6,-1,-6,0,-6,0,-6,0,-6,1,-6,1,-6,1,-6,1,-6,2,-6,2,-3,1,-6,2,-6,2,-5,3,-5,3,-6,3,-6,3,-6,3,-6,3,-6,3,-6,3,-6,3,-6,3,-7,3,-7,3,-7,3,-7,3,-7,3,-7,2,-7,2,-8,1,-8,1,-8,1,-8,0,-8,0,-8,0,-8,-1,-2,-1,0,0,0,0,0,0,0,0]"
2026-06-22 03:03:20.660383,CSI_DATA,32556,1a:00:00:00:00:00,-60,11,1,0,1,1,1,0,0,0,0,-97,0,11,2,25908589,0,47,0,128,1,"[47,-16,2,0,0,0,0,0,0,0,2,0,11,2,10,2,10,1,10,1,9,2,8,2,8,2,7,2,7,1,7,1,7,1,6,0,6,0,6,0,5,0,5,-1,5,-1,5,-1,4,-1,4,-2,4,-2,4,-2,4,-2,4,-3,4,-3,4,-3,2,-2,4,-3,4,-4,4,-4,4,-4,4,-4,4,-4,4,-4,4,-4,4,-4,4,-4,4,-5,5,-5,5,-5,5,-4,5,-4,5,-4,6,-4,6,-3,6,-3,6,-2,6,-2,7,-2,7,-2,7,-1,6,-1,6,0,1,0,0,0,0,0,0,0,0,0]"
2026-06-22 03:03:20.692613,CSI_DATA,32557,1a:00:00:00:00:00,-61,11,1,0,1,1,1,0,0,0,0,-97,0,11,2,25958632,0,47,0,128,1,"[47,-16,2,0,0,0,0,0,0,0,-3,-3,-9,-11,-9,-11,-9,-10,-8,-10,-7,-9,-7,-9,-6,-8,-6,-8,-6,-8,-6,-7,-6,-7,-5,-7,-5,-6,-5,-5,-5,-5,-5,-5,-5,-4,-5,-4,-5,-3,-5,-3,-5,-3,-5,-2,-5,-2,-5,-2,-5,-1,-5,-2,-3,-1,-5,-1,-5,-1,-5,0,-5,0,-6,0,-6,0,-6,0,-6,0,-6,0,-6,0,-7,0,-7,0,-7,-1,-7,-1,-7,-1,-7,-1,-7,-1,-7,-2,-7,-2,-7,-3,-7,-3,-7,-3,-7,-4,-7,-4,-6,-4,-6,-5,-2,-2,0,0,0,0,0,0,0,0]"
2026-06-22 03:03:20.776342,CSI_DATA,32558,1a:00:00:00:00:00,-62,11,1,0,1,1,1,0,0,0,0,-97,0,11,2,26009819,0,47,0,128,1,"[47,-16,2,0,0,0,0,0,0,0,3,-1,12,-3,12,-3,12,-4,11,-3,11,-3,10,-2,9,-2,9,-2,8,-2,8,-2,7,-2,7,-2,6,-2,6,-2,5,-2,5,-2,4,-2,4,-3,4,-3,3,-3,3,-3,3,-3,2,-3,2,-4,2,-4,2,-4,1,-2,1,-4,1,-4,1,-4,1,-4,1,-5,1,-5,1,-5,1,-5,1,-5,1,-5,1,-6,1,-6,1,-6,1,-6,2,-6,2,-6,2,-6,2,-6,3,-6,3,-5,3,-5,4,-6,4,-5,4,-5,4,-5,4,-4,1,-1,0,0,0,0,0,0,0,0]"
2026-06-22 03:03:20.798708,CSI_DATA,32559,1a:00:00:00:00:00,-62,11,1,0,1,1,1,0,0,0,0,-97,0,11,2,26060646,0,47,0,128,1,"[47,-16,2,0,0,0,0,0,0,0,-3,2,-8,10,-8,10,-8,9,-7,9,-7,8,-7,8,-7,7,-6,7,-6,6,-6,6,-5,6,-5,6,-4,5,-4,5,-4,5,-3,4,-2,4,-2,4,-2,4,-2,4,-1,3,-1,3,-1,3,0,3,0,3,0,3,0,1,1,3,1,3,1,3,2,3,2,3,2,3,2,3,2,3,2,4,3,4,3,4,3,4,2,4,2,4,3,5,3,5,2,5,2,5,2,5,1,6,1,6,1,6,0,6,0,6,-1,6,-1,6,-1,1,0,0,0,0,0,0,0,0]"
2026-06-22 03:03:20.882237,CSI_DATA,32560,1a:00:00:00:00:00,-61,11,1,0,1,1,1,0,0,0,0,-97,0,11,2,26112210,0,47,0,128,1,"[47,-16,2,0,0,0,0,0,0,0,-3,-2,-12,-6,-12,-6,-11,-5,-11,-5,-10,-5,-10,-5,-9,-5,-8,-4,-8,-4,-8,-3,-7,-3,-7,-3,-7,-2,-6,-2,-6,-2,-6,-1,-5,-1,-5,-1,-5,0,-5,0,-4,0,-4,1,-4,1,-4,2,-4,2,-4,2,-2,1,-4,3,-3,3,-3,3,-3,4,-3,4,-3,4,-4,4,-4,5,-4,5,-4,5,-4,5,-4,5,-4,5,-4,5,-5,5,-5,5,-5,5,-5,5,-6,5,-6,5,-6,4,-7,4,-7,4,-7,4,-7,3,-7,3,-2,0,0,0,0,0,0,0,0,0]"
2026-06-22 03:03:20.895596,CSI_DATA,32561,1a:00:00:00:00:00,-61,11,1,0,1,1,1,0,0,0,0,-97,0,11,2,26162629,0,47,0,128,1,"[47,-16,2,0,0,0,0,0,0,0,3,0,13,1,13,1,12,1,12,1,11,1,11,1,10,2,9,1,9,1,8,1,8,0,7,0,7,0,7,0,6,-1,6,-1,5,-1,5,-1,4,-2,4,-2,4,-2,4,-2,4,-2,3,-3,3,-3,3,-3,1,-2,3,-4,3,-4,3,-4,2,-5,2,-5,3,-5,3,-5,3,-5,3,-5,3,-6,3,-6,4,-6,4,-6,4,-6,4,-6,4,-6,4,-6,5,-6,5,-5,5,-5,6,-5,6,-4,6,-4,6,-4,7,-4,7,-3,1,-1,0,0,0,0,0,0,0,0]"
2026-06-22 03:03:20.989732,CSI_DATA,32562,1a:00:00:00:00:00,-61,11,1,0,1,1,1,0,0,0,0,-97,0,11,2,26213632,0,47,0,128,1,"[47,-16,2,0,0,0,0,0,0,0,0,-4,0,-15,0,-14,0,-14,0,-13,0,-13,0,-12,0,-11,0,-11,0,-10,0,-9,-1,-9,-1,-9,-1,-8,-1,-8,-1,-7,-1,-7,-1,-6,-2,-6,-2,-5,-2,-5,-2,-5,-3,-5,-3,-4,-3,-4,-3,-4,-4,-4,-2,-2,-4,-4,-4,-3,-4,-3,-4,-3,-5,-3,-5,-3,-5,-2,-5,-3,-5,-3,-6,-3,-6,-3,-6,-3,-6,-3,-6,-3,-6,-4,-6,-4,-7,-4,-6,-4,-6,-5,-6,-5,-6,-5,-6,-6,-6,-6,-6,-6,-5,-7,-5,-7,-1,-2,0,0,0,0,0,0,0,0]"
2026-06-22 03:03:21.006333,CSI_DATA,32563,1a:00:00:00:00:00,-60,11,1,0,1,1,1,0,0,0,0,-97,0,11,2,26264640,0,47,0,128,1,"[47,-16,2,0,0,0,0,0,0,0,-2,2,-8,11,-7,11,-7,10,-7,10,-7,9,-7,9,-7,8,-6,8,-6,7,-5,7,-5,7,-4,7,-4,6,-3,6,-3,6,-3,6,-2,6,-2,5,-2,5,-2,5,-1,5,-1,5,-1,5,0,5,0,5,0,5,0,2,1,5,1,5,1,5,1,5,1,5,2,5,2,5,2,6,2,6,2,6,2,6,2,6,2,6,2,6,1,7,1,7,1,7,1,7,0,8,0,8,-1,8,-1,8,-1,8,-2,8,-2,7,-3,7,-1,1,0,0,0,0,0,0,0,0]"
2026-06-22 03:03:21.056647,CSI_DATA,32564,1a:00:00:00:00:00,-60,11,1,0,1,1,1,0,0,0,0,-97,0,11,2,26315642,0,47,0,128,1,"[47,-16,2,0,0,0,0,0,0,0,2,-3,9,-10,8,-10,8,-10,8,-10,7,-9,7,-9,7,-8,6,-8,6,-7,5,-7,5,-7,4,-7,4,-7,3,-6,3,-6,3,-6,2,-6,2,-6,1,-6,1,-6,1,-5,1,-5,0,-6,0,-6,-1,-6,-1,-6,-1,-3,-1,-6,-2,-6,-2,-6,-2,-6,-2,-6,-2,-6,-2,-7,-3,-7,-3,-7,-3,-8,-3,-8,-3,-8,-3,-8,-3,-8,-3,-8,-2,-8,-2,-8,-2,-9,-1,-9,0,-9,0,-9,0,-9,1,-9,1,-9,2,-9,2,-9,0,-3,0,0,0,0,0,0,0,0]"
2026-06-22 03:03:21.110629,CSI_DATA,32565,1a:00:00:00:00:00,-60,11,1,0,1,1,1,0,0,0,0,-97,0,11,2,26369079,0,47,0,128,1,"[47,-16,2,0,0,0,0,0,0,0,2,-2,10,-6,10,-6,9,-6,9,-6,9,-5,8,-5,8,-5,7,-4,7,-4,7,-4,6,-4,6,-4,6,-4,5,-4,5,-4,5,-4,4,-4,4,-4,3,-4,3,-4,3,-4,3,-4,2,-4,2,-4,2,-4,2,-5,1,-3,2,-5,1,-5,1,-5,1,-5,1,-5,1,-5,1,-5,1,-5,1,-6,1,-6,1,-6,1,-6,1,-6,2,-6,2,-6,2,-6,2,-6,2,-6,3,-6,3,-6,3,-6,4,-5,4,-5,4,-5,5,-5,5,-5,1,-1,0,0,0,0,0,0,0,0]"
2026-06-22 03:03:21.152526,CSI_DATA,32566,1a:00:00:00:00:00,-60,11,1,0,1,1,1,0,0,0,0,-97,0,11,2,26417666,0,47,0,128,1,"[47,-16,2,0,0,0,0,0,0,0,-1,3,-2,15,-2,15,-2,14,-2,13,-2,13,-3,12,-3,11,-2,11,-2,10,-2,10,-2,10,-2,9,-2,9,-1,8,-1,8,0,7,0,7,0,7,0,6,0,6,0,6,1,5,1,5,1,5,1,5,1,5,1,2,2,4,2,4,2,4,3,4,3,4,3,4,3,4,3,4,3,4,4,4,4,4,4,4,4,4,4,4,4,5,4,5,4,5,4,6,3,6,3,6,3,6,2,6,2,6,2,7,1,7,1,7,0,1,0,0,0,0,0,0,0,0]"
2026-06-22 03:03:21.210027,CSI_DATA,32567,1a:00:00:00:00:00,-59,11,1,0,1,1,1,0,0,0,0,-97,0,11,2,26468655,0,47,0,128,1,"[47,-16,2,0,0,0,0,0,0,0,2,-2,10,-8,10,-8,9,-8,9,-8,9,-7,8,-7,8,-6,7,-6,7,-6,6,-6,6,-6,6,-6,5,-6,5,-6,5,-6,4,-6,4,-5,3,-5,3,-5,3,-5,3,-5,2,-5,2,-5,2,-6,2,-6,1,-6,0,-3,1,-6,1,-6,0,-6,0,-6,0,-6,0,-7,0,-7,0,-7,0,-7,0,-7,0,-7,0,-7,1,-8,1,-8,1,-8,1,-8,1,-8,1,-8,2,-8,2,-8,3,-7,3,-7,3,-7,3,-7,4,-7,4,-7,1,-2,0,0,0,0,0,0,0,0]"
2026-06-22 03:03:21.256343,CSI_DATA,32568,1a:00:00:00:00:00,-59,11,1,0,1,1,1,0,0,0,0,-97,0,11,2,26519649,0,47,0,128,1,"[47,-16,2,0,0,0,0,0,0,0,0,-4,0,-14,0,-14,-1,-13,0,-13,0,-12,0,-11,0,-11,0,-10,0,-10,0,-10,0,-10,-1,-9,-1,-9,-1,-8,-1,-8,-1,-8,-1,-8,-2,-7,-2,-7,-2,-7,-2,-6,-2,-6,-2,-6,-3,-6,-3,-6,-3,-6,-2,-3,-4,-5,-4,-5,-4,-5,-4,-5,-4,-5,-4,-5,-4,-5,-4,-5,-4,-6,-5,-6,-5,-6,-5,-6,-5,-6,-5,-6,-5,-6,-5,-6,-4,-7,-4,-7,-4,-7,-3,-8,-3,-8,-3,-8,-3,-8,-2,-8,-2,-8,-1,-8,-1,-2,0,0,0,0,0,0,0,0]"
2026-06-22 03:03:21.325768,CSI_DATA,32569,1a:00:00:00:00:00,-59,11,1,0,1,1,1,0,0,0,0,-97,0,11,2,26571038,0,47,0,128,1,"[47,-16,2,0,0,0,0,0,0,0,0,3,2,12,3,12,3,11,3,11,2,11,2,10,2,10,2,9,2,9,2,8,2,8,2,8,2,7,2,7,2,6,2,6,2,6,2,5,2,5,2,5,2,5,3,4,3,4,3,4,3,4,4,4,2,2,4,3,4,3,4,3,4,3,4,3,4,3,5,3,5,3,5,3,5,3,5,3,5,3,5,3,5,4,5,4,5,4,5,4,5,5,5,5,4,6,4,6,4,6,4,6,3,6,3,7,2,7,0,1,0,0,0,0,0,0,0,0]"
2026-06-22 03:03:21.351777,CSI_DATA,32570,1a:00:00:00:00:00,-59,11,1,0,1,1,1,0,0,0,0,-97,0,11,2,26621643,0,47,0,128,1,"[47,-16,2,0,0,0,0,0,0,0,2,2,10,8,10,8,10,7,9,7,9,7,8,7,7,7,7,7,7,6,7,5,7,5,7,5,7,5,6,4,6,4,6,4,6,3,6,3,5,3,5,3,5,2,5,2,5,2,5,1,5,1,5,1,2,0,5,1,5,0,5,0,5,0,5,0,5,0,6,0,6,0,6,0,6,0,6,-1,6,-1,6,-1,6,-1,6,0,6,0,7,0,7,1,7,1,7,2,7,2,7,2,7,2,7,3,6,3,6,3,1,0,0,0,0,0,0,0,0,0]"
2026-06-22 03:03:21.418498,CSI_DATA,32571,1a:00:00:00:00:00,-59,11,1,0,1,1,1,0,0,0,0,-97,0,11,2,26672649,0,47,0,128,1,"[47,-16,2,0,0,0,0,0,0,0,2,1,11,4,10,3,10,3,10,3,9,3,9,3,8,3,8,3,7,3,7,2,7,2,7,2,7,2,6,2,6,2,6,1,6,1,5,1,5,1,5,1,5,0,5,0,5,0,5,0,5,-1,5,-1,2,-1,4,-1,4,-1,5,-2,5,-2,5,-2,5,-2,5,-2,5,-2,5,-2,5,-2,5,-2,5,-2,5,-2,5,-2,5,-2,6,-2,6,-2,6,-2,6,-1,6,-1,6,-1,6,0,6,0,6,0,6,1,6,1,1,0,0,0,0,0,0,0,0,0]"
2026-06-22 03:03:21.456754,CSI_DATA,32572,1a:00:00:00:00:00,-60,11,1,0,1,1,1,0,0,0,0,-97,0,11,2,26723646,0,47,0,128,1,"[47,-16,2,0,0,0,0,0,0,0,0,-4,2,-13,2,-13,1,-13,2,-12,2,-12,2,-11,2,-10,2,-10,1,-10,1,-9,1,-9,1,-9,1,-8,0,-8,0,-8,0,-7,0,-7,0,-7,0,-6,0,-6,-1,-6,-1,-6,-1,-6,-1,-6,-2,-5,-2,-5,-1,-3,-2,-5,-2,-5,-3,-5,-3,-5,-3,-5,-3,-5,-3,-5,-3,-5,-3,-5,-3,-5,-3,-5,-4,-5,-4,-6,-3,-6,-3,-6,-3,-6,-3,-6,-3,-7,-3,-7,-2,-7,-2,-7,-2,-7,-2,-7,-1,-7,-1,-7,0,-8,0,-2,0,0,0,0,0,0,0,0]"
2026-06-22 03:03:21.564643,CSI_DATA,32574,1a:00:00:00:00:00,-61,11,1,0,1,1,1,0,0,0,0,-97,0,11,2,26825656,0,47,0,128,1,"[47,-16,2,0,0,0,0,0,0,0,-1,-4,-2,-13,-2,-12,-2,-12,-1,-12,-1,-11,-1,-11,-1,-10,-1,-10,-1,-9,-1,-9,-1,-9,-1,-8,-1,-8,-1,-7,-1,-7,-1,-7,-1,-6,-1,-6,-1,-5,-1,-5,-1,-5,-2,-4,-2,-4,-2,-4,-2,-4,-2,-4,-2,-2,-3,-3,-3,-3,-3,-3,-3,-3,-3,-3,-3,-3,-3,-3,-3,-3,-3,-3,-4,-3,-4,-3,-4,-3,-4,-3,-4,-3,-4,-4,-4,-4,-4,-4,-4,-4,-4,-4,-4,-4,-4,-5,-3,-5,-3,-5,-3,-5,-3,-5,-3,-6,-1,-2,0,0,0,0,0,0,0,0]"
2026-06-22 03:03:21.641763,CSI_DATA,32575,1a:00:00:00:00:00,-61,11,1,0,1,1,1,0,0,0,0,-97,0,11,2,26876643,0,47,0,128,1,"[47,-16,2,0,0,0,0,0,0,0,-2,-3,-6,-12,-6,-11,-6,-11,-6,-10,-5,-10,-5,-10,-5,-9,-4,-8,-4,-8,-4,-8,-4,-7,-4,-7,-4,-6,-4,-6,-4,-6,-4,-5,-4,-5,-4,-4,-4,-4,-4,-4,-4,-3,-4,-3,-4,-3,-4,-3,-4,-2,-4,-2,-2,-1,-4,-2,-5,-2,-5,-1,-5,-1,-5,-1,-5,-1,-5,-1,-5,-1,-5,-1,-5,-1,-6,-1,-6,-1,-6,-1,-6,-1,-6,-2,-6,-2,-6,-2,-6,-2,-6,-2,-6,-3,-6,-3,-6,-3,-6,-3,-6,-4,-5,-4,-5,-5,-2,-2,0,0,0,0,0,0,0,0]"
2026-06-22 03:03:21.667336,CSI_DATA,32576,1a:00:00:00:00:00,-60,11,1,0,1,1,1,0,0,0,0,-97,0,11,2,26927636,0,47,0,128,1,"[47,-16,2,0,0,0,0,0,0,0,3,-1,12,-1,12,-1,11,-1,11,-1,10,-1,9,-1,9,0,8,0,8,0,8,-1,7,-1,7,-1,7,-1,6,-1,6,-1,5,-2,5,-2,4,-2,4,-2,4,-2,4,-2,4,-2,3,-3,3,-3,3,-3,3,-3,1,-2,2,-4,2,-4,2,-4,2,-4,2,-4,2,-4,2,-5,2,-5,2,-5,2,-5,2,-5,3,-5,3,-5,3,-5,3,-5,3,-6,3,-5,4,-5,4,-5,4,-4,5,-4,5,-4,5,-4,5,-4,5,-4,5,-3,1,-1,0,0,0,0,0,0,0,0]"
2026-06-22 03:03:21.803230,CSI_DATA,32577,1a:00:00:00:00:00,-60,11,1,0,1,1,1,0,0,0,0,-97,0,11,2,26978647,0,47,0,128,1,"[47,-16,2,0,0,0,0,0,0,0,-2,-3,-7,-11,-7,-10,-6,-10,-6,-10,-6,-9,-5,-9,-5,-9,-5,-8,-5,-8,-5,-7,-5,-7,-5,-7,-5,-6,-4,-6,-4,-5,-4,-5,-4,-5,-4,-4,-4,-4,-4,-4,-4,-3,-4,-3,-4,-3,-4,-3,-4,-2,-4,-2,-2,-1,-4,-2,-5,-2,-5,-2,-5,-1,-5,-1,-5,-1,-5,-1,-5,-1,-5,-1,-5,-1,-5,-1,-5,-1,-6,-1,-6,-1,-6,-1,-6,-1,-6,-1,-6,-2,-6,-2,-6,-3,-6,-3,-6,-3,-6,-3,-6,-3,-5,-4,-5,-4,-2,-1,0,0,0,0,0,0,0,0]"
2026-06-22 03:03:21.876251,CSI_DATA,32578,1a:00:00:00:00:00,-60,11,1,0,1,1,1,0,0,0,0,-97,0,11,2,27029628,0,47,0,128,1,"[47,-16,2,0,0,0,0,0,0,0,2,1,10,6,10,5,10,5,10,5,9,5,8,5,8,5,7,5,7,4,7,4,6,4,6,3,6,3,6,3,5,3,5,2,5,2,5,2,5,2,4,1,4,1,4,1,4,1,4,0,4,0,4,0,2,0,4,0,4,-1,4,-1,4,-1,4,-1,4,-1,4,-1,4,-1,4,-1,4,-2,4,-2,4,-2,5,-2,5,-2,5,-1,5,-1,5,-1,5,-1,5,-1,5,0,5,0,5,0,5,0,5,1,5,1,5,1,1,0,0,0,0,0,0,0,0,0]"
2026-06-22 03:03:21.897176,CSI_DATA,32579,1a:00:00:00:00:00,-59,11,1,0,1,1,1,0,0,0,0,-97,0,11,2,27080636,0,47,0,128,1,"[47,-16,2,0,0,0,0,0,0,0,0,-4,1,-13,1,-13,0,-12,1,-12,1,-11,1,-11,1,-10,1,-10,1,-9,1,-9,1,-9,1,-9,0,-8,0,-8,0,-8,0,-7,0,-7,0,-6,0,-6,-1,-6,-1,-6,-1,-6,-1,-5,-1,-5,-1,-5,-1,-5,-1,-3,-2,-5,-2,-5,-2,-5,-2,-5,-2,-5,-2,-5,-3,-5,-3,-5,-3,-5,-3,-5,-3,-5,-3,-5,-3,-5,-3,-5,-3,-6,-3,-6,-3,-6,-2,-6,-2,-6,-2,-6,-1,-6,-1,-6,-1,-6,-1,-6,0,-6,0,-6,0,-2,0,0,0,0,0,0,0,0]"
2026-06-22 03:03:21.910166,CSI_DATA,32580,1a:00:00:00:00:00,-59,11,1,0,1,1,1,0,0,0,0,-97,0,11,2,27131643,0,47,0,128,1,"[47,-16,2,0,0,0,0,0,0,0,1,2,5,11,5,10,5,10,5,10,5,9,4,9,4,8,3,8,3,8,3,7,3,7,3,7,3,6,3,6,3,6,3,5,3,5,3,4,3,4,3,4,2,4,2,4,3,3,3,3,3,3,3,3,1,1,3,2,3,2,3,2,3,2,3,2,3,2,4,1,4,1,4,2,4,2,4,2,4,2,4,2,4,2,4,2,4,2,4,2,4,3,4,3,4,3,4,3,4,3,4,4,3,4,3,4,3,4,0,1,0,0,0,0,0,0,0,0]"
2026-06-22 03:03:21.923004,CSI_DATA,32581,1a:00:00:00:00:00,-60,11,1,0,1,1,1,0,0,0,0,-97,0,11,2,27182636,0,47,0,128,1,"[47,-16,2,0,0,0,0,0,0,0,-3,2,-9,8,-8,8,-8,8,-8,7,-8,7,-8,6,-7,6,-7,6,-7,5,-7,5,-6,5,-6,5,-6,5,-5,4,-5,4,-5,4,-4,4,-4,4,-4,4,-3,4,-3,3,-3,4,-3,4,-2,4,-2,4,-2,4,-1,2,-1,3,-1,4,-1,4,-1,4,-1,4,-1,4,-1,4,-1,4,-1,4,0,4,0,4,-1,4,-1,4,-1,4,-1,5,-1,5,-1,5,-1,5,-2,5,-2,5,-2,5,-2,5,-3,5,-3,5,-4,5,-4,4,-1,1,0,0,0,0,0,0,0,0]"
2026-06-22 03:03:21.985677,CSI_DATA,32582,1a:00:00:00:00:00,-60,11,1,0,1,1,1,0,0,0,0,-97,0,11,2,27233629,0,47,0,128,1,"[47,-16,2,0,0,0,0,0,0,0,-3,1,-11,7,-11,7,-10,7,-10,6,-10,6,-10,5,-9,5,-9,5,-8,5,-8,4,-8,4,-7,4,-7,4,-6,4,-6,4,-5,4,-5,4,-5,3,-5,3,-4,3,-4,3,-4,3,-3,3,-3,3,-3,3,-3,4,-1,2,-2,4,-2,4,-2,4,-2,4,-2,4,-2,4,-1,4,-1,4,-1,4,-1,4,-1,4,-1,5,-1,5,-1,5,-1,5,-2,5,-2,5,-2,6,-2,6,-3,6,-3,5,-4,5,-4,5,-4,5,-5,5,-5,5,-2,1,0,0,0,0,0,0,0,0]"
2026-06-22 03:03:22.020030,CSI_DATA,32583,1a:00:00:00:00:00,-60,11,1,0,1,1,1,0,0,0,0,-97,0,11,2,27284639,0,47,0,128,1,"[47,-16,2,0,0,0,0,0,0,0,-3,-2,-12,-7,-12,-6,-12,-6,-11,-6,-10,-6,-10,-6,-9,-6,-9,-6,-8,-5,-8,-5,-8,-5,-8,-4,-8,-4,-7,-4,-7,-4,-7,-4,-6,-3,-6,-3,-6,-2,-6,-2,-6,-2,-5,-2,-5,-2,-5,-1,-5,-1,-5,-1,-3,-1,-5,-1,-5,0,-5,0,-5,0,-5,0,-5,1,-5,1,-5,1,-5,1,-5,1,-5,1,-5,1,-6,1,-6,1,-6,1,-6,1,-7,1,-7,1,-7,0,-7,0,-7,0,-7,-1,-7,-1,-7,-1,-7,-2,-7,-2,-2,-1,0,0,0,0,0,0,0,0]"
2026-06-22 03:03:22.081366,CSI_DATA,32584,1a:00:00:00:00:00,-61,11,1,0,1,1,1,0,0,0,0,-97,0,11,2,27335653,0,47,0,128,1,"[47,-16,2,0,0,0,0,0,0,0,-3,1,-10,7,-10,7,-10,7,-10,7,-9,6,-9,6,-8,5,-8,5,-8,5,-7,4,-7,4,-7,4,-7,4,-6,4,-6,4,-5,4,-5,3,-4,3,-4,3,-4,3,-4,3,-4,3,-3,3,-3,3,-3,3,-2,3,-1,1,-2,3,-2,3,-2,3,-1,3,-1,3,-1,3,-1,3,-1,3,-1,4,0,4,0,4,-1,4,-1,4,-1,4,-1,4,-1,4,-1,5,-1,5,-1,5,-1,5,-2,5,-2,5,-3,5,-3,5,-3,5,-3,4,-1,1,0,0,0,0,0,0,0,0]"
2026-06-22 03:03:22.117245,CSI_DATA,32585,1a:00:00:00:00:00,-62,11,1,0,1,1,1,0,0,0,0,-97,0,11,2,27386673,0,47,0,128,1,"[47,-16,2,0,0,0,0,0,0,0,2,1,10,4,10,4,10,4,10,4,9,4,9,4,8,4,7,4,7,3,7,3,6,3,6,2,6,2,5,2,5,2,5,2,4,1,4,1,4,1,4,1,4,1,3,0,3,0,3,0,3,0,3,-1,1,-1,3,-1,3,-1,2,-1,2,-2,2,-2,2,-2,2,-2,3,-2,3,-2,3,-2,3,-2,3,-2,3,-3,3,-2,3,-2,3,-2,3,-2,3,-2,4,-2,4,-2,4,-2,4,-1,4,-1,4,-1,4,-1,4,0,1,0,0,0,0,0,0,0,0,0]"
2026-06-22 03:03:22.195607,CSI_DATA,32586,1a:00:00:00:00:00,-61,11,1,0,1,1,1,0,0,0,0,-97,0,11,2,27437668,0,47,0,128,1,"[47,-16,2,0,0,0,0,0,0,0,3,1,13,7,12,6,12,6,12,6,11,6,10,6,9,6,9,6,8,5,8,4,8,4,8,4,7,3,7,3,7,3,6,2,6,2,5,2,5,1,5,1,5,1,4,1,4,0,4,0,5,-1,5,-1,2,-1,4,-1,4,-2,4,-2,4,-2,4,-2,4,-2,4,-2,4,-3,4,-3,4,-3,4,-3,4,-3,4,-3,5,-3,5,-3,5,-3,5,-3,5,-3,5,-2,5,-2,6,-2,6,-1,6,-1,6,-1,6,0,6,0,1,0,0,0,0,0,0,0,0,0]"
2026-06-22 03:03:22.223135,CSI_DATA,32587,1a:00:00:00:00:00,-60,11,1,0,1,1,1,0,0,0,0,-97,0,11,2,27488652,0,47,0,128,1,"[47,-16,2,0,0,0,0,0,0,0,0,3,1,12,1,11,2,11,1,10,1,10,1,10,1,9,0,8,0,8,1,7,1,7,1,7,1,6,1,6,1,6,1,5,1,5,2,4,2,4,2,4,2,4,2,3,2,3,3,3,3,3,3,3,1,1,3,2,3,2,3,2,4,2,4,2,4,2,4,2,4,2,4,2,4,2,4,2,4,2,5,2,5,3,5,3,5,3,5,3,5,4,4,4,4,4,4,4,4,4,3,4,3,5,3,5,2,5,0,1,0,0,0,0,0,0,0,0]"
2026-06-22 03:03:22.313644,CSI_DATA,32588,1a:00:00:00:00:00,-60,11,1,0,1,1,1,0,0,0,0,-97,0,11,2,27539652,0,47,0,128,1,"[47,-16,2,0,0,0,0,0,0,0,-2,2,-6,9,-6,9,-6,9,-6,8,-5,8,-5,7,-5,7,-5,7,-4,6,-4,6,-4,6,-4,6,-3,5,-3,5,-3,5,-2,5,-2,4,-2,4,-2,4,-1,4,-1,4,-1,4,0,4,0,4,0,4,0,4,0,2,1,4,1,3,1,4,1,4,1,4,2,4,2,4,2,4,2,4,2,4,2,4,2,4,2,4,2,4,2,5,2,5,2,5,2,6,2,6,1,6,1,6,0,6,0,6,0,6,-1,6,-1,6,-1,1,0,0,0,0,0,0,0,0]"
2026-06-22 03:03:22.328669,CSI_DATA,32589,1a:00:00:00:00:00,-59,11,1,0,1,1,1,0,0,0,0,-97,0,11,2,27590628,0,47,0,128,1,"[47,-16,2,0,0,0,0,0,0,0,3,0,12,0,12,0,11,0,11,0,10,0,10,0,9,0,8,0,8,0,8,0,8,0,7,0,7,-1,6,-1,6,-1,6,-1,5,-2,5,-2,5,-2,5,-2,5,-2,4,-2,4,-3,4,-3,4,-3,4,-4,2,-2,4,-4,4,-4,4,-4,4,-5,4,-5,4,-5,4,-5,4,-5,4,-5,4,-5,4,-5,4,-5,5,-6,5,-5,5,-5,5,-5,5,-5,6,-5,6,-5,6,-4,6,-4,7,-4,7,-3,7,-3,7,-3,7,-2,1,-1,0,0,0,0,0,0,0,0]"
2026-06-22 03:03:22.411065,CSI_DATA,32590,1a:00:00:00:00:00,-59,11,1,0,1,1,1,0,0,0,0,-97,0,11,2,27641621,0,47,0,128,1,"[47,-16,2,0,0,0,0,0,0,0,-3,-1,-12,-3,-12,-3,-11,-3,-11,-3,-10,-3,-10,-3,-9,-3,-9,-3,-8,-3,-8,-2,-8,-2,-8,-2,-7,-2,-7,-1,-7,-1,-6,-1,-6,-1,-6,0,-6,0,-6,0,-5,0,-5,0,-5,1,-5,1,-5,1,-5,1,-3,1,-5,2,-5,2,-5,2,-5,2,-5,2,-5,3,-5,3,-5,3,-5,3,-5,3,-5,3,-5,3,-5,3,-6,3,-6,3,-6,3,-6,3,-6,3,-7,2,-7,2,-7,2,-7,2,-7,1,-7,1,-7,1,-8,0,-2,0,0,0,0,0,0,0,0,0]"
2026-06-22 03:03:22.423164,CSI_DATA,32591,1a:00:00:00:00:00,-59,11,1,0,1,1,1,0,0,0,0,-97,0,11,2,27692683,0,47,0,128,1,"[47,-16,2,0,0,0,0,0,0,0,-3,1,-11,5,-11,5,-10,5,-10,5,-10,4,-9,4,-9,3,-8,3,-8,3,-8,3,-7,4,-7,4,-6,4,-6,3,-6,3,-5,3,-5,3,-5,3,-4,3,-4,3,-4,3,-4,3,-4,3,-3,4,-3,4,-3,4,-1,2,-2,4,-2,4,-2,4,-2,4,-2,4,-2,4,-2,5,-2,5,-2,5,-2,5,-2,5,-2,5,-2,5,-2,5,-3,5,-3,6,-3,6,-3,5,-3,5,-4,5,-4,5,-5,5,-5,5,-5,5,-5,5,-6,4,-2,1,0,0,0,0,0,0,0,0]"
2026-06-22 03:03:22.473454,CSI_DATA,32592,1a:00:00:00:00:00,-59,11,1,0,1,1,1,0,0,0,0,-97,0,11,2,27743651,0,47,0,128,1,"[47,-16,2,0,0,0,0,0,0,0,2,2,8,7,8,7,8,7,8,7,7,7,7,6,6,6,6,6,6,5,6,5,6,5,5,4,5,4,5,4,5,3,5,3,5,3,4,2,4,2,4,2,4,2,4,2,4,1,4,1,4,1,4,1,2,0,5,0,5,0,5,0,5,0,5,0,5,0,5,0,5,0,5,0,5,0,6,-1,5,-1,5,-1,6,0,6,0,6,0,6,0,6,1,6,1,6,1,6,2,6,2,6,2,6,3,6,3,5,3,1,0,0,0,0,0,0,0,0,0]"
2026-06-22 03:03:22.527879,CSI_DATA,32593,1a:00:00:00:00:00,-59,11,1,0,1,1,1,0,0,0,0,-97,0,11,2,27794647,0,47,0,128,1,"[47,-16,2,0,0,0,0,0,0,0,2,-2,10,-7,9,-7,9,-7,9,-7,8,-6,8,-6,8,-5,7,-5,7,-5,6,-5,6,-5,6,-5,5,-5,5,-5,5,-5,4,-5,4,-5,4,-5,3,-5,3,-5,3,-5,3,-5,3,-5,2,-5,2,-5,2,-5,1,-3,2,-5,2,-6,1,-6,1,-6,1,-6,1,-6,1,-6,1,-6,1,-6,1,-6,1,-6,1,-7,1,-7,1,-7,2,-7,2,-7,2,-7,2,-7,3,-7,3,-7,3,-7,4,-6,4,-6,4,-6,4,-6,5,-6,1,-2,0,0,0,0,0,0,0,0]"
2026-06-22 03:03:22.579071,CSI_DATA,32594,1a:00:00:00:00:00,-58,11,1,0,1,1,1,0,0,0,0,-97,0,11,2,27845646,0,47,0,128,1,"[47,-16,2,0,0,0,0,0,0,0,3,-1,12,-3,11,-3,11,-3,11,-3,10,-3,10,-2,9,-2,9,-2,8,-2,8,-2,8,-3,8,-3,7,-3,7,-3,6,-3,6,-3,6,-3,5,-3,5,-3,5,-3,5,-3,5,-3,4,-3,4,-4,4,-4,4,-4,2,-2,4,-4,4,-4,4,-5,4,-5,4,-5,4,-5,4,-5,4,-5,4,-5,4,-5,4,-5,4,-5,4,-5,4,-5,4,-5,5,-5,5,-5,5,-5,5,-5,6,-4,6,-4,6,-4,7,-3,7,-3,7,-3,7,-2,1,-1,0,0,0,0,0,0,0,0]"
2026-06-22 03:03:22.633817,CSI_DATA,32595,1a:00:00:00:00:00,-58,11,1,0,1,1,1,0,0,0,0,-97,0,11,2,27896652,0,47,0,128,1,"[47,-16,2,0,0,0,0,0,0,0,-1,-4,-2,-13,-2,-13,-2,-12,-2,-12,-2,-12,-1,-11,-1,-11,-1,-10,-1,-9,-2,-9,-2,-9,-2,-9,-2,-8,-2,-8,-2,-8,-2,-7,-3,-7,-3,-6,-3,-6,-3,-6,-3,-6,-3,-6,-3,-6,-4,-5,-4,-5,-4,-5,-2,-3,-4,-5,-4,-5,-5,-5,-5,-5,-5,-4,-5,-5,-5,-5,-5,-5,-5,-5,-5,-5,-6,-5,-5,-5,-5,-5,-6,-6,-5,-6,-5,-6,-5,-6,-5,-7,-5,-7,-5,-7,-4,-7,-4,-7,-4,-7,-4,-8,-3,-8,-2,-8,-1,-2,0,0,0,0,0,0,0,0]"
2026-06-22 03:03:22.679808,CSI_DATA,32596,1a:00:00:00:00:00,-59,11,1,0,1,1,1,0,0,0,0,-97,0,11,2,27947635,0,47,0,128,1,"[47,-16,2,0,0,0,0,0,0,0,-3,1,-11,4,-11,5,-11,5,-10,4,-10,4,-10,4,-9,3,-9,3,-8,3,-8,3,-8,3,-7,3,-7,3,-7,3,-6,3,-6,3,-5,3,-5,3,-5,3,-5,3,-5,3,-4,3,-4,3,-4,4,-4,4,-3,4,-2,2,-3,4,-3,4,-3,4,-2,4,-2,4,-2,5,-2,5,-2,5,-2,5,-2,5,-2,5,-2,5,-2,5,-3,5,-3,6,-3,6,-3,6,-4,6,-4,6,-4,6,-5,6,-5,6,-5,5,-5,5,-6,5,-6,5,-2,1,0,0,0,0,0,0,0,0]"
2026-06-22 03:03:22.737116,CSI_DATA,32597,1a:00:00:00:00:00,-59,11,1,0,1,1,1,0,0,0,0,-97,0,11,2,27998618,0,47,0,128,1,"[47,-16,2,0,0,0,0,0,0,0,2,-1,11,-3,11,-3,10,-4,10,-3,10,-3,9,-3,8,-2,8,-2,7,-2,7,-2,7,-2,7,-2,6,-3,6,-2,6,-3,5,-3,5,-3,4,-3,4,-3,4,-3,4,-3,4,-3,3,-3,3,-4,3,-4,3,-4,1,-2,3,-4,3,-4,2,-5,2,-5,2,-5,3,-5,3,-5,2,-5,3,-5,3,-6,3,-6,3,-5,3,-5,3,-6,3,-6,3,-6,4,-6,4,-6,4,-5,5,-5,5,-5,5,-5,5,-4,6,-4,6,-4,6,-4,1,-1,0,0,0,0,0,0,0,0]"
2026-06-22 03:03:22.783731,CSI_DATA,32598,1a:00:00:00:00:00,-60,11,1,0,1,1,1,0,0,0,0,-97,0,11,2,28049660,0,47,0,128,1,"[47,-16,2,0,0,0,0,0,0,0,-2,-3,-6,-11,-6,-11,-6,-10,-5,-10,-5,-10,-4,-9,-4,-9,-4,-8,-4,-8,-4,-8,-4,-7,-4,-7,-4,-6,-4,-6,-4,-6,-4,-6,-4,-5,-4,-5,-4,-4,-3,-4,-3,-4,-3,-4,-4,-3,-4,-3,-4,-3,-4,-3,-2,-2,-4,-2,-4,-2,-4,-2,-4,-2,-5,-2,-5,-2,-5,-2,-5,-2,-5,-2,-5,-2,-5,-2,-5,-2,-6,-2,-6,-2,-6,-2,-6,-2,-6,-2,-6,-2,-6,-3,-6,-3,-6,-3,-6,-4,-6,-4,-6,-4,-6,-5,-5,-5,-2,-2,0,0,0,0,0,0,0,0]"
2026-06-22 03:03:22.852364,CSI_DATA,32599,1a:00:00:00:00:00,-59,11,1,0,1,1,1,0,0,0,0,-97,0,11,2,28100629,0,47,0,128,1,"[47,-16,2,0,0,0,0,0,0,0,-4,0,-13,1,-13,1,-12,1,-12,1,-11,1,-11,0,-10,0,-10,0,-9,0,-9,0,-8,0,-8,0,-8,1,-8,0,-7,0,-7,1,-6,1,-6,1,-6,1,-6,1,-5,1,-5,1,-5,1,-5,2,-5,2,-4,2,-2,1,-4,2,-4,2,-4,3,-4,3,-4,3,-4,3,-4,3,-4,3,-4,3,-4,4,-4,4,-4,4,-4,4,-4,4,-4,4,-5,4,-5,4,-5,4,-5,3,-6,3,-6,3,-6,2,-6,2,-6,2,-7,2,-7,1,-2,0,0,0,0,0,0,0,0,0]"
2026-06-22 03:03:22.885643,CSI_DATA,32600,1a:00:00:00:00:00,-59,11,1,0,1,1,1,0,0,0,0,-97,0,11,2,28151625,0,47,0,128,1,"[47,-16,2,0,0,0,0,0,0,0,-4,0,-13,1,-12,1,-12,1,-11,1,-11,1,-10,1,-10,0,-9,0,-9,0,-9,1,-8,1,-8,1,-7,1,-7,1,-7,1,-6,1,-6,1,-5,1,-5,2,-5,2,-5,2,-5,2,-5,2,-4,2,-4,3,-4,3,-2,1,-4,3,-4,3,-4,3,-4,4,-4,4,-4,4,-4,4,-4,4,-4,4,-4,4,-4,5,-4,5,-4,4,-4,5,-4,5,-5,5,-5,5,-5,5,-5,4,-6,4,-6,4,-6,4,-7,4,-7,3,-7,3,-7,3,-2,0,0,0,0,0,0,0,0,0]"
2026-06-22 03:03:22.967322,CSI_DATA,32601,1a:00:00:00:00:00,-59,11,1,0,1,1,1,0,0,0,0,-97,0,11,2,28202642,0,47,0,128,1,"[47,-16,2,0,0,0,0,0,0,0,0,-3,2,-12,1,-12,1,-11,1,-11,1,-10,1,-10,1,-9,1,-9,1,-8,1,-8,1,-8,0,-8,0,-7,0,-7,0,-6,-1,-6,-1,-6,-1,-6,-1,-6,-1,-5,-2,-5,-2,-5,-2,-5,-2,-5,-3,-4,-3,-4,-2,-2,-3,-4,-4,-4,-4,-4,-4,-4,-4,-4,-4,-4,-4,-4,-4,-4,-4,-4,-5,-5,-5,-5,-5,-5,-4,-5,-5,-5,-5,-5,-5,-5,-5,-6,-5,-6,-4,-6,-4,-6,-4,-7,-3,-7,-3,-7,-3,-7,-2,-7,-2,-7,-1,-2,0,0,0,0,0,0,0,0]"
2026-06-22 03:03:22.989929,CSI_DATA,32602,1a:00:00:00:00:00,-60,11,1,0,1,1,1,0,0,0,0,-97,0,11,2,28253637,0,47,0,128,1,"[47,-16,2,0,0,0,0,0,0,0,-2,-3,-5,-11,-5,-10,-5,-10,-5,-9,-5,-9,-4,-8,-4,-8,-4,-8,-4,-7,-4,-7,-4,-7,-4,-6,-4,-6,-4,-5,-4,-5,-4,-5,-4,-4,-4,-4,-4,-3,-4,-3,-4,-3,-4,-3,-4,-2,-5,-2,-5,-2,-5,-2,-3,-1,-5,-1,-5,-1,-5,-1,-5,-1,-5,-1,-6,-1,-6,-1,-6,-1,-6,-1,-6,-1,-6,-1,-6,-1,-6,-1,-6,-1,-7,-1,-7,-1,-7,-1,-7,-2,-7,-2,-7,-3,-7,-3,-7,-3,-7,-3,-7,-4,-6,-4,-6,-4,-2,-1,0,0,0,0,0,0,0,0]"
2026-06-22 03:03:23.077479,CSI_DATA,32603,1a:00:00:00:00:00,-60,11,1,0,1,1,1,0,0,0,0,-97,0,11,2,28304636,0,47,0,128,1,"[47,-16,2,0,0,0,0,0,0,0,-3,-2,-10,-7,-10,-7,-9,-6,-9,-6,-9,-6,-8,-6,-8,-6,-7,-5,-7,-5,-7,-4,-7,-4,-7,-4,-6,-3,-6,-3,-6,-3,-6,-3,-5,-2,-5,-2,-5,-2,-5,-1,-5,-1,-5,-1,-5,-1,-5,0,-5,0,-5,0,-3,0,-5,0,-5,1,-5,1,-5,1,-5,1,-5,1,-5,1,-5,1,-5,1,-5,1,-6,1,-6,2,-6,2,-6,1,-6,1,-6,1,-7,1,-7,1,-7,0,-7,0,-7,0,-7,0,-7,0,-7,-1,-7,-1,-7,-2,-2,-1,0,0,0,0,0,0,0,0]"
2026-06-22 03:03:23.092673,CSI_DATA,32604,1a:00:00:00:00:00,-60,11,1,0,1,1,1,0,0,0,0,-97,0,11,2,28355630,0,47,0,128,1,"[47,-16,2,0,0,0,0,0,0,0,-3,-1,-11,-4,-11,-3,-11,-3,-10,-3,-10,-3,-9,-3,-9,-3,-8,-3,-8,-3,-8,-2,-8,-2,-7,-2,-7,-2,-7,-1,-7,-1,-6,-1,-6,-1,-6,-1,-6,0,-6,0,-6,0,-5,0,-5,0,-5,1,-5,1,-5,1,-3,0,-5,1,-5,1,-5,2,-5,2,-5,2,-6,2,-6,2,-6,2,-5,2,-6,2,-6,2,-6,2,-6,2,-7,2,-7,2,-7,2,-7,2,-7,2,-7,1,-7,1,-7,0,-8,0,-8,0,-8,-1,-8,-1,-7,-1,-2,-1,0,0,0,0,0,0,0,0]"
2026-06-22 03:03:23.199147,CSI_DATA,32605,1a:00:00:00:00:00,-59,11,1,0,1,1,1,0,0,0,0,-97,0,11,2,28406674,0,47,0,128,1,"[47,-16,2,0,0,0,0,0,0,0,3,1,12,4,11,3,11,3,11,3,10,3,9,3,9,3,8,2,8,2,8,2,8,1,8,1,7,1,7,0,7,0,7,0,6,0,6,-1,6,-1,6,-1,6,-1,5,-1,5,-1,5,-2,6,-2,6,-2,2,-2,5,-3,6,-3,6,-3,6,-3,6,-3,6,-3,6,-3,6,-3,6,-3,6,-4,6,-4,6,-3,7,-3,7,-3,7,-3,7,-3,7,-3,7,-2,7,-2,7,-2,8,-1,8,-1,8,0,8,0,8,0,8,1,2,0,0,0,0,0,0,0,0,0]"
2026-06-22 03:03:23.217657,CSI_DATA,32606,1a:00:00:00:00:00,-59,11,1,0,1,1,1,0,0,0,0,-97,0,11,2,28457637,0,47,0,128,1,"[47,-16,2,0,0,0,0,0,0,0,-2,-3,-7,-11,-7,-11,-7,-10,-6,-10,-6,-10,-6,-9,-5,-9,-5,-8,-5,-8,-5,-7,-5,-7,-5,-7,-5,-6,-5,-6,-5,-5,-5,-5,-5,-5,-5,-4,-6,-4,-6,-4,-6,-4,-6,-3,-6,-3,-6,-3,-6,-3,-6,-3,-4,-2,-7,-2,-7,-2,-7,-2,-7,-2,-7,-2,-7,-2,-7,-2,-7,-2,-7,-2,-8,-2,-8,-2,-8,-2,-8,-3,-8,-3,-8,-3,-8,-3,-8,-3,-8,-4,-8,-4,-7,-5,-7,-5,-7,-5,-7,-5,-7,-6,-6,-6,-6,-7,-2,-2,0,0,0,0,0,0,0,0]"
2026-06-22 03:03:23.280746,CSI_DATA,32607,1a:00:00:00:00:00,-60,11,1,0,1,1,1,0,0,0,0,-97,0,11,2,28508642,0,47,0,128,1,"[47,-16,2,0,0,0,0,0,0,0,2,0,11,3,10,2,10,2,10,2,9,2,8,2,8,2,7,2,7,1,7,1,7,1,6,1,6,0,6,0,6,0,6,-1,5,-1,5,-1,5,-1,5,-2,5,-2,4,-2,4,-2,4,-2,5,-3,5,-2,2,-2,4,-3,4,-4,4,-4,4,-4,4,-4,4,-4,5,-4,5,-4,5,-4,5,-4,5,-4,5,-4,5,-4,5,-4,5,-4,6,-4,6,-4,6,-3,6,-3,6,-2,6,-2,6,-2,7,-2,7,-1,7,-1,7,0,1,0,0,0,0,0,0,0,0,0]"
2026-06-22 03:03:23.300230,CSI_DATA,32608,1a:00:00:00:00:00,-60,11,1,0,1,1,1,0,0,0,0,-97,0,11,2,28559630,0,47,0,128,1,"[47,-16,2,0,0,0,0,0,0,0,0,-4,2,-14,1,-13,1,-13,1,-12,1,-12,1,-11,1,-10,1,-10,0,-9,0,-9,0,-9,0,-9,-1,-8,-1,-7,-1,-7,-2,-7,-2,-7,-2,-6,-3,-6,-3,-6,-3,-6,-3,-6,-4,-5,-4,-5,-4,-5,-5,-5,-3,-3,-5,-5,-5,-5,-6,-5,-6,-5,-5,-5,-6,-5,-6,-5,-6,-6,-6,-6,-6,-6,-6,-6,-6,-6,-6,-6,-6,-6,-6,-7,-6,-7,-6,-7,-6,-7,-5,-8,-5,-8,-5,-8,-5,-8,-4,-8,-4,-9,-3,-9,-3,-9,-1,-3,0,0,0,0,0,0,0,0]"
2026-06-22 03:03:23.397284,CSI_DATA,32609,1a:00:00:00:00:00,-60,11,1,0,1,1,1,0,0,0,0,-97,0,11,2,28610630,0,47,0,128,1,"[47,-16,2,0,0,0,0,0,0,0,-2,-3,-6,-10,-6,-10,-6,-9,-6,-9,-5,-9,-5,-8,-5,-8,-5,-7,-5,-7,-5,-6,-5,-6,-5,-6,-5,-5,-5,-5,-5,-4,-5,-4,-5,-4,-5,-3,-5,-3,-5,-3,-5,-3,-5,-2,-5,-2,-5,-2,-6,-2,-6,-2,-3,-1,-6,-2,-6,-1,-6,-1,-6,-1,-6,-1,-7,-1,-7,-1,-7,-1,-7,-1,-7,-1,-7,-1,-7,-1,-7,-2,-8,-2,-7,-2,-8,-2,-8,-2,-8,-3,-7,-3,-7,-4,-7,-4,-7,-4,-7,-4,-7,-5,-6,-5,-6,-5,-2,-2,0,0,0,0,0,0,0,0]"
2026-06-22 03:03:23.414720,CSI_DATA,32610,1a:00:00:00:00:00,-60,11,1,0,1,1,1,0,0,0,0,-97,0,11,2,28661649,0,47,0,128,1,"[47,-16,2,0,0,0,0,0,0,0,-3,-1,-11,-2,-11,-2,-11,-1,-10,-2,-10,-2,-9,-2,-9,-2,-8,-1,-8,-1,-7,-1,-7,-1,-7,0,-6,0,-6,0,-6,0,-6,0,-5,1,-5,1,-5,1,-5,1,-5,2,-5,2,-4,2,-4,2,-4,3,-4,3,-2,1,-4,3,-4,3,-4,4,-4,4,-4,4,-5,4,-5,4,-5,4,-5,4,-5,4,-5,5,-5,5,-5,5,-6,4,-6,4,-6,4,-6,4,-7,4,-7,4,-7,3,-7,3,-7,3,-8,3,-8,2,-8,2,-8,1,-2,0,0,0,0,0,0,0,0,0]"
2026-06-22 03:03:23.443981,CSI_DATA,32611,1a:00:00:00:00:00,-60,11,1,0,1,1,1,0,0,0,0,-97,0,11,2,28712622,0,47,0,128,1,"[47,-16,2,0,0,0,0,0,0,0,-3,2,-9,9,-9,9,-8,9,-8,9,-8,8,-7,7,-7,7,-7,6,-6,6,-5,6,-5,6,-5,6,-4,6,-4,5,-3,5,-3,5,-2,5,-2,5,-2,5,-1,5,-1,5,-1,5,0,5,0,5,1,5,1,5,0,2,1,5,1,5,1,5,2,5,2,6,2,6,2,6,2,6,2,6,2,6,2,6,2,6,2,7,2,7,2,7,2,7,1,8,1,8,0,8,0,8,-1,8,-1,8,-1,8,-2,8,-2,8,-3,8,-1,2,0,0,0,0,0,0,0,0]"
2026-06-22 03:03:23.495629,CSI_DATA,32612,1a:00:00:00:00:00,-61,11,1,0,1,1,1,0,0,0,0,-97,0,11,2,28763638,0,47,0,128,1,"[47,-16,2,0,0,0,0,0,0,0,2,1,9,6,9,5,9,5,8,5,7,5,7,4,6,4,6,4,6,3,5,3,5,3,5,2,5,2,5,2,4,1,4,1,4,1,4,0,4,0,4,0,3,0,3,-1,3,-1,3,-2,4,-2,3,-2,1,-1,3,-2,3,-2,3,-3,3,-3,3,-3,4,-3,4,-3,4,-3,4,-3,4,-3,4,-3,4,-4,4,-4,5,-3,5,-3,5,-3,5,-3,5,-3,5,-3,5,-2,6,-2,6,-2,6,-1,6,-1,6,-1,6,0,1,0,0,0,0,0,0,0,0,0]"
2026-06-22 03:03:23.544043,CSI_DATA,32613,1a:00:00:00:00:00,-61,11,1,0,1,1,1,0,0,0,0,-97,0,11,2,28814619,0,47,0,128,1,"[47,-16,2,0,0,0,0,0,0,0,0,3,3,12,4,12,4,11,4,11,3,10,2,10,2,9,2,9,2,8,2,7,2,7,2,7,2,6,2,6,2,5,2,5,2,4,2,4,3,3,3,3,3,3,3,3,3,2,3,2,4,2,4,2,2,0,4,1,4,1,4,1,4,1,4,0,5,0,5,0,5,1,5,1,5,0,5,0,5,0,5,1,5,1,6,1,6,1,6,1,6,2,6,2,5,2,5,3,5,3,5,3,5,3,5,4,4,4,1,1,0,0,0,0,0,0,0,0]"
2026-06-22 03:03:23.609878,CSI_DATA,32614,1a:00:00:00:00:00,-62,11,1,0,1,1,1,0,0,0,0,-97,0,11,2,28865629,0,47,0,128,1,"[47,-16,2,0,0,0,0,0,0,0,-4,-1,-14,-2,-13,-1,-13,-1,-12,-1,-12,-1,-11,-1,-11,-1,-10,-1,-9,-2,-9,-1,-9,-1,-8,-1,-8,-1,-7,-1,-7,-1,-6,0,-6,0,-6,0,-5,0,-5,0,-5,1,-5,1,-4,1,-4,1,-4,1,-4,2,-2,1,-4,2,-4,2,-4,2,-4,3,-4,3,-4,3,-4,3,-4,3,-4,4,-4,4,-4,4,-4,3,-4,3,-4,3,-5,4,-5,4,-5,4,-5,4,-6,3,-6,3,-6,2,-6,2,-7,2,-7,2,-7,1,-7,1,-2,0,0,0,0,0,0,0,0,0]"
2026-06-22 03:03:23.651266,CSI_DATA,32615,1a:00:00:00:00:00,-62,11,1,0,1,1,1,0,0,0,0,-97,0,11,2,28916638,0,47,0,128,1,"[47,-16,2,0,0,0,0,0,0,0,-2,-3,-7,-11,-7,-10,-7,-10,-7,-10,-6,-9,-6,-9,-5,-8,-5,-8,-5,-7,-5,-7,-5,-7,-4,-6,-4,-6,-4,-5,-4,-5,-4,-5,-4,-4,-4,-4,-4,-3,-4,-3,-4,-3,-4,-2,-4,-2,-4,-2,-4,-2,-5,-1,-3,-1,-5,-1,-5,-1,-5,0,-5,0,-5,0,-5,0,-5,0,-5,0,-6,0,-5,0,-6,0,-6,0,-6,-1,-6,-1,-6,-1,-6,-1,-6,-1,-6,-1,-6,-2,-6,-2,-6,-2,-6,-3,-6,-3,-6,-3,-6,-4,-6,-4,-2,-1,0,0,0,0,0,0,0,0]"
2026-06-22 03:03:23.724806,CSI_DATA,32616,1a:00:00:00:00:00,-62,11,1,0,1,1,1,0,0,0,0,-97,0,11,2,28967647,0,47,0,128,1,"[47,-16,2,0,0,0,0,0,0,0,1,-3,5,-11,5,-11,5,-10,5,-10,5,-10,4,-9,4,-8,4,-8,3,-7,3,-7,3,-7,3,-7,2,-6,2,-6,1,-6,1,-6,0,-5,0,-5,0,-5,0,-5,0,-4,-1,-4,-1,-4,-1,-4,-2,-4,-2,-4,-1,-2,-2,-4,-3,-4,-3,-4,-3,-4,-3,-4,-3,-4,-3,-4,-4,-4,-4,-5,-4,-5,-4,-5,-4,-5,-4,-5,-4,-5,-4,-6,-4,-6,-3,-6,-3,-6,-3,-6,-2,-6,-2,-7,-2,-7,-1,-7,-1,-7,-1,-7,0,-7,0,-2,0,0,0,0,0,0,0,0]"
2026-06-22 03:03:23.752439,CSI_DATA,32617,1a:00:00:00:00:00,-62,11,1,0,1,1,1,0,0,0,0,-97,0,11,2,29018646,0,47,0,128,1,"[47,-16,2,0,0,0,0,0,0,0,0,-4,1,-13,1,-12,0,-12,1,-11,1,-10,1,-10,1,-9,1,-9,0,-8,0,-8,0,-8,0,-7,0,-7,-1,-6,-1,-6,-1,-6,-1,-5,-2,-5,-2,-5,-2,-4,-2,-4,-2,-4,-3,-4,-3,-4,-3,-4,-3,-4,-2,-2,-4,-3,-4,-3,-4,-3,-4,-3,-4,-3,-5,-3,-5,-3,-5,-3,-5,-4,-5,-4,-5,-4,-5,-4,-5,-4,-5,-4,-5,-5,-5,-5,-5,-5,-5,-5,-5,-5,-4,-6,-4,-6,-4,-6,-3,-6,-3,-6,-3,-7,-3,-7,-1,-2,0,0,0,0,0,0,0,0]"
2026-06-22 03:03:23.833576,CSI_DATA,32618,1a:00:00:00:00:00,-62,11,1,0,1,1,1,0,0,0,0,-97,0,11,2,29069633,0,47,0,128,1,"[47,-16,2,0,0,0,0,0,0,0,-3,-3,-9,-9,-9,-8,-8,-8,-8,-8,-8,-7,-7,-7,-7,-7,-6,-6,-6,-6,-6,-5,-6,-5,-6,-5,-5,-4,-5,-4,-5,-3,-5,-3,-5,-2,-5,-2,-5,-2,-4,-1,-4,-1,-4,-1,-4,-1,-4,0,-4,0,-4,0,-3,0,-5,1,-5,1,-5,1,-5,1,-5,1,-5,2,-5,2,-5,2,-5,1,-5,1,-5,2,-6,2,-6,2,-6,1,-6,1,-6,1,-7,1,-7,1,-7,0,-7,0,-7,-1,-7,-1,-7,-1,-7,-1,-7,-2,-7,-2,-2,-1,0,0,0,0,0,0,0,0]"
2026-06-22 03:03:23.853753,CSI_DATA,32619,1a:00:00:00:00:00,-62,11,1,0,1,1,1,0,0,0,0,-97,0,11,2,29120641,0,47,0,128,1,"[47,-16,2,0,0,0,0,0,0,0,2,1,10,5,10,4,9,4,9,4,8,4,8,4,7,3,7,3,6,3,6,2,6,2,5,2,5,1,5,1,5,1,4,0,4,0,4,0,4,-1,4,-1,4,-1,3,-1,3,-2,3,-2,3,-2,3,-3,1,-2,3,-3,3,-3,3,-4,3,-4,3,-4,3,-4,3,-4,4,-4,4,-4,4,-4,4,-4,4,-4,4,-4,5,-4,5,-4,5,-3,5,-3,6,-3,6,-2,6,-2,6,-2,6,-2,6,-2,6,-1,6,0,6,0,1,0,0,0,0,0,0,0,0,0]"
2026-06-22 03:03:23.948780,CSI_DATA,32620,1a:00:00:00:00:00,-62,11,1,0,1,1,1,0,0,0,0,-97,0,11,2,29171655,0,47,0,128,1,"[47,-16,2,0,0,0,0,0,0,0,0,-3,1,-12,0,-12,0,-11,0,-11,0,-10,0,-9,0,-9,0,-8,0,-8,-1,-7,-1,-7,-1,-7,-1,-6,-1,-6,-2,-6,-2,-5,-2,-5,-2,-5,-3,-4,-3,-4,-3,-4,-3,-3,-3,-3,-4,-3,-4,-3,-4,-3,-2,-2,-5,-3,-5,-3,-5,-2,-5,-3,-5,-3,-6,-3,-6,-3,-6,-3,-6,-3,-6,-3,-6,-3,-6,-3,-6,-3,-6,-3,-6,-4,-6,-4,-6,-4,-6,-5,-6,-5,-6,-5,-5,-5,-5,-5,-5,-5,-5,-6,-4,-6,-4,-6,-1,-2,0,0,0,0,0,0,0,0]"
2026-06-22 03:03:23.961797,CSI_DATA,32621,1a:00:00:00:00:00,-61,11,1,0,1,1,1,0,0,0,0,-97,0,11,2,29222621,0,47,0,128,1,"[47,-16,2,0,0,0,0,0,0,0,-4,0,-13,3,-12,3,-11,3,-11,3,-11,3,-10,3,-9,3,-9,3,-8,3,-7,3,-7,3,-6,3,-6,3,-5,3,-5,3,-4,3,-4,3,-3,4,-3,4,-3,4,-3,4,-2,4,-2,4,-2,5,-1,5,-1,5,-1,2,-1,5,-1,5,-1,5,0,6,0,6,0,6,0,6,0,7,0,7,0,7,-1,7,-1,7,-1,7,-1,7,-1,7,-2,8,-2,8,-2,8,-3,7,-3,7,-4,7,-4,7,-4,7,-5,7,-5,6,-5,6,-2,1,0,0,0,0,0,0,0,0]"
2026-06-22 03:03:24.044350,CSI_DATA,32622,1a:00:00:00:00:00,-62,11,1,0,1,1,1,0,0,0,0,-97,0,11,2,29273649,0,47,0,128,1,"[47,-16,2,0,0,0,0,0,0,0,1,2,6,10,7,9,6,8,6,8,6,8,5,7,5,6,4,6,4,5,4,5,4,4,4,4,4,3,4,2,4,2,4,2,4,1,4,0,4,0,4,0,4,0,4,-1,4,-1,5,-2,5,-2,5,-2,2,-1,5,-2,6,-3,6,-3,5,-3,6,-3,6,-3,6,-3,6,-3,7,-3,7,-3,7,-3,7,-3,8,-3,8,-3,8,-2,8,-2,8,-2,8,-1,8,-1,8,0,8,0,8,1,8,1,8,1,7,2,7,3,1,0,0,0,0,0,0,0,0,0]"
2026-06-22 03:03:24.061394,CSI_DATA,32623,1a:00:00:00:00:00,-61,11,1,0,1,1,1,0,0,0,0,-97,0,11,2,29324621,0,47,0,128,1,"[47,-16,2,0,0,0,0,0,0,0,-1,-3,-2,-11,-2,-10,-3,-10,-3,-9,-2,-8,-2,-8,-2,-7,-2,-7,-3,-6,-3,-6,-3,-5,-3,-5,-3,-5,-3,-4,-3,-4,-4,-3,-4,-3,-4,-2,-4,-2,-5,-2,-5,-2,-5,-1,-5,-1,-5,-1,-6,-1,-6,-1,-3,0,-6,0,-6,0,-7,0,-7,0,-7,0,-7,0,-7,0,-7,0,-8,-1,-8,-1,-8,-1,-8,-1,-8,-1,-8,-1,-8,-2,-8,-2,-9,-2,-8,-2,-8,-3,-8,-3,-8,-4,-7,-4,-7,-4,-7,-4,-7,-5,-6,-5,-2,-2,0,0,0,0,0,0,0,0]"
2026-06-22 03:03:24.158558,CSI_DATA,32624,1a:00:00:00:00:00,-61,11,1,0,1,1,1,0,0,0,0,-97,0,11,2,29375667,0,47,0,128,1,"[47,-16,2,0,0,0,0,0,0,0,2,0,10,3,10,3,9,2,9,2,8,1,8,1,7,1,6,1,6,0,6,0,5,-1,5,-1,5,-1,4,-2,4,-2,4,-3,3,-3,3,-3,3,-4,3,-4,2,-4,2,-5,2,-5,2,-6,2,-6,2,-6,1,-4,2,-7,2,-7,1,-7,1,-8,2,-8,2,-8,2,-8,2,-8,2,-8,2,-8,2,-9,3,-9,3,-9,3,-9,3,-9,3,-9,4,-9,4,-8,5,-8,5,-8,5,-8,6,-7,6,-7,6,-6,7,-6,7,-5,1,-2,0,0,0,0,0,0,0,0]"
2026-06-22 03:03:24.176138,CSI_DATA,32625,1a:00:00:00:00:00,-61,11,1,0,1,1,1,0,0,0,0,-97,0,11,2,29426659,0,47,0,128,1,"[47,-16,2,0,0,0,0,0,0,0,-2,1,-8,6,-7,6,-7,6,-6,6,-6,5,-5,5,-5,5,-4,5,-4,4,-3,4,-3,4,-2,4,-2,4,-1,4,-1,4,0,4,0,4,1,4,1,4,1,4,1,4,1,4,2,4,2,4,3,4,3,4,1,2,4,4,4,4,4,4,4,4,4,4,4,5,4,5,5,5,5,5,5,5,5,6,5,6,5,6,5,6,4,7,4,7,4,7,4,7,3,7,3,7,2,8,2,8,1,8,1,8,0,8,0,8,0,2,0,0,0,0,0,0,0,0]"
2026-06-22 03:03:24.210637,CSI_DATA,32626,1a:00:00:00:00:00,-61,11,1,0,1,1,1,0,0,0,0,-97,0,11,2,29478677,0,47,0,128,1,"[47,-16,2,0,0,0,0,0,0,0,-1,2,-3,10,-2,10,-2,10,-2,9,-2,8,-2,8,-1,7,-1,7,-1,6,0,6,1,6,1,5,1,5,2,4,2,4,2,3,3,3,3,3,4,3,4,2,4,2,4,2,5,2,5,1,6,1,6,1,3,0,6,1,6,1,7,0,7,0,7,0,7,0,8,0,8,1,8,1,9,1,9,1,9,1,9,1,9,2,9,2,9,2,9,2,9,3,9,3,9,4,8,4,8,4,8,5,8,5,7,6,7,6,1,1,0,0,0,0,0,0,0,0]"
2026-06-22 03:03:24.277381,CSI_DATA,32627,1a:00:00:00:00:00,-61,11,1,0,1,1,1,0,0,0,0,-97,0,11,2,29528650,0,47,0,128,1,"[47,-16,2,0,0,0,0,0,0,0,2,0,9,1,9,1,9,0,8,0,8,0,7,0,7,0,6,0,5,-1,5,-1,5,-2,5,-2,4,-2,4,-3,3,-3,3,-3,3,-4,2,-4,2,-4,2,-4,2,-4,2,-5,1,-5,1,-6,1,-6,0,-6,0,-3,0,-7,0,-7,0,-7,0,-7,0,-8,0,-8,0,-8,0,-8,1,-8,0,-9,0,-9,1,-9,1,-9,1,-9,1,-9,2,-9,2,-9,2,-9,3,-9,3,-9,4,-9,4,-8,4,-8,5,-8,5,-8,5,-7,1,-2,0,0,0,0,0,0,0,0]"
2026-06-22 03:03:24.313889,CSI_DATA,32628,1a:00:00:00:00:00,-61,11,1,0,1,1,1,0,0,0,0,-97,0,11,2,29579648,0,47,0,128,1,"[47,-16,2,0,0,0,0,0,0,0,-3,-2,-10,-6,-10,-6,-10,-5,-9,-5,-9,-4,-8,-4,-8,-4,-7,-3,-7,-2,-7,-2,-6,-2,-6,-1,-6,0,-6,0,-6,1,-5,1,-5,1,-5,2,-4,3,-4,3,-4,3,-4,4,-4,4,-4,4,-4,5,-4,5,-2,3,-3,6,-3,6,-3,7,-3,7,-3,7,-4,7,-4,8,-4,8,-4,8,-4,8,-4,8,-4,8,-5,8,-5,9,-5,8,-5,8,-6,9,-6,8,-7,8,-7,7,-7,7,-8,7,-8,7,-8,6,-9,6,-9,5,-3,1,0,0,0,0,0,0,0,0]"
2026-06-22 03:03:24.369662,CSI_DATA,32629,1a:00:00:00:00:00,-61,11,1,0,1,1,1,0,0,0,0,-97,0,11,2,29630628,0,47,0,128,1,"[47,-16,2,0,0,0,0,0,0,0,1,2,4,10,5,9,5,8,5,8,4,7,4,6,4,6,4,5,4,5,4,4,4,3,4,3,4,2,4,2,4,1,4,1,4,0,4,0,4,-1,4,-1,4,-2,4,-2,4,-2,5,-3,5,-3,5,-3,2,-2,5,-4,5,-5,6,-5,6,-5,6,-5,6,-5,6,-6,7,-6,7,-6,7,-6,8,-6,8,-6,8,-6,8,-6,8,-5,9,-5,9,-5,9,-4,9,-4,9,-3,9,-3,10,-2,10,-2,10,-1,10,-1,9,0,2,0,0,0,0,0,0,0,0,0]"
2026-06-22 03:03:24.416389,CSI_DATA,32630,1a:00:00:00:00:00,-61,11,1,0,1,1,1,0,0,0,0,-97,0,11,2,29682529,0,47,0,128,1,"[47,-16,2,0,0,0,0,0,0,0,-3,-1,-12,-4,-11,-3,-11,-3,-10,-2,-10,-2,-9,-2,-8,-2,-8,-1,-7,-1,-7,0,-7,0,-6,1,-5,1,-5,1,-5,2,-4,2,-4,2,-4,3,-3,3,-3,4,-3,4,-3,4,-2,5,-2,5,-2,5,-2,6,-1,3,-1,6,-1,6,-1,7,-1,7,-1,7,-1,8,-1,8,-1,8,-2,8,-2,9,-2,9,-2,9,-2,9,-2,9,-3,9,-3,9,-3,9,-4,9,-4,9,-5,9,-5,8,-6,8,-6,8,-6,8,-7,7,-7,7,-2,1,0,0,0,0,0,0,0,0]"
2026-06-22 03:03:24.474074,CSI_DATA,32631,1a:00:00:00:00:00,-61,11,1,0,1,1,1,0,0,0,0,-97,0,11,2,29732631,0,47,0,128,1,"[47,-16,2,0,0,0,0,0,0,0,-2,2,-5,10,-5,9,-4,9,-4,8,-4,8,-3,7,-3,7,-2,6,-1,6,-1,5,0,5,0,5,0,4,1,4,1,4,2,3,2,3,3,3,3,3,3,2,4,2,4,2,5,2,5,1,5,1,5,1,3,0,6,1,7,1,7,0,7,1,7,1,7,1,8,1,8,1,8,1,9,1,9,1,9,1,9,2,9,2,9,2,9,2,9,3,9,3,9,3,9,4,9,4,8,5,8,5,8,5,7,6,7,6,1,1,0,0,0,0,0,0,0,0]"
2026-06-22 03:03:24.516487,CSI_DATA,32632,1a:00:00:00:00:00,-61,11,1,0,1,1,1,0,0,0,0,-97,0,11,2,29783635,0,47,0,128,1,"[47,-16,2,0,0,0,0,0,0,0,-1,-3,-1,-11,-2,-10,-2,-9,-2,-9,-2,-8,-2,-8,-2,-7,-2,-7,-2,-6,-3,-6,-3,-5,-3,-5,-3,-4,-3,-4,-4,-3,-4,-3,-4,-3,-4,-2,-5,-1,-5,-1,-5,-1,-5,-1,-5,-1,-6,0,-6,0,-6,0,-3,0,-7,0,-7,1,-7,1,-7,1,-7,1,-8,1,-8,1,-8,1,-8,1,-9,1,-9,1,-9,1,-9,1,-9,1,-9,0,-10,0,-10,0,-10,-1,-10,-1,-10,-2,-9,-2,-10,-2,-9,-3,-9,-3,-9,-4,-8,-4,-2,-2,0,0,0,0,0,0,0,0]"
2026-06-22 03:03:24.610576,CSI_DATA,32633,1a:00:00:00:00:00,-60,11,1,0,1,1,1,0,0,0,0,-97,0,11,2,29834617,0,47,0,128,1,"[47,-16,2,0,0,0,0,0,0,0,1,2,5,8,5,7,5,7,5,6,5,6,4,6,4,5,4,5,4,4,4,3,4,3,4,2,4,1,4,1,4,1,4,0,4,0,4,-1,4,-1,4,-2,4,-2,4,-2,4,-2,4,-3,4,-3,4,-4,2,-2,4,-4,4,-5,4,-5,5,-5,5,-5,5,-5,5,-6,6,-6,6,-5,6,-6,6,-6,6,-6,6,-6,7,-6,7,-6,7,-6,8,-5,8,-5,8,-4,8,-4,8,-3,8,-3,8,-3,9,-3,9,-2,9,-1,2,-1,0,0,0,0,0,0,0,0]"
2026-06-22 03:03:24.625917,CSI_DATA,32634,1a:00:00:00:00:00,-60,11,1,0,1,1,1,0,0,0,0,-97,0,11,2,29885632,0,47,0,128,1,"[47,-16,2,0,0,0,0,0,0,0,2,-1,11,-1,11,-1,10,-2,10,-2,9,-2,8,-2,8,-2,7,-2,6,-2,6,-3,5,-3,5,-4,4,-4,4,-4,4,-4,3,-5,3,-5,2,-5,2,-5,1,-5,1,-6,1,-6,0,-6,0,-7,-1,-7,-1,-7,-1,-4,-1,-7,-1,-8,-2,-8,-2,-8,-2,-8,-2,-9,-2,-9,-2,-9,-2,-10,-2,-10,-2,-10,-1,-10,-1,-11,-1,-11,-1,-11,-1,-11,0,-11,0,-11,1,-11,1,-11,2,-11,2,-11,3,-11,3,-11,3,-10,4,-10,1,-3,0,0,0,0,0,0,0,0]"
2026-06-22 03:03:24.709751,CSI_DATA,32635,1a:00:00:00:00:00,-60,11,1,0,1,1,1,0,0,0,0,-97,0,11,2,29936655,0,47,0,128,1,"[47,-16,2,0,0,0,0,0,0,0,-3,-1,-11,-4,-11,-3,-10,-2,-10,-2,-9,-2,-9,-2,-8,-2,-8,-1,-7,-1,-7,0,-7,0,-6,0,-6,1,-6,1,-5,1,-5,2,-5,2,-4,2,-4,3,-4,3,-3,3,-3,4,-3,4,-3,4,-3,5,-3,5,-1,2,-2,6,-2,6,-2,6,-2,6,-2,7,-2,7,-2,7,-2,7,-2,7,-3,7,-3,8,-3,8,-3,8,-3,8,-4,8,-4,8,-4,8,-5,8,-5,8,-6,7,-6,7,-6,7,-7,7,-7,7,-7,6,-8,6,-2,1,0,0,0,0,0,0,0,0]"
2026-06-22 03:03:24.725968,CSI_DATA,32636,1a:00:00:00:00:00,-60,11,1,0,1,1,1,0,0,0,0,-97,0,11,2,29987654,0,47,0,128,1,"[47,-16,2,0,0,0,0,0,0,0,-2,1,-8,7,-8,7,-7,7,-7,6,-7,6,-6,6,-6,5,-5,5,-4,5,-4,5,-3,5,-3,5,-2,5,-2,5,-1,4,-1,4,0,4,0,4,1,4,1,4,1,4,2,4,2,4,2,4,3,4,3,4,1,2,4,4,4,4,4,5,4,5,5,5,5,5,5,5,5,6,5,6,6,6,6,6,5,6,5,7,5,7,5,7,5,7,5,8,4,8,4,8,4,9,3,9,3,9,2,9,2,9,1,9,1,9,0,2,0,0,0,0,0,0,0,0]"
2026-06-22 03:03:24.769978,CSI_DATA,32637,1a:00:00:00:00:00,-60,11,1,0,1,1,1,0,0,0,0,-97,0,11,2,30038643,0,47,0,128,1,"[47,-16,2,0,0,0,0,0,0,0,2,1,9,4,9,4,9,3,8,3,8,2,7,2,7,2,6,1,6,1,5,0,5,0,5,-1,5,-1,5,-2,4,-2,4,-2,4,-3,4,-3,4,-4,4,-4,3,-4,3,-4,3,-5,3,-5,3,-6,3,-6,1,-3,3,-6,3,-7,3,-7,3,-7,3,-7,3,-8,3,-8,4,-8,4,-8,4,-8,4,-8,5,-9,5,-9,5,-9,6,-8,6,-8,6,-8,6,-8,7,-7,7,-7,8,-7,8,-6,8,-6,8,-6,8,-5,9,-5,2,-1,0,0,0,0,0,0,0,0]"
2026-06-22 03:03:24.831496,CSI_DATA,32638,1a:00:00:00:00:00,-59,11,1,0,1,1,1,0,0,0,0,-97,0,11,2,30089623,0,47,0,128,1,"[47,-16,2,0,0,0,0,0,0,0,-3,-2,-9,-7,-9,-6,-9,-5,-8,-5,-8,-4,-8,-4,-7,-4,-7,-3,-6,-2,-6,-2,-6,-1,-6,-1,-6,0,-6,0,-6,0,-6,1,-6,1,-5,2,-5,2,-5,3,-5,3,-5,3,-5,3,-5,4,-5,5,-5,5,-3,2,-5,5,-5,6,-5,6,-5,6,-5,6,-5,7,-5,7,-5,7,-6,7,-6,7,-6,7,-6,7,-6,7,-7,7,-7,7,-8,7,-8,7,-8,7,-9,6,-9,6,-9,5,-9,5,-10,5,-10,5,-10,4,-10,3,-3,0,0,0,0,0,0,0,0,0]"
2026-06-22 03:03:24.880575,CSI_DATA,32639,1a:00:00:00:00:00,-59,11,1,0,1,1,1,0,0,0,0,-97,0,11,2,30140647,0,47,0,128,1,"[47,-16,2,0,0,0,0,0,0,0,2,0,10,2,10,1,9,1,9,1,9,1,8,0,7,0,7,0,6,-1,6,-2,6,-2,6,-2,5,-3,5,-3,5,-4,5,-4,4,-4,4,-5,4,-5,4,-5,4,-6,3,-6,3,-6,3,-7,3,-7,3,-7,1,-4,3,-8,3,-8,3,-9,3,-9,3,-9,3,-9,3,-9,3,-10,3,-10,4,-10,4,-10,4,-10,4,-10,4,-10,5,-10,5,-10,6,-10,6,-10,6,-10,7,-9,7,-9,7,-8,8,-8,8,-8,8,-7,8,-7,2,-2,0,0,0,0,0,0,0,0]"
2026-06-22 03:03:24.952487,CSI_DATA,32640,1a:00:00:00:00:00,-59,11,1,0,1,1,1,0,0,0,0,-97,0,11,2,30191648,0,47,0,128,1,"[47,-16,2,0,0,0,0,0,0,0,-3,0,-10,0,-10,0,-9,0,-9,1,-8,1,-8,1,-7,1,-7,1,-6,2,-6,2,-5,3,-5,3,-4,3,-4,3,-4,4,-3,4,-3,4,-3,5,-2,5,-2,5,-2,5,-2,6,-2,6,-1,6,-1,7,-1,7,-1,3,-1,8,-1,8,-1,8,0,8,-1,8,-1,9,-1,9,-1,9,-1,9,-1,10,-1,10,-1,10,-2,10,-2,10,-2,10,-2,10,-3,10,-3,10,-3,10,-4,10,-5,9,-5,9,-6,9,-6,9,-6,8,-6,8,-2,2,0,0,0,0,0,0,0,0]"
2026-06-22 03:03:24.985532,CSI_DATA,32641,1a:00:00:00:00:00,-64,11,1,0,1,1,1,0,0,0,0,-97,0,11,2,30242632,0,47,0,128,1,"[47,-16,2,0,0,0,0,0,0,0,2,-2,7,-7,7,-8,6,-7,6,-7,5,-6,4,-5,3,-5,3,-5,2,-5,1,-5,1,-5,0,-4,-1,-4,-1,-4,-2,-3,-2,-3,-3,-3,-3,-3,-4,-3,-4,-3,-4,-3,-5,-2,-5,-2,-6,-2,-6,-2,-6,-2,-4,-1,-7,-2,-7,-2,-7,-2,-8,-2,-8,-2,-8,-2,-8,-2,-8,-2,-9,-3,-9,-3,-9,-3,-9,-3,-9,-3,-9,-4,-9,-4,-9,-4,-9,-4,-8,-4,-8,-5,-8,-5,-7,-6,-7,-6,-6,-6,-6,-6,-6,-6,-5,-7,-2,-2,0,0,0,0,0,0,0,0]"
2026-06-22 03:03:25.060483,CSI_DATA,32642,1a:00:00:00:00:00,-64,11,1,0,1,1,1,0,0,0,0,-97,0,11,2,30293630,0,47,0,128,1,"[47,-16,2,0,0,0,0,0,0,0,-1,-3,-2,-11,-2,-11,-2,-10,-2,-9,-2,-9,-2,-8,-2,-8,-2,-7,-2,-6,-2,-6,-3,-5,-3,-5,-3,-4,-3,-4,-3,-3,-3,-3,-3,-3,-3,-2,-3,-2,-4,-2,-4,-1,-4,-1,-4,-1,-4,0,-5,0,-5,0,-3,0,-5,1,-5,1,-5,1,-6,1,-6,1,-6,1,-6,1,-6,1,-6,1,-7,1,-7,1,-7,1,-7,1,-7,0,-7,0,-7,0,-7,0,-7,-1,-7,-1,-7,-2,-7,-2,-6,-2,-6,-2,-6,-3,-6,-4,-6,-4,-2,-1,0,0,0,0,0,0,0,0]"
2026-06-22 03:03:25.084261,CSI_DATA,32643,1a:00:00:00:00:00,-62,11,1,0,1,1,1,0,0,0,0,-97,0,11,2,30344638,0,47,0,128,1,"[47,-16,2,0,0,0,0,0,0,0,-4,0,-13,1,-13,1,-12,1,-12,1,-11,1,-10,1,-10,1,-9,1,-8,1,-8,1,-8,1,-7,2,-7,2,-6,2,-6,2,-5,2,-5,2,-4,3,-4,3,-4,3,-3,3,-3,3,-3,4,-3,4,-3,4,-3,5,-1,2,-2,5,-2,5,-2,5,-2,5,-2,5,-2,5,-2,5,-2,6,-2,6,-2,6,-2,6,-2,6,-3,6,-3,6,-3,6,-3,6,-4,6,-4,6,-4,6,-5,5,-5,5,-6,5,-6,5,-6,5,-6,4,-7,4,-2,1,0,0,0,0,0,0,0,0]"
2026-06-22 03:03:25.151352,CSI_DATA,32644,1a:00:00:00:00:00,-61,11,1,0,1,1,1,0,0,0,0,-97,0,11,2,30395651,0,47,0,128,1,"[47,-16,2,0,0,0,0,0,0,0,1,2,5,10,5,9,5,9,4,8,4,8,4,7,3,7,3,6,3,6,3,5,3,5,3,4,3,3,3,3,3,3,3,2,3,2,3,1,3,1,3,1,3,1,4,0,4,0,4,-1,4,-1,4,-1,2,-1,4,-2,4,-2,5,-2,5,-2,5,-2,5,-2,5,-2,5,-2,6,-2,6,-2,6,-2,6,-2,6,-2,6,-2,6,-1,7,-1,7,-1,7,0,7,0,7,1,7,1,6,1,6,1,6,2,6,3,6,3,1,0,0,0,0,0,0,0,0,0]"
2026-06-22 03:03:25.181480,CSI_DATA,32645,1a:00:00:00:00:00,-62,11,1,0,1,1,1,0,0,0,0,-97,0,11,2,30446633,0,47,0,128,1,"[47,-16,2,0,0,0,0,0,0,0,2,-1,10,-4,10,-5,9,-5,9,-5,8,-4,8,-4,7,-3,7,-3,6,-3,5,-4,5,-4,5,-4,4,-4,4,-4,3,-4,3,-4,2,-4,2,-4,2,-4,1,-4,1,-4,1,-4,1,-5,0,-5,0,-5,0,-5,0,-3,0,-5,-1,-6,-1,-6,-1,-6,-1,-6,-1,-6,-1,-6,-1,-6,0,-7,0,-7,-1,-7,0,-7,0,-7,0,-7,0,-7,1,-7,1,-7,1,-7,2,-7,2,-7,3,-7,3,-7,3,-7,3,-6,4,-6,4,-5,1,-2,0,0,0,0,0,0,0,0]"
2026-06-22 03:03:25.268951,CSI_DATA,32646,1a:00:00:00:00:00,-62,11,1,0,1,1,1,0,0,0,0,-97,0,11,2,30497633,0,47,0,128,1,"[47,-16,2,0,0,0,0,0,0,0,-3,1,-9,7,-8,7,-7,6,-7,6,-7,6,-6,5,-6,5,-5,4,-4,4,-3,4,-3,4,-3,4,-2,4,-1,4,-1,3,0,3,0,3,0,3,1,3,1,3,1,3,2,3,2,3,3,2,3,2,3,2,2,1,4,2,4,2,4,2,5,2,5,2,5,3,5,3,5,3,6,3,6,3,6,3,6,3,6,3,6,4,6,4,6,4,5,4,5,5,5,5,4,5,4,5,4,5,4,5,3,5,3,6,2,6,0,1,0,0,0,0,0,0,0,0]"
2026-06-22 03:03:25.289637,CSI_DATA,32647,1a:00:00:00:00:00,-60,11,1,0,1,1,1,0,0,0,0,-97,0,11,2,30548633,0,47,0,128,1,"[47,-16,2,0,0,0,0,0,0,0,1,-3,3,-11,3,-10,2,-10,2,-10,1,-9,1,-8,0,-8,0,-7,0,-7,-1,-7,-2,-6,-2,-6,-2,-6,-3,-5,-4,-5,-4,-5,-4,-4,-5,-4,-5,-4,-6,-3,-6,-3,-6,-3,-7,-3,-7,-3,-8,-3,-8,-3,-4,-2,-9,-3,-9,-3,-9,-2,-9,-2,-10,-2,-10,-3,-10,-3,-10,-3,-10,-3,-11,-3,-11,-3,-11,-4,-11,-4,-11,-4,-11,-5,-11,-5,-11,-5,-11,-6,-10,-6,-10,-7,-10,-7,-9,-7,-9,-7,-9,-8,-8,-8,-7,-9,-2,-3,0,0,0,0,0,0,0,0]"
2026-06-22 03:03:25.378545,CSI_DATA,32648,1a:00:00:00:00:00,-58,11,1,0,1,1,1,0,0,0,0,-97,0,11,2,30599641,0,47,0,128,1,"[47,-16,2,0,0,0,0,0,0,0,-2,-2,-8,-7,-8,-6,-8,-6,-8,-5,-7,-5,-7,-5,-7,-4,-7,-4,-7,-3,-7,-3,-7,-2,-7,-2,-7,-1,-7,-1,-6,-1,-6,0,-6,0,-6,1,-6,1,-6,2,-6,2,-6,2,-6,2,-6,3,-7,3,-7,3,-4,2,-7,4,-7,4,-7,5,-7,5,-7,5,-8,5,-8,5,-8,5,-8,5,-8,5,-8,5,-9,5,-9,5,-9,5,-9,5,-10,4,-10,4,-10,4,-11,3,-11,3,-11,3,-11,2,-11,2,-11,2,-11,1,-11,0,-3,0,0,0,0,0,0,0,0,0]"
2026-06-22 03:03:25.398155,CSI_DATA,32649,1a:00:00:00:00:00,-57,11,1,0,1,1,1,0,0,0,0,-97,0,11,2,30650632,0,47,0,128,1,"[47,-16,2,0,0,0,0,0,0,0,-2,-3,-7,-9,-7,-9,-7,-8,-7,-8,-7,-7,-6,-7,-6,-6,-6,-6,-6,-5,-6,-5,-7,-5,-7,-4,-7,-4,-7,-3,-7,-3,-7,-3,-7,-2,-7,-2,-7,-1,-7,-1,-8,-1,-8,-1,-8,0,-8,0,-8,0,-8,0,-5,0,-9,1,-9,1,-9,1,-9,2,-9,1,-10,1,-10,1,-10,1,-10,1,-11,1,-11,1,-11,1,-11,1,-11,1,-11,0,-12,0,-12,0,-12,-1,-12,-1,-12,-2,-12,-3,-12,-3,-12,-3,-12,-4,-11,-4,-11,-5,-3,-2,0,0,0,0,0,0,0,0]"
2026-06-22 03:03:25.482469,CSI_DATA,32650,1a:00:00:00:00:00,-58,11,1,0,1,1,1,0,0,0,0,-97,0,11,2,30701640,0,47,0,128,1,"[47,-16,2,0,0,0,0,0,0,0,-1,-3,-3,-11,-3,-10,-4,-10,-4,-9,-4,-9,-4,-8,-4,-8,-4,-7,-4,-7,-5,-6,-5,-6,-5,-6,-5,-5,-5,-5,-6,-5,-6,-4,-6,-4,-6,-3,-6,-3,-6,-3,-6,-3,-7,-2,-7,-2,-7,-2,-8,-1,-8,-2,-4,-1,-8,-1,-9,-1,-9,-1,-9,-1,-9,-1,-9,-1,-10,-1,-10,-1,-10,-1,-10,-1,-11,-1,-10,-1,-11,-1,-11,-1,-11,-2,-11,-2,-11,-2,-11,-2,-11,-3,-11,-4,-11,-4,-11,-4,-11,-5,-11,-5,-10,-6,-10,-6,-3,-2,0,0,0,0,0,0,0,0]"
2026-06-22 03:03:25.497692,CSI_DATA,32651,1a:00:00:00:00:00,-57,11,1,0,1,1,1,0,0,0,0,-97,0,11,2,30752616,0,47,0,128,1,"[47,-16,2,0,0,0,0,0,0,0,2,-2,11,-6,10,-6,9,-6,9,-6,8,-6,8,-6,7,-6,7,-6,6,-6,6,-7,5,-7,5,-7,4,-7,3,-7,3,-7,2,-8,2,-8,1,-8,1,-8,1,-8,1,-8,0,-9,0,-9,0,-9,-1,-10,-1,-10,-1,-5,-2,-10,-2,-10,-2,-11,-2,-11,-2,-11,-2,-11,-2,-11,-2,-12,-2,-12,-2,-13,-2,-13,-1,-13,-1,-13,-1,-13,-1,-13,-1,-14,0,-14,0,-14,1,-13,2,-13,2,-14,3,-14,4,-13,4,-13,5,-13,5,-12,1,-3,0,0,0,0,0,0,0,0]"
2026-06-22 03:03:25.537991,CSI_DATA,32652,1a:00:00:00:00:00,-58,11,1,0,1,1,1,0,0,0,0,-97,0,11,2,30804300,0,47,0,128,1,"[47,-16,2,0,0,0,0,0,0,0,0,-4,3,-13,2,-12,1,-12,1,-12,1,-11,1,-11,1,-10,0,-10,0,-9,-1,-9,-1,-9,-2,-9,-2,-8,-3,-8,-3,-8,-4,-7,-4,-7,-4,-7,-5,-7,-5,-6,-5,-6,-5,-6,-6,-6,-7,-6,-7,-6,-7,-6,-4,-3,-8,-6,-8,-5,-8,-5,-9,-6,-9,-6,-9,-6,-9,-6,-9,-6,-9,-6,-10,-7,-10,-7,-10,-7,-10,-7,-10,-7,-10,-8,-10,-8,-10,-8,-10,-9,-9,-9,-9,-10,-8,-10,-8,-10,-7,-10,-7,-11,-6,-12,-6,-12,-2,-3,0,0,0,0,0,0,0,0]"
2026-06-22 03:03:25.589347,CSI_DATA,32653,1a:00:00:00:00:00,-58,11,1,0,1,1,1,0,0,0,0,-97,0,11,2,30854626,0,47,0,128,1,"[47,-16,2,0,0,0,0,0,0,0,0,-3,2,-11,2,-11,2,-11,2,-10,1,-10,1,-9,1,-9,1,-8,0,-8,0,-8,-1,-8,-1,-7,-2,-7,-2,-7,-2,-7,-3,-7,-3,-6,-3,-6,-3,-6,-3,-6,-3,-6,-4,-6,-4,-6,-5,-5,-5,-5,-6,-6,-3,-3,-6,-5,-6,-5,-7,-5,-7,-5,-7,-5,-7,-6,-7,-6,-7,-6,-7,-6,-8,-6,-8,-6,-8,-6,-8,-7,-8,-7,-8,-7,-8,-8,-8,-8,-7,-8,-7,-9,-6,-9,-6,-9,-6,-10,-5,-10,-5,-10,-5,-10,-5,-10,-1,-3,0,0,0,0,0,0,0,0]"
2026-06-22 03:03:25.638017,CSI_DATA,32654,1a:00:00:00:00:00,-58,11,1,0,1,1,1,0,0,0,0,-97,0,11,2,30905620,0,47,0,128,1,"[47,-16,2,0,0,0,0,0,0,0,2,0,10,0,10,0,10,-1,10,-1,9,-1,8,-1,8,-1,7,-1,7,-1,7,-2,7,-2,7,-2,6,-3,6,-3,5,-3,5,-3,5,-4,5,-4,4,-4,4,-5,4,-5,4,-5,4,-5,3,-6,3,-6,3,-6,1,-4,3,-7,3,-7,3,-7,3,-7,3,-8,3,-8,3,-8,4,-8,4,-8,4,-8,4,-8,4,-8,4,-9,4,-9,4,-9,5,-9,5,-9,5,-9,6,-8,6,-8,7,-8,7,-7,7,-7,8,-7,8,-6,8,-6,2,-2,0,0,0,0,0,0,0,0]"
2026-06-22 03:03:25.702310,CSI_DATA,32655,1a:00:00:00:00:00,-58,11,1,0,1,1,1,0,0,0,0,-97,0,11,2,30956631,0,47,0,128,1,"[47,-16,2,0,0,0,0,0,0,0,0,2,2,11,2,10,3,10,3,9,2,9,2,8,2,8,2,7,2,7,3,6,3,6,3,6,4,5,4,5,4,4,4,4,4,4,4,3,5,3,5,3,5,3,5,3,5,2,6,2,6,2,6,1,3,0,6,1,7,1,7,1,7,1,7,0,7,0,8,1,8,1,8,1,8,1,8,1,8,1,8,1,9,1,9,1,9,2,9,2,9,3,9,3,9,3,9,4,9,4,9,4,8,5,8,5,7,6,1,1,0,0,0,0,0,0,0,0]"
2026-06-22 03:03:25.743613,CSI_DATA,32656,1a:00:00:00:00:00,-59,11,1,0,1,1,1,0,0,0,0,-97,0,11,2,31007629,0,47,0,128,1,"[47,-16,2,0,0,0,0,0,0,0,-3,0,-12,0,-11,0,-11,1,-11,1,-10,1,-10,1,-9,1,-9,1,-8,1,-8,1,-8,2,-8,2,-7,2,-7,2,-6,3,-6,3,-6,3,-5,3,-5,3,-5,4,-5,4,-5,4,-5,4,-4,5,-4,5,-4,5,-2,2,-4,6,-4,6,-4,6,-4,6,-4,6,-4,7,-4,7,-4,7,-4,7,-4,7,-4,7,-5,7,-5,7,-5,7,-5,8,-6,8,-6,8,-6,7,-7,7,-7,7,-8,6,-8,6,-8,6,-9,6,-9,5,-9,4,-3,1,0,0,0,0,0,0,0,0]"
2026-06-22 03:03:25.809706,CSI_DATA,32657,1a:00:00:00:00:00,-59,11,1,0,1,1,1,0,0,0,0,-97,0,11,2,31058643,0,47,0,128,1,"[47,-16,2,0,0,0,0,0,0,0,1,1,6,7,6,7,6,6,5,6,5,6,5,5,4,5,4,5,4,4,4,4,5,3,5,3,5,3,5,2,5,2,5,2,5,1,4,1,4,1,4,0,4,0,5,0,5,0,5,-1,5,-1,5,-1,2,-1,6,-1,6,-1,6,-2,6,-2,6,-2,6,-2,6,-2,6,-2,7,-2,7,-2,7,-2,7,-2,7,-2,7,-2,7,-1,8,-1,8,-1,8,-1,8,0,8,0,8,1,8,1,8,1,8,1,8,2,8,3,2,0,0,0,0,0,0,0,0,0]"
2026-06-22 03:03:25.842669,CSI_DATA,32658,1a:00:00:00:00:00,-59,11,1,0,1,1,1,0,0,0,0,-97,0,11,2,31109654,0,47,0,128,1,"[47,-16,2,0,0,0,0,0,0,0,1,2,7,7,7,7,7,6,7,6,6,6,6,5,6,5,6,5,5,4,5,3,6,3,6,3,6,2,6,2,5,2,6,1,5,1,5,0,5,0,5,0,5,0,5,0,5,-1,6,-1,6,-2,6,-2,3,-1,6,-2,6,-2,6,-3,6,-3,6,-3,7,-3,7,-3,7,-3,7,-3,7,-3,8,-3,8,-3,8,-3,8,-3,8,-2,8,-2,8,-2,9,-2,9,-1,9,0,9,0,9,0,9,1,9,1,9,2,8,2,2,0,0,0,0,0,0,0,0,0]"
2026-06-22 03:03:25.937324,CSI_DATA,32659,1a:00:00:00:00:00,-58,11,1,0,1,1,1,0,0,0,0,-97,0,11,2,31160642,0,47,0,128,1,"[47,-16,2,0,0,0,0,0,0,0,-1,-4,-4,-14,-4,-13,-4,-13,-4,-12,-4,-12,-4,-11,-4,-11,-4,-10,-4,-10,-4,-9,-5,-9,-5,-8,-5,-8,-5,-7,-5,-7,-5,-7,-6,-6,-6,-6,-6,-5,-6,-5,-6,-5,-6,-5,-7,-5,-7,-4,-7,-4,-8,-4,-4,-2,-8,-4,-8,-3,-9,-3,-9,-3,-9,-3,-9,-3,-9,-3,-9,-3,-10,-4,-10,-4,-10,-4,-10,-4,-10,-4,-10,-5,-10,-5,-10,-5,-10,-5,-10,-6,-10,-7,-9,-7,-9,-8,-9,-8,-8,-8,-8,-9,-8,-9,-7,-10,-2,-3,0,0,0,0,0,0,0,0]"
2026-06-22 03:03:25.956911,CSI_DATA,32660,1a:00:00:00:00:00,-59,11,1,0,1,1,1,0,0,0,0,-97,0,11,2,31211659,0,47,0,128,1,"[47,-16,2,0,0,0,0,0,0,0,0,2,2,11,2,10,2,10,2,9,2,9,2,8,2,8,2,8,2,7,2,7,3,6,3,6,3,6,3,5,3,5,3,4,3,4,3,4,4,4,4,3,4,3,4,3,4,3,5,3,5,2,5,3,2,1,5,2,5,2,6,2,6,2,6,2,6,2,6,2,7,2,7,3,7,3,7,3,7,3,7,3,7,3,7,4,7,4,7,4,7,5,7,5,7,6,6,6,6,6,6,6,6,6,5,7,5,7,1,1,0,0,0,0,0,0,0,0]"
2026-06-22 03:03:26.036889,CSI_DATA,32661,1a:00:00:00:00:00,-58,11,1,0,1,1,1,0,0,0,0,-97,0,11,2,31262615,0,47,0,128,1,"[47,-16,2,0,0,0,0,0,0,0,2,-1,10,-3,10,-4,9,-4,9,-4,9,-4,8,-4,7,-4,7,-4,6,-4,6,-4,6,-4,6,-4,5,-5,5,-5,4,-5,4,-5,3,-5,3,-5,3,-5,3,-6,2,-6,2,-6,2,-6,1,-6,1,-7,1,-7,0,-4,1,-7,0,-8,0,-8,0,-8,0,-8,0,-8,0,-8,0,-9,0,-9,0,-9,0,-9,0,-9,1,-10,1,-10,1,-10,1,-10,1,-10,2,-10,2,-10,3,-10,4,-10,4,-10,5,-10,5,-9,5,-9,5,-8,1,-2,0,0,0,0,0,0,0,0]"
2026-06-22 03:03:26.056992,CSI_DATA,32662,1a:00:00:00:00:00,-57,11,1,0,1,1,1,0,0,0,0,-97,0,11,2,31313628,0,47,0,128,1,"[47,-16,2,0,0,0,0,0,0,0,-2,2,-8,9,-7,9,-7,9,-7,8,-6,8,-6,8,-6,7,-5,7,-5,7,-4,7,-4,7,-3,7,-3,7,-3,7,-2,6,-2,6,-1,6,-1,6,-1,6,0,6,0,6,0,6,1,6,1,6,1,7,1,7,1,3,2,7,2,7,2,7,3,7,3,7,3,8,3,8,3,8,3,8,3,8,3,9,3,9,3,9,3,9,3,9,3,10,2,10,2,10,2,10,1,10,0,11,0,10,-1,11,-1,11,-2,11,-2,11,-1,2,0,0,0,0,0,0,0,0]"
2026-06-22 03:03:26.136409,CSI_DATA,32663,1a:00:00:00:00:00,-58,11,1,0,1,1,1,0,0,0,0,-97,0,11,2,31364613,0,47,0,128,1,"[47,-16,2,0,0,0,0,0,0,0,0,2,3,10,4,10,4,10,4,9,4,9,4,8,4,8,4,8,4,7,4,6,4,6,4,6,4,5,4,5,4,5,5,4,5,4,5,3,5,3,5,3,5,3,5,3,5,2,6,2,6,2,6,2,3,1,7,1,7,1,7,1,7,1,8,1,8,1,8,1,8,1,8,1,8,2,9,2,9,2,9,2,9,2,9,2,9,3,10,3,9,4,9,4,9,5,9,5,9,5,8,5,8,6,8,7,7,7,1,1,0,0,0,0,0,0,0,0]"
2026-06-22 03:03:26.152088,CSI_DATA,32664,1a:00:00:00:00:00,-58,11,1,0,1,1,1,0,0,0,0,-97,0,11,2,31415665,0,47,0,128,1,"[47,-16,2,0,0,0,0,0,0,0,-3,1,-10,6,-9,6,-9,6,-8,6,-8,6,-8,5,-7,5,-7,5,-6,5,-6,5,-6,5,-5,5,-5,6,-5,5,-4,5,-4,5,-3,6,-3,6,-3,6,-3,6,-2,6,-2,6,-2,6,-1,6,-1,6,-1,7,-1,3,-1,7,-1,7,0,7,0,7,0,7,0,8,0,8,0,8,0,8,0,9,0,9,0,9,-1,9,-1,9,-1,9,-1,9,-2,10,-2,10,-3,10,-3,9,-4,9,-4,9,-4,9,-5,9,-5,9,-6,9,-2,2,0,0,0,0,0,0,0,0]"
2026-06-22 03:03:26.242018,CSI_DATA,32665,1a:00:00:00:00:00,-58,11,1,0,1,1,1,0,0,0,0,-97,0,11,2,31466649,0,47,0,128,1,"[47,-16,2,0,0,0,0,0,0,0,1,2,4,9,4,9,5,8,5,8,4,8,4,7,4,7,4,7,4,6,4,5,5,5,5,5,5,4,5,4,5,3,5,3,5,2,5,2,5,2,5,2,5,1,6,1,6,1,6,0,6,0,6,0,3,0,7,-1,7,-1,7,-1,7,-1,7,-1,8,-1,8,-1,8,-1,9,-1,9,-1,9,-2,9,-2,9,-2,9,-1,10,-1,10,-1,10,0,10,0,10,1,10,2,10,2,10,2,10,2,10,2,10,3,9,4,2,1,0,0,0,0,0,0,0,0]"
2026-06-22 03:03:26.255717,CSI_DATA,32666,1a:00:00:00:00:00,-58,11,1,0,1,1,1,0,0,0,0,-97,0,11,2,31517626,0,47,0,128,1,"[47,-16,2,0,0,0,0,0,0,0,2,-2,10,-7,9,-7,9,-7,9,-7,8,-7,8,-6,7,-6,7,-5,7,-6,6,-6,5,-6,5,-6,5,-6,4,-6,4,-6,4,-6,3,-6,3,-6,3,-6,3,-6,3,-6,2,-6,2,-6,1,-7,1,-7,1,-7,0,-4,1,-7,1,-8,0,-8,0,-8,1,-8,1,-8,1,-8,1,-8,1,-9,0,-9,0,-9,0,-9,1,-9,1,-9,1,-9,1,-9,2,-10,2,-9,3,-9,3,-9,4,-9,5,-9,5,-9,5,-9,5,-8,5,-8,1,-2,0,0,0,0,0,0,0,0]"
2026-06-22 03:03:26.302090,CSI_DATA,32667,1a:00:00:00:00:00,-58,11,1,0,1,1,1,0,0,0,0,-97,0,11,2,31568644,0,47,0,128,1,"[47,-16,2,0,0,0,0,0,0,0,0,-4,1,-14,1,-13,0,-13,0,-13,0,-12,0,-12,0,-11,0,-11,0,-10,-1,-10,-1,-10,-1,-10,-2,-9,-2,-9,-2,-9,-3,-9,-3,-8,-3,-8,-4,-7,-4,-7,-4,-7,-4,-7,-4,-7,-5,-7,-5,-7,-6,-7,-3,-4,-6,-7,-6,-7,-6,-7,-6,-7,-6,-7,-7,-7,-7,-7,-7,-7,-7,-8,-7,-8,-7,-8,-7,-8,-7,-8,-7,-9,-7,-9,-7,-9,-7,-9,-6,-10,-5,-10,-5,-11,-4,-11,-4,-11,-4,-11,-3,-11,-2,-11,-2,-12,-1,-3,0,0,0,0,0,0,0,0]"
2026-06-22 03:03:26.358515,CSI_DATA,32668,1a:00:00:00:00:00,-57,11,1,0,1,1,1,0,0,0,0,-97,0,11,2,31619636,0,47,0,128,1,"[47,-16,2,0,0,0,0,0,0,0,-2,-4,-5,-14,-5,-13,-5,-13,-5,-12,-5,-12,-5,-11,-5,-11,-5,-10,-5,-10,-5,-9,-5,-9,-5,-9,-5,-8,-6,-8,-6,-7,-6,-7,-6,-7,-6,-6,-7,-6,-7,-6,-7,-6,-7,-5,-7,-5,-8,-5,-8,-5,-8,-5,-4,-2,-9,-4,-9,-4,-9,-4,-9,-4,-9,-4,-9,-4,-10,-4,-10,-4,-10,-5,-10,-5,-10,-5,-10,-5,-10,-6,-10,-6,-10,-6,-10,-7,-10,-7,-10,-7,-10,-8,-9,-8,-9,-9,-8,-9,-8,-9,-8,-10,-7,-10,-6,-10,-2,-3,0,0,0,0,0,0,0,0]"
2026-06-22 03:03:26.409113,CSI_DATA,32669,1a:00:00:00:00:00,-56,11,1,0,1,1,1,0,0,0,0,-97,0,11,2,31670624,0,47,0,128,1,"[47,-16,2,0,0,0,0,0,0,0,1,2,5,11,5,10,5,9,5,9,5,9,5,9,5,8,5,8,5,7,5,7,6,6,6,6,6,6,6,5,6,5,6,5,6,4,6,4,6,4,6,4,6,4,7,4,7,3,7,3,8,3,8,3,4,1,8,3,8,2,8,2,9,2,8,3,9,3,9,3,9,3,9,3,9,3,10,3,10,3,9,3,10,4,10,4,10,4,10,5,9,5,9,6,9,7,8,7,8,7,8,7,8,7,7,8,7,8,1,2,0,0,0,0,0,0,0,0]"
2026-06-22 03:03:26.482524,CSI_DATA,32670,1a:00:00:00:00:00,-56,11,1,0,1,1,1,0,0,0,0,-97,0,11,2,31721646,0,47,0,128,1,"[47,-16,2,0,0,0,0,0,0,0,-3,2,-9,8,-9,8,-8,8,-8,8,-8,8,-8,7,-7,7,-7,7,-6,7,-6,7,-5,7,-5,8,-4,7,-4,7,-4,7,-3,7,-3,7,-3,7,-3,7,-3,8,-3,8,-2,8,-2,8,-1,8,-1,8,-1,9,-1,4,-1,9,-1,9,-1,9,0,9,-1,9,-1,10,-1,10,-1,10,-1,10,-1,10,-1,10,-1,10,-1,11,-2,11,-2,11,-2,11,-3,11,-3,11,-4,11,-4,10,-5,10,-5,10,-6,10,-6,10,-6,10,-7,9,-2,2,0,0,0,0,0,0,0,0]"
2026-06-22 03:03:26.510410,CSI_DATA,32671,1a:00:00:00:00:00,-58,11,1,0,1,1,1,0,0,0,0,-97,0,11,2,31772627,0,47,0,128,1,"[47,-16,2,0,0,0,0,0,0,0,1,2,4,10,4,10,5,9,5,9,4,9,4,8,4,8,4,7,4,7,4,6,5,6,5,6,5,5,5,5,5,5,5,4,5,4,5,4,5,3,5,3,5,3,6,3,6,3,6,2,7,2,7,2,3,1,7,2,7,2,7,2,8,2,8,2,8,2,8,2,8,2,8,2,9,2,9,2,9,2,9,3,9,3,9,3,9,4,9,4,9,5,8,5,8,5,8,6,8,6,8,6,7,7,7,7,6,7,1,1,0,0,0,0,0,0,0,0]"
2026-06-22 03:03:26.595670,CSI_DATA,32672,1a:00:00:00:00:00,-57,11,1,0,1,1,1,0,0,0,0,-97,0,11,2,31823635,0,47,0,128,1,"[47,-16,2,0,0,0,0,0,0,0,-3,-2,-10,-6,-10,-5,-10,-5,-10,-5,-10,-4,-9,-4,-9,-4,-9,-3,-9,-3,-9,-2,-8,-2,-8,-2,-8,-2,-8,-1,-8,-1,-8,-1,-8,0,-8,0,-8,1,-8,1,-8,1,-8,1,-8,1,-8,2,-8,2,-8,2,-4,1,-8,3,-8,3,-8,3,-8,3,-8,3,-9,3,-9,3,-9,3,-9,3,-9,3,-9,3,-10,3,-10,3,-10,3,-10,3,-11,3,-11,2,-11,2,-11,1,-11,1,-11,0,-11,0,-12,0,-12,-1,-12,-2,-11,-2,-3,-1,0,0,0,0,0,0,0,0]"
2026-06-22 03:03:26.612502,CSI_DATA,32673,1a:00:00:00:00:00,-57,11,1,0,1,1,1,0,0,0,0,-97,0,11,2,31874627,0,47,0,128,1,"[47,-16,2,0,0,0,0,0,0,0,-1,2,-3,11,-2,11,-2,10,-2,10,-2,10,-2,9,-2,9,-1,9,-1,8,0,8,0,8,0,8,1,7,1,7,1,7,2,7,2,6,2,6,2,6,2,6,3,6,3,6,3,6,4,5,4,6,4,6,2,3,5,6,5,5,5,5,5,5,5,6,6,6,6,6,6,6,6,6,6,7,6,7,6,7,6,7,6,7,6,8,6,8,6,8,5,8,5,9,5,9,4,9,4,9,4,9,3,10,3,10,2,10,0,2,0,0,0,0,0,0,0,0]"
2026-06-22 03:03:26.666487,CSI_DATA,32674,1a:00:00:00:00:00,-58,11,1,0,1,1,1,0,0,0,0,-97,0,11,2,31925619,0,47,0,128,1,"[47,-16,2,0,0,0,0,0,0,0,2,0,11,3,11,2,11,2,11,1,10,1,10,1,9,1,9,1,8,1,8,0,8,0,8,0,8,-1,7,-1,7,-1,7,-2,7,-2,6,-2,6,-2,6,-3,6,-3,6,-3,6,-3,6,-4,6,-4,6,-4,3,-2,6,-5,6,-5,6,-5,6,-5,6,-5,6,-5,6,-5,6,-5,6,-6,6,-6,7,-6,7,-6,7,-6,7,-6,8,-6,8,-6,8,-6,8,-5,9,-5,9,-4,9,-4,9,-4,10,-3,10,-3,10,-2,10,-2,2,-1,0,0,0,0,0,0,0,0]"
2026-06-22 03:03:26.708292,CSI_DATA,32675,1a:00:00:00:00:00,-57,11,1,0,1,1,1,0,0,0,0,-97,0,11,2,31976625,0,47,0,128,1,"[47,-16,2,0,0,0,0,0,0,0,2,1,9,6,9,6,9,5,9,5,8,5,7,4,7,4,7,4,7,3,7,3,7,2,7,2,7,2,7,1,7,1,7,0,7,0,7,0,6,-1,6,-1,6,-1,7,-1,7,-1,7,-2,7,-2,7,-2,3,-1,7,-3,7,-3,7,-3,8,-3,8,-3,8,-3,8,-3,8,-3,8,-3,9,-3,9,-3,9,-3,9,-3,9,-3,10,-3,10,-2,10,-2,10,-1,10,-1,10,0,10,0,10,0,11,1,11,1,10,2,10,3,2,0,0,0,0,0,0,0,0,0]"
2026-06-22 03:03:26.783947,CSI_DATA,32676,1a:00:00:00:00:00,-57,11,1,0,1,1,1,0,0,0,0,-97,0,11,2,32027626,0,47,0,128,1,"[47,-16,2,0,0,0,0,0,0,0,0,3,3,12,3,11,3,11,3,10,3,10,3,9,3,9,4,8,4,8,4,7,5,7,5,7,5,6,5,5,6,5,6,5,6,4,6,4,6,3,7,3,7,3,7,3,7,3,8,2,8,2,9,2,4,1,9,1,9,1,10,1,10,1,10,1,10,1,11,1,11,1,11,1,11,1,11,1,12,1,12,2,12,2,12,2,12,3,13,3,13,4,12,4,12,5,12,5,12,6,12,6,11,7,11,7,10,8,2,2,0,0,0,0,0,0,0,0]"
2026-06-22 03:03:26.813455,CSI_DATA,32677,1a:00:00:00:00:00,-57,11,1,0,1,1,1,0,0,0,0,-97,0,11,2,32078622,0,47,0,128,1,"[47,-16,2,0,0,0,0,0,0,0,0,-4,0,-14,-1,-13,-1,-13,-1,-12,-1,-12,-1,-12,-2,-11,-2,-11,-2,-10,-3,-10,-3,-10,-3,-9,-4,-9,-4,-8,-4,-8,-5,-8,-5,-8,-5,-7,-6,-7,-6,-7,-6,-6,-6,-6,-7,-6,-7,-6,-8,-6,-8,-6,-4,-3,-9,-6,-9,-5,-9,-5,-9,-5,-9,-5,-10,-5,-10,-5,-10,-6,-10,-6,-11,-6,-11,-6,-11,-6,-11,-6,-11,-7,-11,-7,-11,-8,-11,-8,-11,-8,-11,-9,-10,-10,-10,-10,-9,-10,-9,-11,-9,-11,-8,-12,-8,-12,-2,-3,0,0,0,0,0,0,0,0]"
2026-06-22 03:03:26.920628,CSI_DATA,32678,1a:00:00:00:00:00,-58,11,1,0,1,1,1,0,0,0,0,-97,0,11,2,32129617,0,47,0,128,1,"[47,-16,2,0,0,0,0,0,0,0,0,-4,0,-13,0,-12,-1,-12,-1,-12,-1,-11,-1,-11,-1,-10,-1,-9,-2,-9,-2,-9,-2,-9,-3,-8,-3,-8,-3,-7,-3,-7,-4,-7,-4,-6,-5,-6,-5,-6,-5,-6,-5,-6,-5,-5,-6,-5,-6,-5,-6,-5,-7,-5,-4,-3,-7,-5,-7,-4,-8,-4,-8,-4,-8,-4,-9,-4,-9,-4,-9,-4,-9,-5,-9,-5,-9,-5,-9,-5,-9,-6,-10,-6,-10,-6,-10,-6,-10,-7,-10,-7,-10,-8,-9,-8,-9,-8,-8,-9,-8,-9,-7,-9,-7,-10,-6,-10,-2,-3,0,0,0,0,0,0,0,0]"
2026-06-22 03:03:26.944650,CSI_DATA,32679,1a:00:00:00:00:00,-60,11,1,0,1,1,1,0,0,0,0,-97,0,11,2,32180646,0,47,0,128,1,"[47,-16,2,0,0,0,0,0,0,0,-1,-4,-1,-13,-1,-13,-1,-12,-2,-11,-2,-11,-2,-10,-2,-10,-2,-9,-2,-8,-3,-8,-3,-8,-3,-7,-4,-7,-4,-6,-4,-6,-4,-6,-5,-5,-5,-4,-5,-4,-5,-4,-6,-4,-6,-4,-6,-3,-6,-3,-7,-3,-7,-3,-4,-2,-8,-3,-8,-2,-8,-2,-8,-2,-9,-2,-9,-2,-9,-2,-9,-2,-9,-2,-10,-3,-10,-3,-10,-3,-10,-3,-10,-3,-11,-4,-11,-4,-11,-4,-11,-5,-11,-6,-10,-6,-10,-7,-10,-7,-9,-7,-9,-8,-8,-8,-8,-9,-2,-3,0,0,0,0,0,0,0,0]"
2026-06-22 03:03:27.004302,CSI_DATA,32680,1a:00:00:00:00:00,-58,11,1,0,1,1,1,0,0,0,0,-97,0,11,2,32231633,0,47,0,128,1,"[47,-16,2,0,0,0,0,0,0,0,-2,3,-7,12,-6,12,-6,12,-6,11,-6,11,-5,10,-5,10,-4,9,-4,9,-3,9,-3,9,-2,9,-2,8,-2,8,-1,8,-1,8,-1,8,0,8,0,7,1,7,1,7,1,7,2,7,2,7,2,7,2,7,1,3,3,7,3,7,4,7,4,7,4,7,4,8,4,8,4,8,5,8,5,9,5,9,5,9,5,9,4,10,4,10,4,10,4,10,4,11,3,11,3,11,2,12,2,12,1,12,1,12,0,12,-1,12,-1,3,0,0,0,0,0,0,0,0]"
2026-06-22 03:03:27.019795,CSI_DATA,32681,1a:00:00:00:00:00,-57,11,1,0,1,1,1,0,0,0,0,-97,0,11,2,32282620,0,47,0,128,1,"[47,-16,2,0,0,0,0,0,0,0,3,-2,14,-6,13,-6,12,-6,12,-6,11,-5,11,-5,10,-5,10,-5,9,-5,9,-5,8,-6,8,-6,7,-6,7,-6,7,-6,6,-6,6,-7,5,-6,5,-7,5,-7,5,-7,4,-7,4,-7,4,-8,4,-8,4,-8,1,-4,3,-9,3,-9,3,-9,3,-9,3,-9,3,-9,3,-10,3,-10,3,-10,3,-10,3,-11,3,-11,4,-11,4,-11,5,-11,5,-11,5,-11,5,-11,6,-11,7,-10,8,-10,8,-10,8,-10,9,-10,9,-9,9,-9,2,-3,0,0,0,0,0,0,0,0]"
2026-06-22 03:03:27.104486,CSI_DATA,32682,1a:00:00:00:00:00,-58,11,1,0,1,1,1,0,0,0,0,-97,0,11,2,32333643,0,47,0,128,1,"[47,-16,2,0,0,0,0,0,0,0,2,2,8,7,9,7,9,6,8,6,8,6,7,5,7,5,7,5,7,5,7,4,7,4,7,3,7,3,6,3,6,2,6,2,6,2,6,1,6,1,6,1,6,0,6,0,6,0,6,0,6,-1,6,-1,3,-1,7,-1,7,-1,7,-2,7,-2,7,-2,7,-2,7,-2,7,-2,8,-2,8,-2,8,-2,8,-2,8,-2,9,-2,9,-1,9,-1,9,-1,9,0,9,0,9,1,9,1,9,1,9,2,9,2,9,3,9,3,2,1,0,0,0,0,0,0,0,0]"
2026-06-22 03:03:27.119459,CSI_DATA,32683,1a:00:00:00:00:00,-59,11,1,0,1,1,1,0,0,0,0,-97,0,11,2,32384655,0,47,0,128,1,"[47,-16,2,0,0,0,0,0,0,0,1,-3,5,-11,5,-11,4,-11,4,-10,4,-10,3,-9,3,-9,3,-8,2,-8,2,-8,1,-8,1,-8,1,-7,0,-7,0,-7,-1,-7,-1,-7,-2,-6,-2,-6,-2,-6,-2,-6,-3,-6,-3,-6,-4,-6,-4,-6,-4,-6,-3,-3,-5,-6,-5,-6,-5,-6,-6,-6,-6,-6,-6,-6,-6,-6,-6,-6,-6,-7,-7,-7,-7,-7,-7,-7,-6,-8,-6,-8,-6,-8,-6,-9,-6,-9,-6,-9,-6,-9,-5,-10,-5,-10,-4,-10,-4,-10,-4,-10,-3,-11,-2,-11,-1,-3,0,0,0,0,0,0,0,0]"
2026-06-22 03:03:27.168134,CSI_DATA,32684,1a:00:00:00:00:00,-58,11,1,0,1,1,1,0,0,0,0,-97,0,11,2,32435623,0,47,0,128,1,"[47,-16,2,0,0,0,0,0,0,0,-3,1,-12,7,-11,7,-10,7,-10,7,-10,6,-9,6,-9,5,-9,5,-8,5,-7,5,-7,5,-7,5,-6,5,-6,5,-6,5,-5,5,-5,5,-4,5,-4,5,-4,5,-4,5,-3,5,-3,5,-3,6,-2,6,-2,6,-1,3,-2,6,-2,6,-1,7,-1,7,-1,7,-1,7,-1,7,-1,7,-1,8,-1,8,-1,8,-1,8,-1,9,-2,9,-2,9,-2,9,-2,9,-3,9,-3,9,-4,8,-4,9,-5,9,-5,9,-5,8,-6,8,-6,8,-2,2,0,0,0,0,0,0,0,0]"
2026-06-22 03:03:27.217840,CSI_DATA,32685,1a:00:00:00:00:00,-57,11,1,0,1,1,1,0,0,0,0,-97,0,11,2,32486651,0,47,0,128,1,"[47,-16,2,0,0,0,0,0,0,0,-3,2,-10,8,-10,8,-9,8,-9,7,-9,7,-9,7,-8,6,-8,6,-7,6,-7,6,-7,6,-7,6,-6,6,-6,6,-5,5,-5,6,-4,5,-4,5,-4,5,-4,5,-4,5,-3,5,-3,5,-3,6,-2,6,-2,6,-1,3,-2,6,-2,6,-1,6,-1,6,-1,7,-1,7,-1,7,-1,7,-1,7,-1,7,-1,7,-1,8,-2,8,-2,8,-2,8,-2,8,-2,8,-3,8,-3,8,-4,8,-4,8,-4,8,-5,8,-5,7,-5,7,-6,7,-2,1,0,0,0,0,0,0,0,0]"
2026-06-22 03:03:27.275410,CSI_DATA,32686,1a:00:00:00:00:00,-58,11,1,0,1,1,1,0,0,0,0,-97,0,11,2,32537634,0,47,0,128,1,"[47,-16,2,0,0,0,0,0,0,0,-4,-2,-13,-7,-13,-7,-12,-6,-12,-6,-11,-6,-11,-6,-10,-5,-10,-5,-9,-4,-9,-4,-9,-3,-9,-3,-8,-2,-8,-2,-8,-2,-8,-1,-7,-1,-7,0,-7,1,-7,1,-7,1,-6,1,-6,2,-6,2,-6,3,-6,3,-3,1,-6,4,-6,4,-6,5,-6,5,-6,5,-7,5,-7,5,-7,6,-7,6,-7,6,-7,6,-8,6,-8,6,-8,6,-8,6,-9,6,-9,6,-10,6,-10,5,-10,5,-11,5,-11,4,-11,4,-11,4,-11,3,-11,2,-3,0,0,0,0,0,0,0,0,0]"
2026-06-22 03:03:27.340102,CSI_DATA,32687,1a:00:00:00:00:00,-60,11,1,0,1,1,1,0,0,0,0,-97,0,11,2,32588613,0,47,0,128,1,"[47,-16,2,0,0,0,0,0,0,0,-1,-4,-2,-13,-2,-13,-3,-12,-3,-12,-2,-11,-2,-10,-2,-10,-2,-9,-2,-9,-3,-8,-3,-8,-3,-7,-3,-7,-3,-6,-3,-6,-3,-5,-4,-5,-4,-4,-4,-4,-4,-3,-4,-3,-4,-3,-5,-2,-5,-2,-5,-2,-5,-2,-3,-1,-6,-1,-6,-1,-6,0,-7,0,-7,0,-7,0,-7,0,-8,0,-8,0,-8,0,-9,0,-9,0,-9,0,-9,0,-10,0,-10,0,-10,0,-10,-1,-10,-1,-10,-2,-10,-2,-10,-3,-10,-3,-10,-3,-10,-4,-10,-5,-3,-2,0,0,0,0,0,0,0,0]"
2026-06-22 03:03:27.372617,CSI_DATA,32688,1a:00:00:00:00:00,-60,11,1,0,1,1,1,0,0,0,0,-97,0,11,2,32639616,0,47,0,128,1,"[47,-16,2,0,0,0,0,0,0,0,-1,3,-1,13,0,13,0,12,0,12,0,11,0,11,0,10,0,9,0,9,0,8,0,8,1,7,1,7,1,6,1,6,2,5,2,5,2,5,2,4,3,4,3,4,3,4,4,3,4,3,4,3,5,3,2,1,5,3,5,2,6,2,6,2,6,2,6,2,7,2,7,2,7,3,7,3,7,3,7,3,7,3,7,3,8,4,8,4,8,5,8,5,7,6,7,6,7,6,6,6,6,7,6,7,5,7,5,8,1,2,0,0,0,0,0,0,0,0]"
2026-06-22 03:03:27.447069,CSI_DATA,32689,1a:00:00:00:00:00,-62,11,1,0,1,1,1,0,0,0,0,-97,0,11,2,32690620,0,47,0,128,1,"[47,-16,2,0,0,0,0,0,0,0,-4,0,-12,3,-12,3,-12,3,-11,3,-10,3,-10,2,-9,2,-9,2,-8,2,-7,2,-7,2,-7,2,-6,3,-6,3,-5,3,-4,3,-4,3,-3,3,-3,3,-3,3,-3,3,-2,4,-2,4,-2,4,-2,4,-1,5,-1,2,-1,5,-1,5,-1,5,0,5,-1,6,-1,6,0,6,0,6,0,6,0,7,0,7,-1,7,-1,7,-1,7,-1,7,-1,7,-2,7,-2,7,-3,7,-3,7,-3,7,-4,7,-4,6,-5,6,-5,6,-5,6,-2,1,0,0,0,0,0,0,0,0]"
2026-06-22 03:03:27.477152,CSI_DATA,32690,1a:00:00:00:00:00,-62,11,1,0,1,1,1,0,0,0,0,-97,0,11,2,32741624,0,47,0,128,1,"[47,-16,2,0,0,0,0,0,0,0,-3,0,-12,2,-11,2,-11,2,-10,2,-10,2,-9,2,-8,2,-8,2,-7,2,-6,2,-6,3,-5,3,-5,3,-4,3,-4,3,-3,3,-2,3,-2,4,-2,4,-2,4,-1,5,-1,5,-1,5,0,5,1,6,1,6,0,3,1,6,1,6,2,6,2,6,2,7,2,7,2,7,2,8,2,8,2,9,2,9,2,9,2,9,2,9,1,9,1,9,1,9,0,10,0,10,-1,10,-1,10,-2,9,-2,9,-3,9,-3,9,-4,9,-1,2,0,0,0,0,0,0,0,0]"
2026-06-22 03:03:27.546506,CSI_DATA,32691,1a:00:00:00:00:00,-60,11,1,0,1,1,1,0,0,0,0,-97,0,11,2,32792612,0,47,0,128,1,"[47,-16,2,0,0,0,0,0,0,0,1,2,7,9,7,8,7,8,7,7,6,7,6,6,6,6,5,5,5,5,5,4,5,3,5,3,5,2,5,2,5,2,5,1,5,0,5,0,5,0,5,-1,5,-1,5,-1,5,-2,5,-2,6,-3,6,-3,3,-2,6,-4,6,-4,6,-4,6,-4,6,-4,7,-5,7,-5,7,-4,7,-4,8,-4,8,-4,8,-4,8,-4,9,-4,9,-4,9,-4,9,-3,9,-3,9,-2,9,-2,9,-2,9,-1,9,-1,9,0,9,0,9,1,2,0,0,0,0,0,0,0,0,0]"
2026-06-22 03:03:27.574182,CSI_DATA,32692,1a:00:00:00:00:00,-61,11,1,0,1,1,1,0,0,0,0,-97,0,11,2,32843642,0,47,0,128,1,"[47,-16,2,0,0,0,0,0,0,0,1,2,7,11,7,10,7,9,7,9,6,8,6,8,5,7,5,7,5,6,5,5,5,5,5,4,5,4,5,3,5,3,5,2,5,2,5,1,4,1,4,0,5,0,5,0,5,-1,5,-1,5,-2,5,-2,3,-1,6,-3,6,-3,6,-3,6,-3,6,-3,6,-4,6,-4,7,-4,7,-4,7,-4,7,-4,8,-4,8,-4,8,-4,8,-3,9,-3,9,-3,9,-3,9,-2,9,-2,9,-1,9,-1,9,-1,9,0,9,0,9,1,2,0,0,0,0,0,0,0,0,0]"
2026-06-22 03:03:27.665407,CSI_DATA,32693,1a:00:00:00:00:00,-63,11,1,0,1,1,1,0,0,0,0,-97,0,11,2,32894647,0,47,0,128,1,"[47,-16,2,0,0,0,0,0,0,0,1,-3,7,-11,7,-11,6,-10,6,-10,6,-9,5,-9,5,-8,4,-7,4,-7,3,-7,3,-7,3,-6,2,-6,2,-5,2,-5,1,-5,0,-5,0,-4,0,-4,-1,-4,-1,-3,-1,-3,-2,-3,-2,-3,-2,-3,-3,-2,-2,-1,-3,-2,-4,-2,-4,-2,-4,-2,-4,-2,-5,-2,-5,-2,-5,-2,-5,-2,-6,-2,-6,-2,-6,-2,-6,-2,-6,-3,-7,-3,-7,-3,-7,-3,-6,-3,-6,-4,-6,-4,-6,-4,-6,-5,-6,-5,-6,-5,-5,-6,-5,-6,-2,-2,0,0,0,0,0,0,0,0]"
2026-06-22 03:03:27.679623,CSI_DATA,32694,1a:00:00:00:00:00,-64,11,1,0,1,1,1,0,0,0,0,-97,0,11,2,32945649,0,47,0,128,1,"[47,-16,2,0,0,0,0,0,0,0,-4,-1,-13,-2,-13,-2,-12,-2,-12,-2,-11,-2,-10,-2,-10,-2,-9,-2,-8,-2,-8,-1,-7,-1,-7,-1,-6,0,-5,0,-5,0,-4,0,-4,1,-3,1,-3,1,-2,1,-2,1,-2,2,-1,2,-1,2,0,3,0,3,0,1,1,3,1,3,1,3,1,4,1,4,2,5,2,5,2,5,2,5,2,5,2,5,2,6,2,6,2,6,2,6,2,7,2,7,1,7,1,7,1,7,0,7,0,7,-1,7,-1,7,-1,7,-1,7,-1,1,0,0,0,0,0,0,0,0]"
2026-06-22 03:03:27.771790,CSI_DATA,32695,1a:00:00:00:00:00,-63,11,1,0,1,1,1,0,0,0,0,-97,0,11,2,32996624,0,47,0,128,1,"[47,-16,2,0,0,0,0,0,0,0,2,-2,11,-8,10,-8,10,-8,9,-7,9,-7,8,-6,8,-5,7,-5,7,-5,6,-5,6,-5,6,-4,5,-4,5,-4,5,-4,4,-4,3,-3,3,-3,2,-3,2,-3,2,-3,1,-3,1,-3,1,-3,0,-3,0,-3,0,-2,-1,-3,-1,-3,-1,-3,-2,-3,-2,-3,-2,-3,-2,-3,-2,-3,-2,-4,-3,-4,-3,-4,-3,-4,-3,-4,-3,-5,-3,-5,-3,-5,-3,-5,-2,-5,-2,-5,-2,-6,-2,-6,-1,-6,-1,-6,-1,-6,0,-6,0,-6,0,-2,0,0,0,0,0,0,0,0]"
2026-06-22 03:03:27.786320,CSI_DATA,32696,1a:00:00:00:00:00,-65,11,1,0,1,1,1,0,0,0,0,-97,0,11,2,33047640,0,47,0,128,1,"[47,-16,2,0,0,0,0,0,0,0,0,-4,2,-14,1,-14,1,-13,1,-12,1,-12,1,-11,1,-10,1,-10,1,-9,1,-9,1,-8,0,-8,0,-7,0,-7,0,-6,0,-5,0,-5,0,-4,0,-4,0,-3,0,-3,0,-3,0,-2,0,-2,0,-2,0,-1,-1,-1,-1,-1,-1,0,-1,0,-1,0,-1,1,-1,1,-1,1,-1,1,-1,1,-1,2,-1,2,-1,2,-2,2,-2,2,-2,2,-2,2,-2,2,-2,2,-3,2,-3,2,-3,2,-3,2,-3,2,-4,2,-4,2,-4,1,-1,0,0,0,0,0,0,0,0,0]"
2026-06-22 03:03:27.867833,CSI_DATA,32697,1a:00:00:00:00:00,-65,11,1,0,1,1,1,0,0,0,0,-97,0,11,2,33098617,0,47,0,128,1,"[47,-16,2,0,0,0,0,0,0,0,2,1,10,6,10,5,9,5,9,4,8,4,8,4,7,3,7,3,6,3,6,2,5,2,5,2,5,2,4,1,4,1,3,1,3,1,2,1,2,1,2,1,1,1,1,1,0,1,0,1,0,1,0,1,-1,0,-1,1,-1,1,-1,1,-2,1,-2,1,-3,1,-3,1,-3,1,-3,2,-3,2,-3,2,-3,2,-3,2,-4,2,-3,2,-3,2,-4,2,-4,2,-4,2,-4,1,-4,1,-4,1,-4,1,-4,1,-4,1,-4,0,-1,0,0,0,0,0,0,0,0,0]"
2026-06-22 03:03:27.884495,CSI_DATA,32698,1a:00:00:00:00:00,-64,11,1,0,1,1,1,0,0,0,0,-97,0,11,2,33149650,0,47,0,128,1,"[47,-16,2,0,0,0,0,0,0,0,0,-3,3,-11,3,-11,2,-10,2,-10,2,-9,2,-8,1,-8,1,-7,1,-7,1,-6,1,-6,1,-5,1,-5,1,-4,1,-4,1,-4,1,-3,1,-3,2,-2,2,-2,2,-2,2,-2,2,-1,3,-2,3,-2,3,-1,1,-1,4,-1,4,-2,4,-2,4,-1,4,-2,5,-1,5,-1,5,-1,5,-1,5,-2,5,-2,5,-2,5,-2,6,-2,6,-2,6,-2,6,-2,6,-2,6,-2,6,-2,6,-2,6,-2,6,-2,5,-2,5,-1,5,-1,1,-1,0,0,0,0,0,0,0,0]"
2026-06-22 03:03:27.979361,CSI_DATA,32699,1a:00:00:00:00:00,-65,11,1,0,1,1,1,0,0,0,0,-97,0,11,2,33200626,0,47,0,128,1,"[47,-16,2,0,0,0,0,0,0,0,-4,-1,-13,-4,-13,-3,-12,-2,-11,-2,-11,-2,-10,-2,-9,-2,-9,-2,-8,-1,-8,-1,-7,-1,-7,-1,-6,-1,-5,-1,-5,-1,-5,-1,-4,-1,-4,-1,-3,-1,-3,-2,-3,-2,-2,-2,-2,-2,-1,-2,-1,-2,-1,-3,-1,-2,-1,-3,-1,-3,0,-4,0,-4,0,-4,0,-4,0,-4,0,-4,0,-4,0,-5,1,-5,1,-5,1,-5,1,-5,1,-5,1,-5,1,-5,1,-5,1,-5,1,-5,2,-5,2,-5,2,-5,2,-5,2,-4,2,-4,0,-1,0,0,0,0,0,0,0,0]"
2026-06-22 03:03:27.993970,CSI_DATA,32700,1a:00:00:00:00:00,-65,11,1,0,1,1,1,0,0,0,0,-97,0,11,2,33251620,0,47,0,128,1,"[47,-16,2,0,0,0,0,0,0,0,-3,1,-10,6,-10,6,-9,6,-9,6,-8,5,-8,5,-7,4,-7,4,-6,4,-6,4,-5,3,-5,3,-4,3,-4,2,-4,2,-3,2,-3,1,-2,1,-2,1,-2,0,-2,0,-2,0,-1,-1,-1,-1,-1,-1,-1,-2,-1,-1,0,-3,-1,-3,-1,-3,0,-3,0,-3,0,-3,0,-4,0,-4,0,-5,0,-5,0,-5,0,-5,0,-5,0,-5,1,-5,1,-5,1,-5,1,-5,1,-5,1,-5,2,-5,2,-5,2,-5,2,-5,2,-5,2,-5,0,-1,0,0,0,0,0,0,0,0]"
2026-06-22 03:03:28.035917,CSI_DATA,32701,1a:00:00:00:00:00,-66,11,1,0,1,1,1,0,0,0,0,-97,0,11,2,33302634,0,47,0,128,1,"[47,-16,2,0,0,0,0,0,0,0,-3,1,-11,6,-10,6,-10,6,-9,6,-9,5,-8,5,-8,4,-7,4,-7,4,-6,4,-6,3,-5,3,-5,3,-5,3,-4,2,-4,2,-3,1,-3,1,-3,1,-3,0,-3,0,-2,0,-2,-1,-2,-1,-2,-1,-2,-1,-1,-1,-1,-2,-1,-2,-1,-2,-1,-3,0,-3,0,-3,0,-3,0,-4,0,-4,0,-4,0,-4,0,-4,0,-4,0,-4,1,-4,1,-4,1,-4,1,-5,1,-4,1,-4,2,-4,2,-4,2,-4,2,-4,2,-4,2,-4,0,-1,0,0,0,0,0,0,0,0]"
2026-06-22 03:03:28.086129,CSI_DATA,32702,1a:00:00:00:00:00,-66,11,1,0,1,1,1,0,0,0,0,-97,0,11,2,33353630,0,47,0,128,1,"[47,-16,2,0,0,0,0,0,0,0,1,2,7,9,7,9,7,8,6,8,6,7,5,7,5,6,5,6,4,5,4,4,4,4,3,4,3,3,3,3,2,2,2,2,2,2,1,2,1,1,0,1,0,1,0,1,-1,0,-1,0,-1,0,-1,0,-1,0,-2,0,-2,0,-3,0,-3,0,-3,0,-4,0,-4,-1,-4,-1,-4,-1,-4,-1,-4,-1,-4,-1,-5,-1,-5,-1,-5,-1,-5,-1,-5,-1,-5,-1,-5,-2,-5,-2,-5,-2,-5,-2,-5,-2,-5,-2,-5,-2,-4,-3,-1,-1,0,0,0,0,0,0,0,0]"
2026-06-22 03:03:28.137432,CSI_DATA,32703,1a:00:00:00:00:00,-65,11,1,0,1,1,1,0,0,0,0,-97,0,11,2,33404675,0,47,0,128,1,"[47,-16,2,0,0,0,0,0,0,0,1,-3,4,-12,4,-11,4,-11,4,-10,3,-10,3,-9,3,-9,3,-8,3,-7,2,-7,2,-7,2,-7,2,-6,2,-6,2,-5,1,-5,1,-4,1,-4,1,-4,1,-3,0,-3,0,-2,0,-2,0,-2,0,-2,0,-2,-1,-1,-1,-1,-1,-1,-1,0,-1,0,-1,0,-1,0,-1,0,-2,1,-2,1,-2,1,-2,1,-2,1,-2,1,-2,1,-3,1,-3,1,-3,1,-3,1,-3,1,-3,1,-3,1,-3,1,-3,1,-3,1,-4,0,-4,0,-1,0,0,0,0,0,0,0,0,0]"
2026-06-22 03:03:28.192896,CSI_DATA,32704,1a:00:00:00:00:00,-64,11,1,0,1,1,1,0,0,0,0,-97,0,11,2,33455656,0,47,0,128,1,"[47,-16,2,0,0,0,0,0,0,0,1,-3,5,-12,4,-12,4,-12,4,-11,4,-10,4,-10,4,-9,3,-9,3,-8,3,-8,3,-8,2,-7,2,-7,2,-6,2,-6,2,-5,1,-5,1,-4,1,-4,1,-4,1,-3,0,-3,0,-3,0,-2,0,-2,0,-2,-1,-1,-1,-1,-1,-1,-1,-1,-1,-1,-1,0,-1,0,-1,0,-1,0,-1,0,-1,0,-2,1,-2,1,-2,1,-2,1,-2,1,-3,1,-3,1,-3,1,-3,1,-3,1,-3,1,-3,1,-3,1,-4,1,-4,0,-4,0,-1,0,0,0,0,0,0,0,0,0]"
2026-06-22 03:03:28.246345,CSI_DATA,32705,1a:00:00:00:00:00,-64,11,1,0,1,1,1,0,0,0,0,-97,0,11,2,33507292,0,47,0,128,1,"[47,-16,2,0,0,0,0,0,0,0,0,-3,3,-12,3,-12,3,-12,3,-11,3,-11,3,-10,3,-10,2,-9,2,-8,2,-8,2,-7,1,-7,1,-7,1,-6,1,-6,1,-6,1,-5,1,-4,0,-4,0,-4,0,-3,0,-3,0,-3,0,-2,0,-2,0,-2,0,-1,0,-1,0,-1,-1,-1,-1,0,-1,0,-1,0,-1,1,-1,1,-1,1,-1,1,-1,1,-1,1,-1,2,-1,2,-2,2,-2,2,-2,2,-2,2,-2,2,-2,2,-3,2,-3,2,-3,2,-3,2,-3,2,-3,1,-1,0,0,0,0,0,0,0,0,0]"
2026-06-22 03:03:28.331325,CSI_DATA,32706,1a:00:00:00:00:00,-64,11,1,0,1,1,1,0,0,0,0,-97,0,11,2,33557647,0,47,0,128,1,"[47,-16,2,0,0,0,0,0,0,0,2,2,10,8,10,8,9,7,9,7,8,7,8,7,7,6,7,6,6,6,6,5,6,5,5,5,5,4,5,4,4,4,4,3,3,3,3,3,3,2,3,2,2,2,2,2,2,1,2,1,1,1,1,1,0,0,1,0,1,0,1,0,0,0,0,-1,0,-1,0,-1,0,-1,-1,-1,-1,-2,-1,-2,-1,-2,-1,-2,-1,-2,-1,-2,-1,-3,-1,-3,-1,-3,-1,-3,0,-3,0,-3,0,-3,0,-3,0,-3,1,-3,1,-3,0,-1,0,0,0,0,0,0,0,0]"
2026-06-22 03:03:28.429088,CSI_DATA,32708,1a:00:00:00:00:00,-64,11,1,0,1,1,1,0,0,0,0,-97,0,11,2,33659629,0,47,0,128,1,"[47,-16,2,0,0,0,0,0,0,0,-1,3,-3,12,-3,12,-3,12,-3,11,-3,10,-3,10,-3,9,-3,8,-3,8,-2,7,-2,7,-2,7,-2,6,-2,6,-2,5,-1,5,-1,4,-1,4,-1,4,-1,3,-1,3,-1,2,-1,2,0,2,0,1,0,1,0,0,0,1,0,0,0,0,0,0,0,0,1,-1,1,-1,1,-1,1,-1,1,-1,2,-2,2,-2,2,-2,2,-2,2,-2,3,-2,3,-2,3,-2,3,-2,3,-1,3,-1,3,-1,3,-1,3,-1,4,0,3,0,0,0,0,0,0,0,0,0,0,0]"
2026-06-22 03:03:28.445265,CSI_DATA,32709,1a:00:00:00:00:00,-64,11,1,0,1,1,1,0,0,0,0,-97,0,11,2,33710611,0,47,0,128,1,"[47,-16,2,0,0,0,0,0,0,0,-1,3,-3,13,-3,12,-3,12,-3,11,-3,11,-3,10,-3,9,-3,9,-3,8,-3,8,-2,8,-2,7,-2,7,-2,6,-2,6,-1,5,-1,5,-1,4,-1,4,-1,4,-1,3,-1,3,-1,3,-1,2,0,2,0,2,0,0,0,1,0,1,0,0,0,0,0,0,1,0,1,-1,1,-1,1,-1,1,-1,1,-1,2,-1,2,-2,2,-2,2,-1,2,-1,2,-2,2,-1,3,-1,3,-1,3,-1,3,-1,3,-1,3,-1,4,0,3,0,0,0,0,0,0,0,0,0,0,0]"
2026-06-22 03:03:28.495464,CSI_DATA,32710,1a:00:00:00:00:00,-63,11,1,0,1,1,1,0,0,0,0,-97,0,11,2,33761630,0,47,0,128,1,"[47,-16,2,0,0,0,0,0,0,0,-3,-3,-9,-12,-9,-11,-9,-11,-8,-10,-8,-10,-7,-10,-6,-9,-6,-9,-6,-8,-6,-8,-5,-7,-5,-7,-5,-6,-5,-6,-4,-6,-4,-5,-4,-5,-4,-4,-4,-4,-3,-4,-3,-3,-3,-3,-3,-2,-3,-2,-3,-2,-3,-2,-2,-1,-3,-1,-3,-1,-3,0,-3,0,-3,0,-3,0,-3,1,-3,1,-3,1,-3,1,-3,1,-3,1,-4,1,-4,2,-4,2,-4,2,-4,2,-5,2,-5,2,-5,1,-5,1,-5,1,-6,1,-6,1,-6,0,-6,0,-2,0,0,0,0,0,0,0,0,0]"
2026-06-22 03:03:28.553583,CSI_DATA,32711,1a:00:00:00:00:00,-64,11,1,0,1,1,1,0,0,0,0,-97,0,11,2,33813413,0,47,0,128,1,"[47,-16,2,0,0,0,0,0,0,0,-3,-1,-12,0,-12,0,-11,0,-11,0,-10,-1,-10,-1,-9,-1,-9,-1,-8,-1,-8,-1,-7,-1,-7,-1,-7,0,-6,-1,-6,-1,-5,-1,-5,0,-4,0,-4,0,-4,0,-3,0,-3,0,-3,0,-2,0,-2,0,-2,0,-1,0,-1,0,-1,0,-1,0,-1,0,0,0,0,1,0,1,0,1,1,1,1,1,1,1,1,1,1,1,1,1,2,1,2,2,2,2,1,2,1,2,1,2,1,3,1,3,1,3,1,3,1,3,0,3,0,0,0,0,0,0,0,0,0,0]"
2026-06-22 03:03:28.603137,CSI_DATA,32712,1a:00:00:00:00:00,-63,11,1,0,1,1,1,0,0,0,0,-97,0,11,2,33863649,0,47,0,128,1,"[47,-16,2,0,0,0,0,0,0,0,-3,-1,-12,-3,-11,-3,-11,-3,-11,-3,-10,-3,-9,-3,-9,-3,-8,-3,-8,-3,-8,-2,-7,-2,-7,-2,-6,-2,-6,-2,-6,-2,-5,-2,-5,-2,-5,-2,-4,-1,-4,-1,-4,-1,-3,-1,-3,-1,-3,-1,-3,0,-3,0,-1,0,-2,0,-2,0,-2,0,-2,0,-1,0,-1,1,-1,1,-1,1,-1,1,-1,1,-1,1,-1,2,-1,2,-1,2,-1,2,-1,2,-1,2,-1,2,-1,2,-1,2,-2,2,-2,2,-2,2,-2,2,-2,2,-3,2,-1,0,0,0,0,0,0,0,0,0]"
2026-06-22 03:03:28.667426,CSI_DATA,32713,1a:00:00:00:00:00,-63,11,1,0,1,1,1,0,0,0,0,-97,0,11,2,33914623,0,47,0,128,1,"[47,-16,2,0,0,0,0,0,0,0,-3,1,-10,6,-10,6,-10,6,-10,5,-9,5,-9,4,-8,4,-8,4,-8,4,-7,4,-7,3,-7,3,-6,3,-6,3,-5,2,-5,2,-5,2,-4,2,-4,2,-4,2,-3,2,-3,2,-3,2,-2,2,-2,1,-2,1,-1,0,-1,1,-1,1,-1,1,0,1,0,1,0,1,0,1,0,1,0,1,1,1,1,1,1,1,1,1,1,1,1,2,1,2,1,2,1,2,1,2,1,2,1,2,1,2,1,2,1,3,1,3,1,3,0,0,0,0,0,0,0,0,0,0]"
2026-06-22 03:03:28.701002,CSI_DATA,32714,1a:00:00:00:00:00,-64,11,1,0,1,1,1,0,0,0,0,-97,0,11,2,33965637,0,47,0,128,1,"[47,-16,2,0,0,0,0,0,0,0,2,-1,11,-3,10,-3,10,-3,10,-3,9,-2,9,-2,8,-2,7,-2,7,-2,7,-2,7,-2,6,-2,6,-2,5,-2,5,-2,4,-2,4,-1,4,-2,3,-2,3,-1,3,-1,2,-1,2,-1,2,-2,2,-2,1,-2,0,-1,1,-1,1,-2,0,-2,0,-2,0,-2,0,-2,-1,-2,-1,-2,-1,-2,-1,-2,-1,-2,-1,-2,-2,-2,-2,-3,-2,-3,-2,-3,-2,-3,-2,-3,-2,-3,-2,-3,-1,-3,-1,-3,-1,-4,-1,-4,-1,-4,-1,-4,-1,-1,0,0,0,0,0,0,0,0]"
2026-06-22 03:03:28.773901,CSI_DATA,32715,1a:00:00:00:00:00,-63,11,1,0,1,1,1,0,0,0,0,-97,0,11,2,34016623,0,47,0,128,1,"[47,-16,2,0,0,0,0,0,0,0,3,-2,12,-7,11,-7,11,-7,10,-7,10,-6,9,-6,9,-6,8,-5,8,-5,7,-5,7,-5,6,-5,6,-4,5,-4,5,-4,5,-4,4,-4,4,-3,3,-3,3,-3,2,-2,2,-2,1,-2,1,-2,1,-2,1,-2,0,-1,0,-1,0,-1,-1,-1,-1,-1,-1,-1,-1,-1,-2,-1,-2,-1,-2,-1,-3,-1,-3,-1,-3,0,-3,0,-4,0,-4,-1,-4,-1,-4,-1,-4,-1,-4,-1,-4,-1,-4,-2,-4,-2,-4,-2,-4,-2,-4,-3,-4,-3,-1,-1,0,0,0,0,0,0,0,0]"
2026-06-22 03:03:28.802137,CSI_DATA,32716,1a:00:00:00:00:00,-64,11,1,0,1,1,1,0,0,0,0,-97,0,11,2,34067629,0,47,0,128,1,"[47,-16,2,0,0,0,0,0,0,0,3,-1,13,-2,12,-3,12,-3,11,-3,11,-2,10,-2,9,-2,9,-1,8,-1,8,-1,7,-1,7,-2,6,-2,6,-1,5,-1,5,-1,4,-1,4,-1,3,-1,3,-1,2,-1,2,-1,2,-1,1,-2,1,-2,0,-1,0,-1,0,-1,-1,-1,-1,-1,-1,-1,-1,-1,-2,-1,-2,-2,-2,-2,-3,-2,-3,-2,-3,-2,-3,-2,-3,-2,-4,-2,-4,-3,-4,-3,-4,-3,-4,-3,-4,-3,-4,-4,-4,-4,-3,-4,-3,-4,-3,-4,-3,-4,-3,-5,-1,-2,0,0,0,0,0,0,0,0]"
2026-06-22 03:03:28.906819,CSI_DATA,32718,1a:00:00:00:00:00,-64,11,1,0,1,1,1,0,0,0,0,-97,0,11,2,34169629,0,47,0,128,1,"[47,-16,2,0,0,0,0,0,0,0,-4,-1,-12,-4,-12,-3,-12,-3,-11,-3,-11,-3,-10,-3,-9,-3,-9,-3,-8,-3,-8,-3,-8,-2,-7,-2,-6,-2,-6,-2,-6,-2,-5,-1,-4,-1,-4,-1,-4,-1,-3,0,-3,0,-3,0,-2,0,-2,0,-2,0,-1,0,-1,0,-1,1,0,1,0,1,0,1,1,1,1,2,1,2,1,2,1,2,2,2,2,2,2,2,2,2,2,3,2,3,2,3,2,3,2,3,2,4,2,4,1,4,1,4,1,5,1,5,1,5,0,5,0,1,0,0,0,0,0,0,0,0]"
2026-06-22 03:03:29.003546,CSI_DATA,32719,1a:00:00:00:00:00,-64,11,1,0,1,1,1,0,0,0,0,-97,0,11,2,34220637,0,47,0,128,1,"[47,-16,2,0,0,0,0,0,0,0,-1,3,-3,12,-3,12,-2,11,-3,11,-2,10,-2,9,-2,9,-2,8,-2,7,-2,7,-1,7,-1,6,-1,6,-1,5,-1,5,-1,4,-1,3,-1,3,-1,3,-1,2,0,2,0,1,0,1,0,1,0,0,0,0,0,-1,0,-1,0,-1,1,-1,1,-2,1,-2,1,-2,1,-3,1,-3,2,-3,2,-3,2,-3,2,-4,2,-4,2,-4,2,-4,3,-4,3,-4,3,-4,3,-4,4,-4,4,-4,4,-4,4,-3,4,-3,5,-3,5,-3,1,-1,0,0,0,0,0,0,0,0]"
2026-06-22 03:03:29.017156,CSI_DATA,32720,1a:00:00:00:00:00,-64,11,1,0,1,1,1,0,0,0,0,-97,0,11,2,34271633,0,47,0,128,1,"[47,-16,2,0,0,0,0,0,0,0,3,0,12,2,12,1,11,1,11,1,10,1,9,1,9,1,8,1,7,1,7,0,7,0,6,0,5,0,5,0,4,0,4,0,3,0,3,-1,2,-1,2,0,1,0,1,-1,1,-1,0,-1,0,-1,-1,-1,-1,-1,-1,-1,-2,-1,-2,-1,-2,-1,-3,-1,-3,-1,-3,-1,-3,-1,-4,-1,-4,-1,-4,-1,-4,-1,-5,-2,-5,-2,-5,-2,-5,-2,-5,-2,-6,-2,-6,-2,-5,-3,-5,-3,-5,-3,-5,-3,-5,-4,-5,-4,-5,-4,-2,-1,0,0,0,0,0,0,0,0]"
2026-06-22 03:03:29.089942,CSI_DATA,32721,1a:00:00:00:00:00,-63,11,1,0,1,1,1,0,0,0,0,-97,0,11,2,34322637,0,47,0,128,1,"[47,-16,2,0,0,0,0,0,0,0,-2,-3,-7,-11,-7,-11,-7,-10,-7,-10,-6,-9,-6,-9,-6,-8,-5,-8,-5,-7,-5,-7,-5,-6,-5,-6,-4,-5,-4,-5,-4,-4,-4,-4,-3,-3,-3,-3,-3,-2,-3,-2,-3,-2,-2,-1,-2,-1,-2,-1,-2,0,-2,0,-1,0,-1,1,-1,1,-1,1,-1,2,-1,2,-1,2,-1,3,-1,3,-1,3,-1,3,-1,4,-1,4,-1,4,-1,4,-1,5,-1,5,-1,5,-1,5,-2,5,-2,5,-2,5,-3,5,-3,5,-3,5,-4,5,-4,5,-1,1,0,0,0,0,0,0,0,0]"
2026-06-22 03:03:29.105293,CSI_DATA,32722,1a:00:00:00:00:00,-63,11,1,0,1,1,1,0,0,0,0,-97,0,11,2,34373865,0,47,0,128,1,"[47,-16,2,0,0,0,0,0,0,0,2,-2,11,-6,11,-6,10,-6,9,-6,9,-5,8,-5,8,-5,7,-4,7,-4,6,-4,6,-4,5,-4,5,-4,4,-3,4,-3,3,-3,3,-3,2,-3,2,-2,1,-2,1,-2,1,-2,0,-2,0,-1,-1,-1,-1,-1,-1,-1,-2,-1,-2,-1,-2,-1,-2,-1,-3,0,-3,0,-4,0,-4,0,-4,0,-4,0,-4,0,-5,0,-5,0,-5,0,-5,0,-6,0,-6,0,-6,0,-6,-1,-6,-1,-6,-1,-6,-1,-6,-2,-6,-2,-6,-2,-6,-3,-2,-1,0,0,0,0,0,0,0,0]"
2026-06-22 03:03:29.160026,CSI_DATA,32723,1a:00:00:00:00:00,-64,11,1,0,1,1,1,0,0,0,0,-97,0,11,2,34424616,0,47,0,128,1,"[47,-16,2,0,0,0,0,0,0,0,-4,1,-12,4,-12,4,-11,4,-11,4,-10,4,-10,3,-9,3,-8,3,-8,3,-7,3,-7,3,-6,2,-6,2,-5,2,-5,2,-4,2,-4,1,-3,1,-3,1,-3,1,-2,1,-2,0,-2,0,-1,0,-1,-1,-1,-1,0,-1,0,-1,0,-2,0,-2,1,-2,1,-2,1,-2,1,-3,2,-3,2,-3,2,-3,2,-3,2,-3,3,-4,3,-4,3,-4,3,-4,3,-4,4,-4,4,-4,4,-4,4,-3,4,-3,4,-3,5,-3,5,-3,5,-2,1,-1,0,0,0,0,0,0,0,0]"
2026-06-22 03:03:29.212144,CSI_DATA,32724,1a:00:00:00:00:00,-64,11,1,0,1,1,1,0,0,0,0,-97,0,11,2,34475617,0,47,0,128,1,"[47,-16,2,0,0,0,0,0,0,0,3,-1,12,-1,12,-2,12,-2,11,-2,11,-2,10,-2,9,-1,8,-1,8,-1,7,-1,7,-1,7,-1,6,-1,6,-1,5,-1,4,-1,4,-1,3,-1,3,-1,2,-1,2,-1,2,-1,1,-1,1,-1,0,-1,0,-1,0,-1,-1,-1,-1,-1,-1,-1,-2,-1,-2,-1,-2,-1,-3,-2,-3,-2,-3,-2,-3,-2,-4,-2,-4,-2,-4,-3,-4,-3,-4,-3,-4,-3,-4,-3,-4,-3,-4,-4,-4,-4,-4,-4,-4,-4,-4,-5,-4,-5,-3,-5,-3,-5,-1,-2,0,0,0,0,0,0,0,0]"
2026-06-22 03:03:29.262231,CSI_DATA,32725,1a:00:00:00:00:00,-63,11,1,0,1,1,1,0,0,0,0,-97,0,11,2,34526626,0,47,0,128,1,"[47,-16,2,0,0,0,0,0,0,0,-1,-4,-4,-14,-4,-13,-4,-12,-4,-12,-4,-12,-3,-11,-3,-10,-3,-10,-3,-9,-3,-8,-3,-8,-3,-8,-3,-7,-3,-6,-2,-6,-2,-5,-3,-5,-2,-4,-2,-4,-2,-3,-2,-3,-2,-2,-2,-2,-2,-2,-2,-1,-2,-1,-1,-1,-2,0,-2,0,-2,1,-2,1,-2,1,-2,2,-2,2,-2,2,-2,3,-2,3,-2,3,-2,3,-2,4,-2,4,-3,4,-3,4,-3,5,-3,4,-3,4,-4,4,-4,4,-4,4,-4,4,-4,4,-5,4,-5,3,-2,0,0,0,0,0,0,0,0,0]"
2026-06-22 03:03:29.326954,CSI_DATA,32726,1a:00:00:00:00:00,-63,11,1,0,1,1,1,0,0,0,0,-97,0,11,2,34577639,0,47,0,128,1,"[47,-16,2,0,0,0,0,0,0,0,2,1,10,7,10,6,10,6,9,6,9,5,8,5,7,5,7,5,6,4,6,4,6,4,5,3,5,3,4,2,4,2,4,2,3,1,3,1,3,1,2,0,2,0,2,0,1,0,1,-1,1,-1,1,-1,0,-1,0,-1,0,-2,0,-2,-1,-2,-1,-2,-1,-3,-1,-3,-1,-3,-1,-3,-2,-4,-1,-4,-1,-4,-1,-5,-2,-5,-1,-5,-2,-5,-1,-5,-1,-5,-1,-6,-1,-6,0,-6,0,-6,0,-6,0,-6,0,-6,1,-6,0,-2,0,0,0,0,0,0,0,0]"
2026-06-22 03:03:29.363473,CSI_DATA,32727,1a:00:00:00:00:00,-64,11,1,0,1,1,1,0,0,0,0,-97,0,11,2,34628643,0,47,0,128,1,"[47,-16,2,0,0,0,0,0,0,0,-4,-1,-13,-1,-12,-1,-12,0,-12,-1,-11,-1,-10,-1,-10,-1,-9,-1,-8,-1,-8,-1,-8,-1,-7,-1,-7,0,-6,0,-6,0,-5,0,-4,0,-4,0,-4,0,-3,0,-3,0,-3,0,-2,0,-2,0,-1,0,-1,0,-1,0,0,0,0,0,0,0,1,1,1,1,1,1,2,1,2,1,2,1,2,1,3,1,2,2,2,2,3,2,3,2,3,2,3,3,3,3,3,3,3,3,2,4,2,4,2,4,2,4,2,4,1,4,0,1,0,0,0,0,0,0,0,0]"
2026-06-22 03:03:29.441763,CSI_DATA,32728,1a:00:00:00:00:00,-64,11,1,0,1,1,1,0,0,0,0,-97,0,11,2,34679634,0,47,0,128,1,"[47,-16,2,0,0,0,0,0,0,0,2,-3,9,-9,9,-9,8,-9,8,-8,8,-8,7,-7,7,-7,6,-6,6,-6,5,-6,5,-6,4,-5,4,-5,4,-4,3,-4,3,-4,2,-4,2,-4,2,-3,1,-3,1,-2,1,-2,1,-2,0,-2,0,-2,0,-2,-1,-1,-1,-1,-1,-1,-1,-1,-2,0,-2,0,-2,0,-3,0,-3,0,-3,0,-3,0,-3,0,-4,0,-4,0,-4,0,-4,0,-5,0,-5,0,-5,0,-5,0,-5,-1,-5,-1,-5,-1,-5,-1,-5,-2,-5,-2,-5,-2,-2,-1,0,0,0,0,0,0,0,0]"
2026-06-22 03:03:29.473066,CSI_DATA,32729,1a:00:00:00:00:00,-64,11,1,0,1,1,1,0,0,0,0,-97,0,11,2,34730641,0,47,0,128,1,"[47,-16,2,0,0,0,0,0,0,0,-2,-3,-6,-12,-6,-11,-6,-11,-6,-10,-5,-10,-5,-9,-4,-9,-4,-8,-4,-8,-4,-7,-4,-7,-4,-6,-4,-6,-3,-5,-3,-5,-3,-4,-3,-4,-2,-3,-2,-3,-2,-2,-2,-2,-2,-2,-2,-1,-2,-1,-1,-1,-1,-1,-1,0,-1,0,-1,0,-1,1,-1,1,-1,2,-1,2,-1,2,-1,2,-1,3,-1,3,-1,3,-1,3,-1,3,-1,4,-1,4,-2,4,-2,4,-2,4,-2,4,-3,4,-3,4,-3,4,-3,4,-3,3,-4,3,-4,3,-1,0,0,0,0,0,0,0,0,0]"
2026-06-22 03:03:29.549406,CSI_DATA,32730,1a:00:00:00:00:00,-64,11,1,0,1,1,1,0,0,0,0,-97,0,11,2,34781625,0,47,0,128,1,"[47,-16,2,0,0,0,0,0,0,0,0,-4,1,-13,1,-12,1,-12,1,-11,1,-11,1,-10,1,-9,1,-8,0,-8,0,-7,0,-7,0,-7,0,-6,-1,-5,-1,-5,-1,-4,-1,-4,-1,-3,-1,-2,-1,-2,-2,-2,-2,-1,-2,-1,-2,0,-2,0,-2,0,-1,0,-3,1,-3,1,-3,1,-3,2,-3,2,-3,2,-4,2,-4,3,-4,3,-4,3,-4,3,-4,3,-5,3,-5,3,-5,3,-5,3,-5,3,-6,3,-6,3,-6,3,-6,2,-6,2,-6,2,-6,2,-6,1,-7,1,-2,0,0,0,0,0,0,0,0,0]"
2026-06-22 03:03:29.569960,CSI_DATA,32731,1a:00:00:00:00:00,-63,11,1,0,1,1,1,0,0,0,0,-97,0,11,2,34832631,0,47,0,128,1,"[47,-16,2,0,0,0,0,0,0,0,-1,-3,-3,-11,-3,-10,-3,-9,-3,-9,-3,-8,-3,-8,-2,-7,-2,-6,-2,-5,-2,-5,-2,-5,-2,-4,-2,-3,-2,-3,-2,-2,-2,-2,-2,-1,-2,-1,-2,0,-2,0,-2,1,-2,1,-2,1,-2,2,-2,2,-2,2,-1,1,-2,3,-2,4,-2,4,-1,5,-1,5,-2,5,-2,6,-2,6,-2,6,-2,6,-2,6,-2,7,-2,7,-2,7,-2,7,-2,7,-3,7,-3,7,-3,7,-4,7,-4,7,-4,7,-4,7,-4,7,-5,6,-5,5,-2,1,0,0,0,0,0,0,0,0]"
2026-06-22 03:03:29.653369,CSI_DATA,32732,1a:00:00:00:00:00,-62,11,1,0,1,1,1,0,0,0,0,-97,0,11,2,34883648,0,47,0,128,1,"[47,-16,2,0,0,0,0,0,0,0,-3,-2,-12,-5,-12,-4,-11,-4,-10,-4,-10,-4,-9,-4,-8,-3,-8,-3,-8,-3,-7,-2,-7,-2,-6,-2,-6,-1,-5,-1,-5,-1,-5,0,-4,0,-4,0,-4,1,-4,1,-3,1,-3,2,-3,2,-2,3,-2,3,-2,3,-1,1,-2,4,-2,4,-2,4,-2,5,-2,5,-2,5,-2,5,-2,6,-2,6,-2,6,-2,6,-3,6,-3,7,-3,7,-3,7,-3,7,-4,7,-4,6,-4,6,-5,6,-5,6,-6,6,-6,6,-6,5,-6,5,-6,4,-2,1,0,0,0,0,0,0,0,0]"
2026-06-22 03:03:29.672213,CSI_DATA,32733,1a:00:00:00:00:00,-60,11,1,0,1,1,1,0,0,0,0,-97,0,11,2,34934614,0,47,0,128,1,"[47,-16,2,0,0,0,0,0,0,0,-2,-3,-7,-12,-7,-11,-7,-10,-7,-10,-6,-10,-6,-9,-6,-8,-5,-8,-5,-7,-5,-7,-5,-6,-5,-6,-5,-5,-5,-4,-5,-4,-5,-4,-5,-3,-5,-2,-5,-2,-5,-1,-5,-1,-5,-1,-5,0,-6,0,-6,1,-6,1,-3,0,-6,2,-6,2,-6,2,-6,2,-7,2,-7,3,-7,3,-8,3,-8,3,-8,3,-8,3,-8,3,-9,3,-9,3,-9,2,-10,2,-10,2,-10,2,-10,1,-10,1,-10,0,-10,0,-10,0,-10,-1,-10,-2,-10,-2,-3,-1,0,0,0,0,0,0,0,0]"
2026-06-22 03:03:29.757740,CSI_DATA,32734,1a:00:00:00:00:00,-60,11,1,0,1,1,1,0,0,0,0,-97,0,11,2,34985630,0,47,0,128,1,"[47,-16,2,0,0,0,0,0,0,0,2,-2,9,-6,9,-6,8,-6,8,-6,8,-5,7,-5,6,-5,6,-4,5,-4,5,-4,5,-4,4,-4,4,-4,3,-4,3,-4,2,-4,2,-4,1,-4,1,-4,1,-4,0,-4,0,-4,0,-4,-1,-4,-1,-5,-1,-5,-1,-3,-2,-5,-2,-5,-2,-5,-3,-5,-3,-6,-3,-6,-3,-6,-3,-6,-3,-6,-3,-7,-3,-7,-3,-7,-3,-7,-3,-7,-3,-7,-3,-8,-2,-8,-2,-8,-2,-8,-1,-8,-1,-8,0,-8,0,-8,0,-8,0,-8,1,-8,0,-2,0,0,0,0,0,0,0,0]"
2026-06-22 03:03:29.772296,CSI_DATA,32735,1a:00:00:00:00:00,-60,11,1,0,1,1,1,0,0,0,0,-97,0,11,2,35036641,0,47,0,128,1,"[47,-16,2,0,0,0,0,0,0,0,-1,-3,-1,-12,-1,-11,-2,-11,-1,-10,-1,-10,-1,-9,-1,-9,-1,-8,-2,-8,-2,-7,-2,-7,-2,-7,-2,-6,-3,-6,-3,-5,-3,-5,-3,-5,-3,-4,-3,-4,-4,-4,-4,-4,-4,-3,-4,-3,-5,-3,-5,-3,-5,-3,-3,-2,-6,-2,-6,-2,-6,-2,-6,-2,-6,-2,-7,-2,-7,-2,-7,-2,-7,-2,-7,-3,-8,-3,-8,-3,-8,-3,-8,-3,-8,-4,-8,-4,-8,-4,-8,-4,-8,-5,-7,-5,-7,-6,-7,-6,-7,-6,-7,-6,-6,-7,-6,-7,-2,-2,0,0,0,0,0,0,0,0]"
2026-06-22 03:03:29.865279,CSI_DATA,32736,1a:00:00:00:00:00,-59,11,1,0,1,1,1,0,0,0,0,-97,0,11,2,35087639,0,47,0,128,1,"[47,-16,2,0,0,0,0,0,0,0,-3,-2,-10,-6,-10,-5,-10,-5,-9,-5,-9,-4,-8,-4,-8,-4,-7,-4,-7,-3,-7,-3,-7,-2,-7,-2,-6,-1,-6,-1,-6,-1,-6,0,-5,0,-5,0,-5,1,-5,1,-5,1,-5,2,-5,2,-5,2,-5,3,-5,3,-3,1,-5,3,-5,4,-5,4,-5,4,-5,4,-6,5,-6,5,-6,5,-6,5,-6,5,-6,5,-6,5,-6,5,-7,5,-7,5,-7,5,-8,4,-8,4,-8,4,-8,4,-8,3,-9,3,-9,3,-9,2,-9,2,-9,1,-3,0,0,0,0,0,0,0,0,0]"
2026-06-22 03:03:29.880442,CSI_DATA,32737,1a:00:00:00:00:00,-59,11,1,0,1,1,1,0,0,0,0,-97,0,11,2,35138617,0,47,0,128,1,"[47,-16,2,0,0,0,0,0,0,0,-1,2,-2,11,-1,10,-1,10,-1,9,-1,9,-1,9,-1,8,-1,8,0,7,0,7,0,6,1,6,1,6,1,5,2,5,2,5,2,4,2,4,2,4,3,4,3,3,3,3,3,3,4,2,4,3,4,3,2,1,5,2,5,2,5,2,5,2,6,2,6,2,6,3,6,3,6,3,7,3,7,3,7,3,7,3,7,4,7,4,7,4,7,5,7,5,6,6,6,6,6,6,5,6,5,6,5,6,5,7,4,7,1,2,0,0,0,0,0,0,0,0]"
2026-06-22 03:03:29.966180,CSI_DATA,32738,1a:00:00:00:00:00,-59,11,1,0,1,1,1,0,0,0,0,-97,0,11,2,35189623,0,47,0,128,1,"[47,-16,2,0,0,0,0,0,0,0,2,2,8,8,8,7,8,7,8,7,7,6,7,6,6,6,6,5,6,5,6,4,6,4,6,4,6,3,6,3,5,3,5,2,5,1,5,1,5,1,5,1,5,0,5,0,5,0,5,-1,6,-1,6,-1,3,-1,6,-2,6,-2,6,-2,6,-2,6,-2,7,-2,7,-2,7,-2,7,-2,7,-3,7,-3,8,-3,8,-2,8,-2,8,-2,8,-2,9,-2,9,-1,9,-1,9,0,9,0,9,0,9,1,9,1,8,2,8,2,2,0,0,0,0,0,0,0,0,0]"
2026-06-22 03:03:29.986261,CSI_DATA,32739,1a:00:00:00:00:00,-58,11,1,0,1,1,1,0,0,0,0,-97,0,11,2,35240627,0,47,0,128,1,"[47,-16,2,0,0,0,0,0,0,0,2,-3,8,-10,7,-10,7,-10,6,-9,6,-9,6,-9,5,-8,5,-8,4,-8,4,-7,4,-7,3,-7,3,-7,3,-7,2,-7,2,-7,1,-7,1,-7,1,-7,0,-6,0,-6,0,-6,-1,-7,-1,-7,-1,-7,-1,-7,-1,-4,-2,-7,-2,-7,-3,-7,-3,-7,-3,-7,-3,-7,-3,-8,-3,-7,-3,-8,-3,-8,-3,-9,-3,-9,-3,-9,-3,-9,-3,-9,-3,-9,-2,-9,-2,-10,-1,-10,-1,-10,-1,-10,0,-10,0,-10,0,-10,1,-10,2,-10,0,-3,0,0,0,0,0,0,0,0]"
2026-06-22 03:03:30.025316,CSI_DATA,32740,1a:00:00:00:00:00,-58,11,1,0,1,1,1,0,0,0,0,-97,0,11,2,35291631,0,47,0,128,1,"[47,-16,2,0,0,0,0,0,0,0,-4,0,-13,2,-12,2,-12,2,-12,2,-11,2,-11,2,-10,2,-9,2,-9,2,-9,2,-8,2,-8,3,-7,3,-7,3,-7,3,-6,3,-6,3,-5,3,-5,3,-5,4,-5,4,-4,4,-4,4,-4,5,-4,5,-4,5,-2,3,-3,6,-3,6,-3,6,-3,6,-3,6,-3,7,-3,7,-3,7,-3,7,-3,8,-3,8,-3,8,-3,8,-4,8,-4,8,-4,8,-4,8,-5,8,-5,8,-6,8,-6,7,-7,7,-7,7,-7,7,-7,7,-8,6,-2,1,0,0,0,0,0,0,0,0]"
2026-06-22 03:03:30.077874,CSI_DATA,32741,1a:00:00:00:00:00,-58,11,1,0,1,1,1,0,0,0,0,-97,0,11,2,35342635,0,47,0,128,1,"[47,-16,2,0,0,0,0,0,0,0,-2,-3,-8,-10,-8,-9,-8,-9,-8,-9,-7,-8,-7,-8,-7,-7,-6,-7,-6,-7,-7,-6,-6,-6,-6,-6,-6,-5,-6,-5,-6,-4,-6,-4,-6,-4,-6,-3,-6,-3,-6,-2,-6,-2,-6,-2,-6,-2,-6,-1,-7,-1,-7,-1,-4,-1,-7,0,-7,0,-7,0,-7,0,-7,0,-7,0,-7,0,-7,0,-8,0,-8,0,-8,0,-8,0,-8,0,-8,0,-9,0,-9,0,-9,0,-9,-1,-9,-1,-9,-2,-9,-2,-9,-2,-9,-3,-9,-3,-9,-4,-9,-4,-3,-1,0,0,0,0,0,0,0,0]"
2026-06-22 03:03:30.126648,CSI_DATA,32742,1a:00:00:00:00:00,-58,11,1,0,1,1,1,0,0,0,0,-97,0,11,2,35393643,0,47,0,128,1,"[47,-16,2,0,0,0,0,0,0,0,-4,0,-14,2,-13,2,-13,2,-13,2,-12,2,-12,2,-11,2,-10,2,-10,2,-10,2,-9,2,-9,3,-8,3,-8,3,-8,3,-7,3,-7,3,-6,3,-6,3,-6,4,-6,4,-5,4,-5,4,-5,4,-5,5,-5,5,-3,2,-4,5,-4,5,-4,6,-4,6,-4,6,-4,6,-4,6,-4,6,-4,7,-4,7,-4,7,-5,7,-5,7,-5,7,-5,7,-6,7,-6,7,-6,7,-6,7,-7,7,-8,6,-8,6,-8,6,-8,6,-9,5,-9,5,-3,1,0,0,0,0,0,0,0,0]"
2026-06-22 03:03:30.186404,CSI_DATA,32743,1a:00:00:00:00:00,-58,11,1,0,1,1,1,0,0,0,0,-97,0,11,2,35444623,0,47,0,128,1,"[47,-16,2,0,0,0,0,0,0,0,1,-4,4,-13,4,-13,4,-12,4,-12,4,-11,4,-11,3,-10,3,-10,3,-10,2,-9,2,-9,2,-9,1,-9,1,-8,1,-8,0,-8,0,-8,0,-7,-1,-7,-1,-7,-1,-7,-1,-7,-2,-7,-2,-7,-3,-7,-3,-7,-2,-4,-3,-7,-3,-7,-3,-7,-4,-7,-4,-7,-4,-7,-4,-7,-4,-7,-4,-8,-4,-8,-4,-8,-4,-8,-4,-8,-4,-9,-4,-9,-4,-9,-4,-9,-3,-9,-3,-10,-2,-10,-2,-10,-1,-10,-1,-10,-1,-10,0,-10,0,-10,0,-3,0,0,0,0,0,0,0,0]"
2026-06-22 03:03:30.229952,CSI_DATA,32744,1a:00:00:00:00:00,-58,11,1,0,1,1,1,0,0,0,0,-97,0,11,2,35496124,0,47,0,128,1,"[47,-16,2,0,0,0,0,0,0,0,0,3,2,13,2,12,2,12,2,11,2,11,2,10,2,10,2,9,2,9,2,8,2,8,2,7,2,7,2,7,2,6,3,6,3,5,3,5,3,5,3,5,3,4,3,4,3,4,4,4,4,4,4,4,2,1,5,3,5,3,5,3,5,3,5,3,6,3,6,3,6,3,6,3,6,4,6,4,6,4,6,4,6,4,6,4,6,5,6,5,6,5,6,6,6,6,5,6,5,7,5,7,5,7,4,8,3,8,0,2,0,0,0,0,0,0,0,0]"
2026-06-22 03:03:30.294186,CSI_DATA,32745,1a:00:00:00:00:00,-59,11,1,0,1,1,1,0,0,0,0,-97,0,11,2,35546641,0,47,0,128,1,"[47,-16,2,0,0,0,0,0,0,0,0,-4,0,-14,0,-13,0,-13,0,-13,0,-12,0,-11,0,-11,0,-10,0,-10,0,-9,-1,-9,-1,-9,-1,-9,-1,-8,-2,-8,-2,-8,-2,-7,-2,-7,-2,-7,-2,-7,-2,-6,-3,-6,-3,-6,-3,-6,-4,-6,-4,-6,-2,-3,-4,-5,-4,-5,-5,-5,-5,-5,-5,-5,-5,-5,-5,-5,-5,-5,-5,-5,-5,-6,-6,-6,-6,-6,-6,-6,-6,-6,-6,-6,-6,-7,-6,-7,-6,-7,-5,-7,-5,-8,-4,-8,-4,-8,-4,-8,-4,-8,-3,-9,-3,-9,-1,-3,0,0,0,0,0,0,0,0]"
2026-06-22 03:03:30.330740,CSI_DATA,32746,1a:00:00:00:00:00,-58,11,1,0,1,1,1,0,0,0,0,-97,0,11,2,35597675,0,47,0,128,1,"[47,-16,2,0,0,0,0,0,0,0,2,1,10,4,10,3,11,3,10,3,9,3,9,2,9,3,8,3,7,2,8,1,8,1,7,1,7,0,7,-1,7,0,6,-1,5,-2,6,-2,6,-2,5,-2,5,-3,5,-3,5,-3,4,-3,4,-4,5,-5,2,-2,3,-4,3,-5,4,-5,3,-5,3,-5,3,-6,3,-6,3,-5,3,-6,3,-6,3,-6,3,-6,2,-7,3,-8,3,-7,3,-6,3,-7,3,-7,4,-7,4,-6,4,-7,4,-7,5,-7,4,-7,4,-7,5,-7,1,-2,0,0,0,0,0,0,0,0]"
2026-06-22 03:03:30.405666,CSI_DATA,32747,1a:00:00:00:00:00,-58,11,1,0,1,1,1,0,0,0,0,-97,0,11,2,35648620,0,47,0,128,1,"[47,-16,2,0,0,0,0,0,0,0,3,0,12,0,12,0,11,0,11,0,11,0,10,0,9,0,9,0,9,0,8,0,8,-1,8,-1,8,-1,7,-1,7,-1,7,-1,6,-1,6,-1,6,-2,6,-2,6,-2,6,-2,5,-2,5,-3,5,-3,5,-3,2,-2,5,-3,5,-4,5,-4,5,-4,5,-4,5,-4,5,-4,5,-4,5,-4,5,-4,5,-4,5,-4,5,-4,6,-4,6,-4,6,-4,6,-4,6,-4,6,-3,7,-3,7,-3,7,-3,7,-3,7,-2,7,-1,7,-1,1,-1,0,0,0,0,0,0,0,0]"
2026-06-22 03:03:30.433205,CSI_DATA,32748,1a:00:00:00:00:00,-57,11,1,0,1,1,1,0,0,0,0,-97,0,11,2,35699642,0,47,0,128,1,"[47,-16,2,0,0,0,0,0,0,0,-2,3,-6,13,-6,12,-6,12,-6,12,-6,12,-6,11,-6,10,-6,10,-5,9,-5,9,-4,9,-4,9,-4,9,-4,8,-3,8,-3,8,-3,8,-2,7,-2,7,-2,7,-2,7,-2,7,-1,7,-1,7,-1,7,-1,7,0,3,0,7,0,7,0,7,0,7,0,7,0,7,1,7,0,7,0,7,0,7,1,8,1,8,0,8,0,8,0,8,0,8,0,8,-1,8,-1,8,-1,8,-2,8,-2,8,-2,8,-3,8,-3,8,-4,8,-1,2,0,0,0,0,0,0,0,0]"
2026-06-22 03:03:30.517445,CSI_DATA,32749,1a:00:00:00:00:00,-57,11,1,0,1,1,1,0,0,0,0,-97,0,11,2,35752485,0,47,0,128,1,"[47,-16,2,0,0,0,0,0,0,0,3,0,14,1,14,1,13,1,13,1,13,1,12,1,11,1,11,1,10,1,10,0,10,0,10,0,9,-1,9,0,9,-1,8,-1,8,-1,8,-1,8,-2,8,-2,7,-2,7,-2,7,-2,7,-3,7,-3,7,-3,3,-2,7,-4,7,-4,7,-4,7,-4,7,-4,7,-4,7,-4,7,-4,7,-4,7,-4,7,-4,7,-4,7,-4,8,-4,8,-4,8,-4,8,-4,8,-3,8,-3,9,-2,9,-2,9,-2,9,-1,9,-1,9,0,9,0,2,0,0,0,0,0,0,0,0,0]"
2026-06-22 03:03:30.537023,CSI_DATA,32750,1a:00:00:00:00:00,-57,11,1,0,1,1,1,0,0,0,0,-97,0,11,2,35801645,0,47,0,128,1,"[47,-16,2,0,0,0,0,0,0,0,-4,0,-14,1,-14,1,-14,2,-13,1,-13,1,-12,1,-12,1,-11,1,-11,1,-11,1,-11,2,-10,2,-10,2,-9,2,-9,2,-9,2,-8,2,-8,2,-8,3,-8,3,-8,3,-7,3,-7,3,-7,4,-7,4,-7,4,-4,2,-7,4,-7,5,-6,5,-6,5,-6,5,-6,5,-7,5,-7,5,-7,5,-6,5,-6,5,-7,5,-7,5,-7,5,-7,5,-8,5,-8,5,-8,5,-8,4,-9,4,-9,4,-9,4,-10,3,-10,3,-10,2,-10,2,-3,0,0,0,0,0,0,0,0,0]"
2026-06-22 03:03:30.623010,CSI_DATA,32751,1a:00:00:00:00:00,-58,11,1,0,1,1,1,0,0,0,0,-97,0,11,2,35852634,0,47,0,128,1,"[47,-16,2,0,0,0,0,0,0,0,3,1,12,5,12,5,12,4,11,4,11,5,10,4,10,4,9,4,9,3,9,3,9,3,8,3,8,2,8,2,8,2,8,2,7,1,7,1,7,0,7,0,7,0,7,0,7,0,7,-1,7,-1,7,-1,3,-1,7,-1,7,-1,7,-2,7,-2,7,-2,7,-2,7,-2,7,-2,7,-2,7,-2,8,-2,8,-2,8,-2,8,-2,8,-1,8,-1,8,-1,8,0,8,0,8,1,8,1,8,1,8,1,8,2,8,2,8,3,2,0,0,0,0,0,0,0,0,0]"
2026-06-22 03:03:30.639007,CSI_DATA,32752,1a:00:00:00:00:00,-57,11,1,0,1,1,1,0,0,0,0,-97,0,11,2,35903636,0,47,0,128,1,"[47,-16,2,0,0,0,0,0,0,0,-3,-3,-12,-9,-12,-8,-12,-8,-11,-8,-11,-8,-10,-8,-10,-8,-9,-7,-9,-7,-9,-6,-9,-6,-9,-6,-9,-5,-9,-5,-8,-5,-8,-4,-8,-4,-8,-4,-8,-3,-8,-3,-8,-3,-8,-3,-8,-3,-8,-2,-8,-2,-8,-2,-4,-1,-8,-2,-8,-1,-8,-1,-8,-1,-8,-1,-9,-1,-9,-1,-9,-2,-9,-2,-9,-2,-9,-1,-9,-2,-9,-2,-9,-2,-9,-2,-10,-2,-10,-2,-10,-3,-9,-4,-9,-4,-9,-5,-9,-5,-9,-5,-9,-5,-9,-6,-8,-6,-2,-2,0,0,0,0,0,0,0,0]"
2026-06-22 03:03:30.719874,CSI_DATA,32753,1a:00:00:00:00:00,-57,11,1,0,1,1,1,0,0,0,0,-97,0,11,2,35954634,0,47,0,128,1,"[47,-16,2,0,0,0,0,0,0,0,0,3,0,13,0,13,0,13,0,12,0,12,0,11,0,11,0,10,0,10,0,9,0,9,1,9,1,8,1,8,1,8,1,7,1,7,2,7,2,7,2,6,2,6,2,6,2,6,3,6,3,6,4,6,2,3,4,5,4,5,4,5,4,5,5,5,5,6,5,6,5,6,5,6,5,6,5,6,5,6,5,6,5,6,5,7,5,7,5,7,4,8,4,8,4,8,3,9,3,9,3,9,2,9,2,9,2,10,0,2,0,0,0,0,0,0,0,0]"
2026-06-22 03:03:30.737240,CSI_DATA,32754,1a:00:00:00:00:00,-57,11,1,0,1,1,1,0,0,0,0,-97,0,11,2,36005626,0,47,0,128,1,"[47,-16,2,0,0,0,0,0,0,0,-1,3,-4,13,-3,12,-3,12,-3,12,-3,11,-3,11,-3,10,-3,10,-3,9,-2,9,-2,9,-2,9,-1,8,-1,8,-1,8,-1,8,0,7,0,7,0,7,0,7,0,7,1,7,1,6,1,6,2,7,2,7,1,3,2,6,2,6,3,6,3,6,3,6,3,7,3,7,3,7,3,7,3,7,3,7,3,7,3,7,3,8,3,8,3,8,3,9,2,9,2,9,1,9,1,9,1,9,0,9,0,9,-1,10,-1,9,-1,2,0,0,0,0,0,0,0,0]"
2026-06-22 03:03:30.791142,CSI_DATA,32755,1a:00:00:00:00:00,-58,11,1,0,1,1,1,0,0,0,0,-97,0,11,2,36056625,0,47,0,128,1,"[47,-16,2,0,0,0,0,0,0,0,1,-3,5,-12,5,-12,5,-12,5,-12,4,-11,4,-11,4,-10,4,-10,3,-9,3,-9,3,-9,2,-9,2,-9,2,-8,1,-8,1,-8,1,-8,0,-8,0,-7,0,-7,-1,-7,-1,-7,-1,-7,-2,-7,-2,-7,-2,-7,-2,-4,-3,-7,-3,-7,-3,-7,-3,-7,-3,-7,-4,-8,-4,-8,-4,-8,-4,-8,-4,-9,-4,-9,-4,-9,-4,-9,-4,-9,-4,-10,-4,-10,-3,-10,-3,-10,-2,-11,-2,-11,-2,-11,-1,-11,-1,-11,-1,-11,0,-11,1,-11,0,-3,0,0,0,0,0,0,0,0]"
2026-06-22 03:03:30.841630,CSI_DATA,32756,1a:00:00:00:00:00,-57,11,1,0,1,1,1,0,0,0,0,-97,0,11,2,36107624,0,47,0,128,1,"[47,-16,2,0,0,0,0,0,0,0,-4,-1,-13,-3,-13,-2,-13,-2,-13,-2,-12,-2,-11,-2,-11,-2,-10,-1,-10,-1,-10,-1,-9,-1,-9,0,-9,0,-9,1,-8,1,-8,1,-8,1,-7,2,-7,2,-7,2,-7,2,-6,3,-6,3,-6,3,-6,4,-6,4,-3,2,-6,4,-6,5,-6,5,-6,5,-6,6,-6,6,-6,6,-6,6,-7,6,-7,6,-7,6,-7,6,-8,6,-8,6,-8,6,-8,6,-9,6,-9,6,-9,5,-9,5,-10,5,-10,5,-10,4,-10,4,-11,3,-11,2,-3,0,0,0,0,0,0,0,0,0]"
2026-06-22 03:03:30.893809,CSI_DATA,32757,1a:00:00:00:00:00,-57,11,1,0,1,1,1,0,0,0,0,-97,0,11,2,36158648,0,47,0,128,1,"[47,-16,2,0,0,0,0,0,0,0,2,2,11,10,11,9,10,8,10,8,9,8,9,7,8,7,8,6,8,6,8,5,8,4,8,4,8,3,8,3,8,2,7,2,7,1,7,1,7,0,7,0,7,0,7,0,7,-1,8,-2,8,-2,8,-2,4,-1,8,-3,8,-3,8,-3,8,-4,9,-4,9,-4,9,-4,9,-4,10,-4,10,-4,10,-4,11,-4,11,-4,11,-4,12,-3,12,-3,12,-3,12,-2,12,-1,12,-1,13,0,13,0,13,0,13,1,12,2,12,2,3,0,0,0,0,0,0,0,0,0]"
2026-06-22 03:03:30.976557,CSI_DATA,32758,1a:00:00:00:00:00,-58,11,1,0,1,1,1,0,0,0,0,-97,0,11,2,36209627,0,47,0,128,1,"[47,-16,2,0,0,0,0,0,0,0,2,-2,11,-5,10,-5,10,-5,9,-5,9,-5,8,-5,7,-4,7,-4,7,-4,6,-5,6,-5,5,-5,5,-5,5,-5,4,-5,4,-5,3,-5,3,-5,2,-6,2,-6,2,-6,2,-6,1,-6,1,-7,1,-7,1,-7,0,-4,0,-8,0,-8,0,-8,0,-8,0,-8,0,-9,0,-9,0,-9,0,-9,0,-10,0,-10,0,-10,0,-10,0,-11,0,-11,1,-11,1,-11,1,-11,2,-11,2,-11,3,-11,3,-11,4,-11,4,-10,5,-10,5,-10,1,-3,0,0,0,0,0,0,0,0]"
2026-06-22 03:03:30.994046,CSI_DATA,32759,1a:00:00:00:00:00,-58,11,1,0,1,1,1,0,0,0,0,-97,0,11,2,36260643,0,47,0,128,1,"[47,-16,2,0,0,0,0,0,0,0,2,0,11,1,11,0,10,0,10,0,10,0,9,0,8,0,8,0,7,-1,7,-1,7,-1,7,-2,6,-2,6,-2,5,-3,5,-3,5,-3,4,-3,4,-4,4,-4,3,-4,3,-4,3,-5,3,-6,3,-6,3,-6,1,-3,2,-6,2,-7,2,-7,2,-8,2,-8,2,-8,2,-8,2,-8,3,-8,3,-9,3,-9,3,-9,3,-9,3,-9,3,-9,4,-10,4,-10,4,-9,5,-9,5,-9,6,-9,6,-8,6,-8,7,-8,7,-8,7,-7,1,-2,0,0,0,0,0,0,0,0]"
2026-06-22 03:03:31.083813,CSI_DATA,32760,1a:00:00:00:00:00,-58,11,1,0,1,1,1,0,0,0,0,-97,0,11,2,36311636,0,47,0,128,1,"[47,-16,2,0,0,0,0,0,0,0,2,1,11,7,11,6,11,6,11,5,10,5,9,5,9,5,8,4,8,4,8,3,8,2,8,2,7,1,7,1,7,0,7,0,6,-1,6,-1,6,-2,6,-2,6,-2,6,-2,6,-3,6,-4,6,-4,6,-4,3,-3,6,-5,6,-5,6,-6,6,-6,7,-6,7,-6,7,-7,7,-7,7,-7,7,-7,8,-7,8,-7,8,-7,8,-7,9,-7,9,-7,10,-7,10,-6,10,-6,10,-5,11,-5,11,-4,11,-4,11,-4,11,-3,11,-2,2,-1,0,0,0,0,0,0,0,0]"
2026-06-22 03:03:31.103027,CSI_DATA,32761,1a:00:00:00:00:00,-58,11,1,0,1,1,1,0,0,0,0,-97,0,11,2,36362627,0,47,0,128,1,"[47,-16,2,0,0,0,0,0,0,0,-3,1,-12,6,-12,7,-11,7,-11,6,-10,6,-10,6,-9,5,-8,5,-8,5,-7,5,-7,5,-6,5,-5,5,-5,5,-4,5,-4,5,-3,5,-3,5,-3,6,-2,5,-2,6,-1,6,-1,6,0,6,0,6,0,7,0,3,1,7,1,7,1,7,1,8,2,8,2,8,2,8,2,8,2,9,2,9,2,10,2,10,2,10,1,10,1,11,1,11,0,11,0,12,0,12,-1,12,-2,12,-2,11,-3,11,-3,11,-4,11,-4,11,-1,2,0,0,0,0,0,0,0,0]"
2026-06-22 03:03:31.146836,CSI_DATA,32762,1a:00:00:00:00:00,-58,11,1,0,1,1,1,0,0,0,0,-97,0,11,2,36413668,0,47,0,128,1,"[47,-16,2,0,0,0,0,0,0,0,2,2,8,10,8,9,8,9,8,8,8,8,7,7,7,7,6,6,6,6,6,5,6,4,6,4,6,4,6,3,6,3,6,2,6,1,6,1,6,0,6,0,6,0,6,-1,6,-1,6,-1,6,-2,6,-2,3,-1,6,-3,6,-4,6,-4,7,-4,7,-4,7,-4,7,-4,8,-4,8,-4,8,-5,8,-5,9,-5,9,-5,9,-5,9,-4,10,-4,10,-4,10,-4,10,-3,10,-2,11,-2,11,-2,11,-1,11,-1,11,0,11,0,2,0,0,0,0,0,0,0,0,0]"
2026-06-22 03:03:31.205857,CSI_DATA,32763,1a:00:00:00:00:00,-59,11,1,0,1,1,1,0,0,0,0,-97,0,11,2,36466313,0,47,0,128,1,"[47,-16,2,0,0,0,0,0,0,0,2,0,11,0,10,-1,10,-1,10,-1,9,-1,8,-1,8,-1,7,-1,7,-1,6,-2,6,-2,6,-2,5,-2,5,-3,4,-3,4,-3,4,-3,4,-4,3,-4,3,-4,3,-4,3,-4,2,-5,2,-5,2,-6,2,-6,1,-3,2,-6,1,-6,1,-7,1,-7,1,-7,1,-7,2,-8,2,-8,2,-8,2,-8,2,-9,2,-9,2,-9,2,-9,3,-9,3,-9,3,-9,3,-9,4,-9,4,-9,5,-8,5,-8,5,-8,5,-8,6,-7,6,-7,1,-2,0,0,0,0,0,0,0,0]"
2026-06-22 03:03:31.250795,CSI_DATA,32764,1a:00:00:00:00:00,-60,11,1,0,1,1,1,0,0,0,0,-97,0,11,2,36515744,0,47,0,128,1,"[47,-16,2,0,0,0,0,0,0,0,2,0,9,3,9,3,9,2,9,2,8,2,7,2,7,2,6,2,6,1,6,1,6,0,5,0,5,-1,5,-1,5,-1,4,-2,4,-2,4,-2,4,-2,3,-3,3,-3,3,-3,3,-4,3,-4,3,-5,3,-5,1,-3,3,-5,3,-6,3,-6,2,-6,3,-6,3,-7,3,-7,3,-7,3,-7,3,-7,4,-8,4,-8,4,-8,4,-8,4,-8,5,-8,5,-8,5,-8,6,-7,6,-7,7,-7,7,-6,7,-6,7,-6,7,-6,8,-5,2,-2,0,0,0,0,0,0,0,0]"
2026-06-22 03:03:31.314580,CSI_DATA,32765,1a:00:00:00:00:00,-59,11,1,0,1,1,1,0,0,0,0,-97,0,11,2,36566647,0,47,0,128,1,"[47,-16,2,0,0,0,0,0,0,0,2,0,10,3,10,3,9,2,9,2,9,2,8,2,7,2,7,2,6,1,6,1,6,0,6,0,5,0,5,-1,5,-1,4,-1,4,-1,4,-2,4,-2,4,-3,3,-3,3,-3,3,-4,3,-4,3,-5,3,-5,1,-3,3,-5,3,-6,3,-6,2,-6,3,-6,3,-7,3,-7,3,-7,3,-7,3,-7,3,-8,4,-8,4,-8,4,-8,4,-8,5,-8,5,-8,5,-8,6,-7,6,-7,7,-6,7,-6,7,-6,7,-6,7,-5,8,-5,2,-1,0,0,0,0,0,0,0,0]"
2026-06-22 03:03:31.359792,CSI_DATA,32766,1a:00:00:00:00:00,-60,11,1,0,1,1,1,0,0,0,0,-97,0,11,2,36617771,0,47,0,128,1,"[47,-16,2,0,0,0,0,0,0,0,-3,-2,-11,-8,-11,-7,-11,-7,-10,-6,-10,-6,-9,-6,-9,-5,-8,-5,-8,-4,-8,-4,-8,-3,-7,-3,-7,-2,-7,-2,-7,-1,-6,-1,-6,0,-6,0,-6,1,-6,1,-5,1,-5,2,-5,2,-5,3,-5,3,-5,3,-3,2,-5,4,-5,4,-5,5,-5,5,-5,5,-6,5,-6,6,-6,6,-6,6,-6,6,-6,7,-6,7,-7,7,-7,7,-7,7,-8,7,-8,7,-8,6,-8,6,-9,5,-9,5,-10,5,-10,5,-10,4,-10,3,-10,3,-3,0,0,0,0,0,0,0,0,0]"
2026-06-22 03:03:31.436215,CSI_DATA,32767,1a:00:00:00:00:00,-60,11,1,0,1,1,1,0,0,0,0,-97,0,11,2,36668609,0,47,0,128,1,"[47,-16,2,0,0,0,0,0,0,0,2,-3,9,-9,9,-9,8,-9,8,-9,8,-8,7,-8,6,-7,6,-7,5,-7,5,-7,4,-6,4,-6,3,-6,3,-6,2,-6,2,-6,1,-6,1,-6,0,-6,0,-5,0,-5,-1,-6,-1,-6,-2,-6,-2,-6,-2,-6,-2,-3,-3,-6,-3,-6,-4,-6,-4,-6,-4,-7,-4,-7,-4,-7,-5,-7,-5,-7,-5,-8,-5,-8,-5,-8,-5,-8,-5,-9,-5,-9,-5,-9,-5,-10,-4,-10,-4,-10,-3,-10,-3,-11,-2,-11,-2,-11,-1,-11,-1,-11,0,-11,0,-3,0,0,0,0,0,0,0,0]"
2026-06-22 03:03:31.456227,CSI_DATA,32768,1a:00:00:00:00:00,-59,11,1,0,1,1,1,0,0,0,0,-97,0,11,2,36719614,0,47,0,128,1,"[47,-16,2,0,0,0,0,0,0,0,3,-1,12,-3,11,-3,11,-3,10,-3,10,-3,9,-3,8,-2,8,-2,7,-3,7,-3,6,-3,6,-3,5,-4,5,-4,4,-4,4,-4,3,-4,3,-4,2,-4,2,-5,2,-5,2,-5,1,-5,1,-6,0,-6,0,-6,0,-3,0,-6,0,-7,-1,-7,-1,-7,-1,-8,-1,-8,-1,-8,-1,-8,-1,-9,-1,-9,-1,-9,0,-9,0,-10,0,-10,0,-10,0,-10,1,-10,1,-10,2,-10,2,-10,3,-10,3,-10,4,-10,4,-10,5,-9,5,-9,1,-2,0,0,0,0,0,0,0,0]"
2026-06-22 03:03:31.528993,CSI_DATA,32769,1a:00:00:00:00:00,-60,11,1,0,1,1,1,0,0,0,0,-97,0,11,2,36770618,0,47,0,128,1,"[47,-16,2,0,0,0,0,0,0,0,-4,0,-13,1,-12,2,-12,2,-11,2,-11,2,-10,2,-10,1,-9,2,-8,2,-8,2,-7,2,-7,2,-6,2,-6,3,-5,3,-5,3,-4,3,-4,3,-4,4,-3,4,-3,4,-3,4,-2,4,-2,4,-1,5,-1,5,-1,2,-1,6,0,6,0,6,0,6,0,6,0,7,0,7,0,7,0,7,0,8,1,8,0,8,0,8,0,9,0,9,-1,9,-1,9,-1,9,-2,9,-2,9,-3,9,-3,9,-4,9,-4,9,-5,9,-5,8,-2,2,0,0,0,0,0,0,0,0]"
2026-06-22 03:03:31.560642,CSI_DATA,32770,1a:00:00:00:00:00,-60,11,1,0,1,1,1,0,0,0,0,-97,0,11,2,36822404,0,47,0,128,1,"[47,-16,2,0,0,0,0,0,0,0,0,2,3,9,3,9,3,8,3,8,3,8,2,7,2,7,2,6,2,5,3,5,3,5,3,4,3,4,3,3,3,3,3,2,3,2,3,1,3,1,3,1,3,1,3,0,3,0,3,-1,4,-1,4,-1,2,-1,4,-1,4,-2,5,-2,5,-2,5,-2,5,-2,5,-3,6,-3,6,-2,6,-3,6,-3,6,-3,7,-3,7,-3,7,-2,7,-2,7,-2,8,-1,8,-1,8,0,8,0,8,0,8,0,8,0,8,1,8,2,2,0,0,0,0,0,0,0,0,0]"
2026-06-22 03:03:31.641165,CSI_DATA,32771,1a:00:00:00:00:00,-60,11,1,0,1,1,1,0,0,0,0,-97,0,11,2,36872736,0,47,0,128,1,"[47,-16,2,0,0,0,0,0,0,0,1,-3,4,-12,3,-12,3,-11,3,-11,3,-10,2,-9,2,-9,2,-8,1,-8,1,-8,0,-7,0,-7,0,-6,-1,-6,-1,-6,-1,-5,-2,-5,-2,-5,-3,-4,-3,-4,-3,-4,-4,-4,-4,-4,-5,-3,-5,-3,-5,-3,-3,-2,-6,-3,-6,-3,-7,-3,-7,-3,-7,-3,-8,-3,-8,-3,-8,-3,-8,-3,-8,-3,-9,-3,-9,-4,-9,-4,-9,-4,-9,-5,-9,-5,-9,-5,-9,-6,-9,-6,-9,-7,-8,-7,-8,-7,-8,-7,-8,-8,-7,-8,-7,-9,-2,-3,0,0,0,0,0,0,0,0]"
2026-06-22 03:03:31.660282,CSI_DATA,32772,1a:00:00:00:00:00,-60,11,1,0,1,1,1,0,0,0,0,-97,0,11,2,36923615,0,47,0,128,1,"[47,-16,2,0,0,0,0,0,0,0,3,-1,11,-3,11,-4,10,-4,10,-3,9,-3,8,-3,8,-3,7,-3,6,-3,6,-4,5,-4,5,-4,5,-4,4,-4,4,-4,3,-4,2,-4,2,-5,1,-5,1,-5,1,-5,0,-5,0,-5,0,-5,-1,-6,-1,-6,-1,-3,-2,-6,-2,-7,-2,-7,-2,-7,-3,-7,-3,-7,-3,-8,-3,-8,-3,-8,-3,-9,-3,-9,-3,-9,-3,-9,-3,-9,-2,-10,-2,-10,-2,-10,-2,-11,-1,-11,-1,-11,0,-11,0,-11,1,-10,1,-11,2,-11,2,-10,0,-3,0,0,0,0,0,0,0,0]"
2026-06-22 03:03:31.750592,CSI_DATA,32773,1a:00:00:00:00:00,-60,11,1,0,1,1,1,0,0,0,0,-97,0,11,2,36974636,0,47,0,128,1,"[47,-16,2,0,0,0,0,0,0,0,2,1,11,4,11,3,10,3,10,3,9,2,8,2,8,2,7,2,7,1,7,1,6,0,6,0,6,-1,5,-1,5,-1,4,-2,4,-2,4,-2,3,-3,3,-3,3,-3,3,-4,3,-4,3,-5,2,-5,2,-6,1,-3,2,-6,2,-7,2,-7,2,-7,2,-7,2,-8,2,-8,2,-8,3,-8,2,-9,2,-9,3,-9,3,-9,3,-9,4,-9,4,-9,4,-9,5,-9,5,-9,6,-9,6,-9,6,-8,6,-8,7,-8,7,-7,7,-7,2,-2,0,0,0,0,0,0,0,0]"
2026-06-22 03:03:31.767027,CSI_DATA,32774,1a:00:00:00:00:00,-60,11,1,0,1,1,1,0,0,0,0,-97,0,11,2,37025924,0,47,0,128,1,"[47,-16,2,0,0,0,0,0,0,0,1,2,4,11,5,10,5,9,4,9,4,8,4,8,3,7,3,7,3,6,3,6,3,5,4,5,4,4,3,3,3,3,4,2,4,2,4,1,4,1,4,1,4,1,4,0,4,0,5,-1,5,-1,5,-1,2,-1,5,-2,5,-2,6,-2,6,-3,6,-3,6,-3,7,-3,7,-3,7,-3,7,-3,8,-3,8,-3,8,-3,8,-3,8,-2,9,-2,9,-2,9,-1,9,-1,9,0,9,0,9,1,9,0,9,1,9,2,9,3,2,0,0,0,0,0,0,0,0,0]"
2026-06-22 03:03:31.862683,CSI_DATA,32775,1a:00:00:00:00:00,-60,11,1,0,1,1,1,0,0,0,0,-97,0,11,2,37076640,0,47,0,128,1,"[47,-16,2,0,0,0,0,0,0,0,-3,-3,-10,-9,-10,-8,-9,-8,-9,-7,-8,-7,-8,-6,-7,-6,-7,-6,-7,-5,-7,-4,-6,-4,-6,-3,-6,-3,-6,-2,-6,-2,-6,-1,-5,-1,-5,0,-5,0,-5,1,-5,1,-5,1,-5,2,-5,2,-5,3,-5,3,-3,1,-5,4,-5,4,-5,5,-5,5,-5,5,-5,5,-5,6,-6,6,-6,6,-6,6,-6,6,-6,6,-7,6,-7,6,-7,6,-8,6,-8,6,-8,6,-9,6,-9,5,-9,5,-10,4,-10,4,-10,4,-10,3,-10,2,-3,0,0,0,0,0,0,0,0,0]"
2026-06-22 03:03:31.883608,CSI_DATA,32776,1a:00:00:00:00:00,-60,11,1,0,1,1,1,0,0,0,0,-97,0,11,2,37128341,0,47,0,128,1,"[47,-16,2,0,0,0,0,0,0,0,-4,-1,-13,-2,-13,-2,-12,-1,-11,-1,-11,-1,-10,-1,-10,-1,-9,-1,-8,0,-8,0,-8,0,-8,0,-7,1,-7,1,-6,1,-6,1,-5,2,-5,2,-5,3,-5,3,-5,3,-4,3,-4,4,-4,4,-3,5,-3,5,-2,2,-3,5,-3,5,-3,6,-3,6,-3,6,-3,7,-3,7,-3,7,-3,7,-3,7,-4,7,-4,7,-4,8,-5,8,-5,8,-5,8,-6,8,-6,8,-6,7,-7,7,-7,7,-7,6,-8,6,-8,6,-8,5,-9,5,-3,1,0,0,0,0,0,0,0,0]"
2026-06-22 03:03:31.947635,CSI_DATA,32777,1a:00:00:00:00:00,-60,11,1,0,1,1,1,0,0,0,0,-97,0,11,2,37178640,0,47,0,128,1,"[47,-16,2,0,0,0,0,0,0,0,3,-1,12,-2,12,-2,11,-2,11,-2,10,-2,9,-2,8,-2,8,-2,7,-2,6,-3,6,-3,6,-3,5,-3,5,-3,4,-3,4,-4,3,-4,3,-4,3,-4,2,-4,2,-4,2,-5,1,-5,1,-5,1,-6,0,-6,0,-3,0,-7,0,-7,0,-7,-1,-7,-1,-7,-1,-8,-1,-8,-1,-8,-1,-8,-1,-9,-1,-9,-1,-9,0,-10,0,-10,0,-10,0,-10,0,-10,1,-10,1,-10,2,-10,2,-10,3,-10,3,-10,3,-10,4,-9,4,-9,1,-3,0,0,0,0,0,0,0,0]"
2026-06-22 03:03:31.970250,CSI_DATA,32778,1a:00:00:00:00:00,-60,11,1,0,1,1,1,0,0,0,0,-97,0,11,2,37230716,0,47,0,128,1,"[47,-16,2,0,0,0,0,0,0,0,-1,-4,-1,-13,-2,-12,-2,-12,-2,-11,-2,-11,-1,-10,-1,-9,-2,-9,-2,-8,-2,-8,-2,-7,-3,-7,-3,-6,-3,-6,-3,-5,-4,-5,-4,-5,-4,-4,-4,-4,-4,-3,-5,-3,-5,-3,-5,-3,-5,-2,-6,-2,-6,-2,-3,-1,-7,-2,-7,-2,-7,-1,-7,-1,-8,-1,-8,-1,-8,-1,-9,-1,-9,-1,-9,-1,-9,-1,-9,-1,-10,-2,-10,-2,-10,-3,-10,-3,-10,-3,-10,-4,-10,-4,-10,-5,-9,-5,-9,-5,-9,-5,-9,-6,-9,-7,-8,-7,-2,-2,0,0,0,0,0,0,0,0]"
2026-06-22 03:03:32.015472,CSI_DATA,32779,1a:00:00:00:00:00,-59,11,1,0,1,1,1,0,0,0,0,-97,0,11,2,37280624,0,47,0,128,1,"[47,-16,2,0,0,0,0,0,0,0,-3,1,-12,4,-12,4,-11,4,-11,4,-10,3,-9,3,-9,3,-8,3,-8,3,-7,3,-6,4,-6,4,-5,4,-5,4,-5,4,-4,4,-3,4,-3,4,-2,4,-2,4,-2,4,-1,4,-1,4,0,5,0,5,1,5,0,2,1,6,1,5,2,6,2,6,2,6,2,7,2,7,2,7,2,7,3,8,3,8,3,8,3,8,3,8,3,9,3,9,2,9,2,10,1,10,1,10,0,10,0,10,0,10,-1,10,-2,10,-2,10,-1,2,0,0,0,0,0,0,0,0]"
2026-06-22 03:03:32.068423,CSI_DATA,32780,1a:00:00:00:00:00,-60,11,1,0,1,1,1,0,0,0,0,-97,0,11,2,37333135,0,47,0,128,1,"[47,-16,2,0,0,0,0,0,0,0,2,1,8,4,8,4,8,3,8,3,7,3,6,3,6,3,6,2,5,2,5,1,5,1,5,1,5,0,4,0,4,-1,4,-1,4,-1,4,-2,3,-2,3,-2,3,-3,3,-3,3,-3,3,-4,3,-4,3,-4,1,-2,3,-5,2,-5,2,-6,3,-6,3,-6,3,-6,3,-7,3,-7,3,-7,3,-7,3,-7,4,-7,4,-7,4,-7,4,-7,4,-7,5,-7,5,-7,5,-7,6,-6,6,-6,6,-6,7,-6,7,-6,7,-5,7,-5,1,-1,0,0,0,0,0,0,0,0]"
2026-06-22 03:03:32.116294,CSI_DATA,32781,1a:00:00:00:00:00,-60,11,1,0,1,1,1,0,0,0,0,-97,0,11,2,37382659,0,47,0,128,1,"[47,-16,2,0,0,0,0,0,0,0,1,-3,3,-10,3,-10,3,-9,3,-9,2,-9,2,-8,2,-8,1,-7,1,-7,1,-7,0,-7,0,-6,0,-6,-1,-5,-1,-5,-1,-5,-2,-5,-2,-5,-2,-4,-3,-4,-3,-4,-3,-4,-4,-4,-4,-4,-4,-4,-5,-4,-3,-2,-5,-4,-5,-4,-6,-3,-6,-3,-6,-3,-6,-4,-7,-4,-7,-4,-7,-4,-7,-4,-8,-4,-7,-4,-7,-5,-7,-5,-8,-5,-8,-5,-8,-6,-8,-6,-8,-7,-7,-7,-7,-7,-6,-7,-6,-8,-6,-8,-5,-8,-5,-9,-2,-3,0,0,0,0,0,0,0,0]"
2026-06-22 03:03:32.218808,CSI_DATA,32783,1a:00:00:00:00:00,-59,11,1,0,1,1,1,0,0,0,0,-97,0,11,2,37484628,0,47,0,128,1,"[47,-16,2,0,0,0,0,0,0,0,-3,-2,-12,-6,-12,-5,-12,-5,-11,-5,-11,-4,-10,-4,-10,-4,-9,-3,-9,-3,-8,-2,-8,-2,-8,-2,-8,-1,-7,-1,-7,0,-7,0,-6,0,-6,1,-6,1,-6,2,-6,2,-6,2,-5,3,-5,3,-5,4,-5,4,-3,2,-5,5,-5,5,-5,6,-5,6,-5,6,-6,6,-6,6,-6,6,-6,7,-6,7,-6,7,-7,7,-7,7,-8,8,-8,7,-8,7,-9,7,-9,7,-9,6,-9,6,-10,6,-10,5,-11,5,-11,5,-11,4,-11,3,-3,0,0,0,0,0,0,0,0,0]"
2026-06-22 03:03:32.320434,CSI_DATA,32785,1a:00:00:00:00:00,-59,11,1,0,1,1,1,0,0,0,0,-97,0,11,2,37586642,0,47,0,128,1,"[47,-16,2,0,0,0,0,0,0,0,-3,0,-11,0,-11,0,-10,1,-10,1,-9,1,-9,1,-8,1,-8,1,-7,1,-7,1,-7,1,-6,2,-6,2,-6,2,-5,2,-5,3,-4,3,-4,3,-3,3,-3,4,-3,4,-3,4,-3,4,-2,5,-2,5,-2,5,-1,2,-1,5,-1,6,-1,6,-1,6,-1,7,-1,7,-1,7,-1,7,-1,7,-1,8,-1,8,-1,8,-1,8,-2,8,-2,8,-2,9,-2,9,-3,9,-3,9,-4,9,-4,9,-5,8,-5,8,-5,8,-6,8,-6,7,-2,1,0,0,0,0,0,0,0,0]"
2026-06-22 03:03:32.422987,CSI_DATA,32787,1a:00:00:00:00:00,-58,11,1,0,1,1,1,0,0,0,0,-97,0,11,2,37688639,0,47,0,128,1,"[47,-16,2,0,0,0,0,0,0,0,3,1,12,4,12,4,11,3,11,3,10,3,10,2,9,2,8,2,8,1,8,1,7,0,7,0,7,0,7,-1,6,-1,6,-2,5,-2,5,-3,5,-3,5,-3,5,-3,5,-4,5,-4,5,-5,5,-5,5,-5,2,-3,4,-6,4,-6,4,-7,4,-7,5,-7,5,-8,5,-8,5,-8,5,-8,5,-9,6,-9,6,-9,6,-9,7,-9,7,-9,8,-9,8,-9,8,-8,8,-8,9,-8,9,-7,10,-6,10,-6,10,-6,11,-5,11,-4,2,-1,0,0,0,0,0,0,0,0]"
2026-06-22 03:03:32.524484,CSI_DATA,32789,1a:00:00:00:00:00,-58,11,1,0,1,1,1,0,0,0,0,-97,0,11,2,37790632,0,47,0,128,1,"[47,-16,2,0,0,0,0,0,0,0,-1,3,-3,12,-2,12,-2,11,-2,11,-2,11,-2,10,-1,9,-1,9,0,8,0,8,0,8,1,7,1,7,2,6,2,6,2,5,3,5,3,5,3,4,3,4,4,4,4,4,4,4,5,3,6,3,6,3,3,1,7,3,7,3,7,3,7,3,8,3,8,3,8,3,8,3,9,3,9,4,10,4,10,3,10,4,10,4,10,5,10,5,10,5,9,6,9,7,9,7,8,8,8,8,8,8,8,8,7,9,7,9,1,2,0,0,0,0,0,0,0,0]"
2026-06-22 03:03:32.618982,CSI_DATA,32790,1a:00:00:00:00:00,-58,11,1,0,1,1,1,0,0,0,0,-97,0,11,2,37843323,0,47,0,128,1,"[47,-16,2,0,0,0,0,0,0,0,-3,-3,-9,-11,-9,-10,-9,-9,-9,-9,-8,-9,-8,-8,-8,-8,-7,-7,-7,-6,-7,-6,-7,-5,-8,-5,-7,-4,-7,-4,-7,-3,-7,-3,-7,-2,-7,-2,-7,-1,-7,-1,-7,-1,-7,-1,-7,0,-8,1,-8,1,-8,1,-4,0,-8,2,-8,2,-8,2,-8,3,-9,3,-9,3,-9,3,-9,3,-9,3,-10,3,-10,3,-10,3,-10,3,-11,3,-11,3,-11,3,-12,3,-12,2,-12,1,-12,1,-13,0,-13,0,-13,0,-13,0,-13,-2,-13,-3,-3,-1,0,0,0,0,0,0,0,0]"
2026-06-22 03:03:32.640065,CSI_DATA,32791,1a:00:00:00:00:00,-58,11,1,0,1,1,1,0,0,0,0,-97,0,11,2,37892625,0,47,0,128,1,"[47,-16,2,0,0,0,0,0,0,0,2,-2,10,-5,9,-5,9,-5,9,-5,8,-5,7,-5,7,-5,6,-4,6,-5,6,-5,5,-5,5,-5,4,-5,4,-5,3,-5,3,-6,2,-6,2,-5,1,-6,1,-6,1,-6,1,-6,1,-6,0,-6,0,-7,0,-7,-1,-4,-1,-7,-1,-7,-2,-7,-2,-8,-2,-8,-2,-8,-2,-8,-2,-9,-2,-9,-2,-9,-2,-10,-2,-10,-2,-10,-2,-10,-1,-10,-1,-10,-1,-11,-1,-11,0,-11,0,-11,1,-11,1,-11,2,-11,2,-11,3,-11,3,-11,0,-3,0,0,0,0,0,0,0,0]"
2026-06-22 03:03:32.719227,CSI_DATA,32792,1a:00:00:00:00:00,-58,11,1,0,1,1,1,0,0,0,0,-97,0,11,2,37947533,0,47,0,128,1,"[47,-16,2,0,0,0,0,0,0,0,-3,1,-9,7,-8,7,-8,6,-8,6,-8,6,-7,6,-7,5,-6,5,-6,5,-5,5,-5,5,-5,5,-4,5,-4,5,-3,5,-3,5,-2,5,-2,5,-2,5,-1,5,-1,5,-1,5,-1,5,0,6,0,6,0,6,0,3,1,6,1,6,1,6,2,6,2,7,2,7,2,7,2,7,2,8,2,8,2,8,2,8,2,8,1,8,1,9,1,9,1,9,1,10,0,10,0,9,-1,10,-1,10,-2,9,-2,10,-3,10,-3,10,-1,2,0,0,0,0,0,0,0,0]"
2026-06-22 03:03:32.732234,CSI_DATA,32793,1a:00:00:00:00:00,-58,11,1,0,1,1,1,0,0,0,0,-97,0,11,2,37994618,0,47,0,128,1,"[47,-16,2,0,0,0,0,0,0,0,-4,0,-14,3,-14,3,-13,3,-13,3,-12,3,-12,3,-11,3,-10,3,-10,3,-9,3,-9,3,-9,3,-8,4,-8,4,-7,4,-7,4,-6,4,-6,4,-6,5,-5,5,-5,5,-5,5,-5,6,-4,6,-4,6,-4,6,-2,3,-4,7,-3,7,-3,7,-3,8,-3,8,-3,8,-3,8,-3,9,-3,9,-4,9,-4,9,-4,9,-4,9,-5,10,-5,10,-5,10,-6,10,-6,10,-6,10,-7,9,-8,9,-8,9,-9,8,-9,8,-10,8,-10,7,-3,1,0,0,0,0,0,0,0,0]"
2026-06-22 03:03:32.826584,CSI_DATA,32794,1a:00:00:00:00:00,-58,11,1,0,1,1,1,0,0,0,0,-97,0,11,2,38052700,0,47,0,128,1,"[47,-16,2,0,0,0,0,0,0,0,0,-4,0,-13,0,-12,-1,-12,-1,-11,-1,-11,-1,-10,-1,-10,-1,-9,-1,-9,-1,-9,-2,-8,-2,-8,-2,-8,-2,-7,-3,-7,-3,-7,-3,-6,-3,-6,-3,-6,-3,-6,-4,-5,-4,-5,-4,-5,-5,-5,-5,-5,-5,-5,-3,-3,-6,-5,-6,-5,-6,-4,-7,-4,-7,-5,-7,-5,-7,-5,-7,-5,-7,-5,-7,-5,-8,-5,-8,-6,-8,-6,-8,-6,-8,-7,-8,-7,-8,-7,-8,-7,-7,-8,-7,-8,-7,-9,-6,-9,-6,-9,-6,-9,-5,-10,-5,-10,-2,-3,0,0,0,0,0,0,0,0]"
2026-06-22 03:03:32.839124,CSI_DATA,32795,1a:00:00:00:00:00,-58,11,1,0,1,1,1,0,0,0,0,-97,0,11,2,38096628,0,47,0,128,1,"[47,-16,2,0,0,0,0,0,0,0,-4,0,-13,0,-12,1,-12,1,-12,1,-11,1,-11,1,-10,1,-9,1,-9,1,-9,1,-8,1,-8,2,-8,2,-7,2,-7,2,-7,2,-6,3,-6,3,-6,3,-5,3,-5,3,-5,4,-5,4,-4,5,-4,5,-4,5,-2,2,-4,5,-4,6,-4,6,-4,6,-4,6,-4,7,-4,7,-4,7,-4,7,-4,7,-4,8,-4,8,-5,8,-5,8,-5,8,-5,8,-5,8,-6,8,-6,8,-7,7,-7,7,-8,7,-8,7,-8,7,-9,6,-9,6,-3,1,0,0,0,0,0,0,0,0]"
2026-06-22 03:03:32.887626,CSI_DATA,32796,1a:00:00:00:00:00,-58,11,1,0,1,1,1,0,0,0,0,-97,0,11,2,38152329,0,47,0,128,1,"[47,-16,2,0,0,0,0,0,0,0,-3,0,-12,1,-12,2,-11,2,-11,2,-11,2,-10,2,-10,2,-9,2,-9,2,-8,2,-8,2,-8,2,-7,3,-7,3,-7,3,-6,3,-6,3,-5,3,-5,4,-5,4,-5,4,-5,4,-4,4,-4,5,-4,5,-4,5,-2,2,-3,6,-3,6,-3,6,-3,6,-3,7,-3,7,-3,7,-4,7,-4,7,-3,7,-4,7,-4,8,-4,8,-5,8,-5,8,-5,8,-5,8,-6,8,-6,8,-6,7,-7,7,-7,7,-8,7,-8,7,-8,6,-9,6,-3,1,0,0,0,0,0,0,0,0]"
2026-06-22 03:03:32.934006,CSI_DATA,32797,1a:00:00:00:00:00,-58,11,1,0,1,1,1,0,0,0,0,-97,0,11,2,38198619,0,47,0,128,1,"[47,-16,2,0,0,0,0,0,0,0,-3,-3,-12,-9,-12,-9,-12,-8,-11,-8,-11,-8,-10,-7,-10,-7,-9,-6,-9,-5,-9,-5,-9,-5,-9,-4,-9,-4,-9,-3,-9,-3,-8,-3,-8,-2,-8,-1,-8,-1,-8,-1,-8,0,-8,0,-8,0,-8,1,-8,1,-8,2,-4,1,-8,2,-8,3,-8,3,-8,3,-9,3,-9,3,-9,4,-9,4,-9,4,-10,4,-10,4,-10,4,-11,4,-11,4,-11,4,-11,3,-12,3,-12,3,-12,2,-12,2,-12,1,-12,1,-13,0,-13,0,-13,-1,-13,-2,-4,-1,0,0,0,0,0,0,0,0]"
2026-06-22 03:03:32.990219,CSI_DATA,32798,1a:00:00:00:00:00,-58,11,1,0,1,1,1,0,0,0,0,-97,0,11,2,38254721,0,47,0,128,1,"[47,-16,2,0,0,0,0,0,0,0,-3,-1,-12,0,-12,0,-11,0,-11,0,-11,0,-10,0,-10,0,-9,0,-9,1,-8,1,-8,1,-8,1,-8,2,-7,2,-7,2,-6,2,-6,2,-6,3,-5,3,-6,3,-6,3,-5,4,-5,4,-5,4,-5,5,-4,5,-2,2,-4,5,-4,6,-4,6,-4,6,-4,6,-4,6,-4,7,-4,7,-4,7,-4,7,-5,7,-5,7,-5,7,-5,7,-6,7,-6,8,-6,8,-7,7,-7,7,-7,7,-8,7,-8,7,-8,6,-9,6,-9,5,-9,5,-3,1,0,0,0,0,0,0,0,0]"
2026-06-22 03:03:33.043899,CSI_DATA,32799,1a:00:00:00:00:00,-58,11,1,0,1,1,1,0,0,0,0,-97,0,11,2,38300613,0,47,0,128,1,"[47,-16,2,0,0,0,0,0,0,0,-1,-4,-2,-13,-2,-12,-2,-12,-2,-11,-2,-11,-2,-10,-2,-10,-2,-9,-2,-9,-3,-8,-3,-8,-3,-8,-3,-7,-4,-7,-4,-7,-4,-6,-4,-6,-4,-6,-5,-5,-5,-5,-5,-5,-5,-5,-5,-5,-6,-4,-6,-4,-6,-4,-4,-2,-7,-4,-7,-4,-7,-4,-7,-3,-8,-3,-8,-3,-8,-4,-8,-4,-9,-4,-9,-4,-9,-4,-9,-4,-9,-4,-9,-5,-9,-5,-10,-5,-10,-5,-9,-6,-9,-7,-9,-7,-9,-8,-8,-8,-8,-8,-8,-8,-7,-9,-7,-9,-2,-3,0,0,0,0,0,0,0,0]"
2026-06-22 03:03:33.088664,CSI_DATA,32800,1a:00:00:00:00:00,-58,11,1,0,1,1,1,0,0,0,0,-97,0,11,2,38357102,0,47,0,128,1,"[47,-16,2,0,0,0,0,0,0,0,2,2,8,8,8,7,8,7,8,7,7,7,7,6,6,6,6,5,6,5,6,4,6,4,6,4,6,3,6,3,6,3,6,2,6,2,6,1,6,1,6,1,6,1,6,0,6,0,6,-1,6,-1,6,-1,3,-1,7,-1,7,-2,7,-2,7,-2,7,-2,7,-2,8,-2,8,-2,8,-2,8,-2,8,-2,8,-2,9,-2,9,-2,9,-2,9,-2,10,-1,10,-1,10,0,10,0,10,1,10,1,10,1,10,2,10,3,9,3,2,0,0,0,0,0,0,0,0,0]"
2026-06-22 03:03:33.148878,CSI_DATA,32801,1a:00:00:00:00:00,-58,11,1,0,1,1,1,0,0,0,0,-97,0,11,2,38402665,0,47,0,128,1,"[47,-16,2,0,0,0,0,0,0,0,0,-3,3,-12,3,-12,3,-11,3,-11,2,-11,2,-10,2,-10,2,-9,1,-9,1,-9,1,-9,1,-8,0,-8,0,-8,-1,-8,-1,-8,-1,-7,-2,-7,-2,-7,-2,-7,-2,-7,-2,-6,-3,-6,-3,-6,-4,-7,-4,-7,-2,-4,-5,-7,-5,-7,-5,-7,-5,-7,-5,-7,-5,-7,-5,-7,-6,-7,-6,-7,-6,-8,-6,-8,-6,-8,-6,-8,-6,-9,-6,-9,-6,-9,-6,-9,-5,-10,-5,-10,-4,-10,-4,-10,-3,-11,-3,-11,-3,-11,-2,-11,-2,-11,-1,-3,0,0,0,0,0,0,0,0]"
2026-06-22 03:03:33.266788,CSI_DATA,32803,1a:00:00:00:00:00,-57,11,1,0,1,1,1,0,0,0,0,-97,0,11,2,38504612,0,47,0,128,1,"[47,-16,2,0,0,0,0,0,0,0,0,3,1,14,1,13,2,13,2,12,2,12,1,11,1,11,2,10,2,10,2,9,3,9,3,8,3,8,3,7,4,7,4,6,4,6,4,6,5,5,5,5,5,5,5,5,5,4,6,4,6,4,6,4,3,2,7,3,7,3,8,3,8,3,8,3,8,3,9,3,9,3,9,4,9,4,10,4,10,4,10,4,10,4,10,5,10,5,10,5,10,6,10,6,9,7,9,8,9,8,9,8,8,8,8,9,7,9,1,2,0,0,0,0,0,0,0,0]"
2026-06-22 03:03:33.295848,CSI_DATA,32804,1a:00:00:00:00:00,-58,11,1,0,1,1,1,0,0,0,0,-97,0,11,2,38557791,0,47,0,128,1,"[47,-16,2,0,0,0,0,0,0,0,2,-3,7,-12,7,-12,6,-12,6,-12,6,-11,5,-11,5,-10,5,-10,4,-10,4,-10,3,-10,3,-9,2,-9,2,-9,1,-9,1,-9,0,-8,-1,-8,-1,-8,-1,-8,-1,-8,-2,-8,-2,-8,-3,-8,-3,-8,-3,-8,-2,-4,-4,-8,-4,-8,-4,-8,-5,-8,-5,-8,-5,-9,-5,-9,-5,-9,-5,-9,-5,-10,-6,-10,-6,-10,-5,-10,-5,-10,-5,-11,-5,-11,-5,-11,-5,-12,-4,-12,-4,-12,-3,-12,-3,-12,-2,-13,-2,-13,-1,-13,0,-13,0,-4,0,0,0,0,0,0,0,0]"
2026-06-22 03:03:33.376964,CSI_DATA,32805,1a:00:00:00:00:00,-58,11,1,0,1,1,1,0,0,0,0,-97,0,11,2,38606631,0,47,0,128,1,"[47,-16,2,0,0,0,0,0,0,0,-3,1,-11,5,-11,5,-10,5,-10,5,-10,4,-9,4,-9,4,-8,4,-8,4,-7,4,-7,4,-7,4,-6,4,-6,4,-5,4,-5,4,-4,4,-4,4,-4,5,-4,5,-3,5,-3,5,-3,5,-2,5,-2,6,-2,6,-1,3,-2,6,-2,6,-1,6,-1,7,-1,7,-2,7,-2,7,-1,7,-2,8,-1,8,-1,8,-2,8,-2,8,-2,8,-2,9,-2,9,-3,9,-3,9,-4,9,-4,9,-5,8,-5,8,-5,8,-6,8,-6,8,-7,8,-2,2,0,0,0,0,0,0,0,0]"
2026-06-22 03:03:33.394260,CSI_DATA,32806,1a:00:00:00:00:00,-58,11,1,0,1,1,1,0,0,0,0,-97,0,11,2,38657636,0,47,0,128,1,"[47,-16,2,0,0,0,0,0,0,0,1,-3,4,-10,4,-10,3,-10,3,-10,3,-9,3,-9,3,-9,3,-8,2,-8,2,-8,2,-8,1,-8,1,-7,1,-7,0,-7,0,-7,0,-6,-1,-6,-1,-6,-1,-6,-1,-6,-1,-6,-2,-6,-2,-6,-2,-6,-3,-6,-2,-3,-3,-6,-3,-6,-3,-6,-4,-6,-3,-6,-4,-6,-4,-7,-4,-7,-4,-7,-4,-7,-4,-7,-4,-7,-4,-8,-4,-8,-4,-8,-4,-8,-4,-8,-4,-9,-3,-9,-2,-9,-2,-9,-2,-9,-1,-9,-1,-9,0,-9,0,-9,0,-3,0,0,0,0,0,0,0,0]"
2026-06-22 03:03:33.441975,CSI_DATA,32807,1a:00:00:00:00:00,-58,11,1,0,1,1,1,0,0,0,0,-97,0,11,2,38708625,0,47,0,128,1,"[47,-16,2,0,0,0,0,0,0,0,-4,-1,-13,-1,-13,-1,-12,-1,-12,-1,-12,-1,-11,-1,-10,-1,-10,-1,-10,0,-9,0,-9,0,-9,0,-8,1,-8,1,-8,1,-7,1,-7,1,-7,2,-7,2,-6,2,-6,3,-6,3,-6,3,-5,3,-5,4,-5,4,-3,2,-5,5,-5,5,-5,5,-5,5,-5,5,-5,6,-5,6,-5,6,-6,6,-6,6,-5,6,-6,6,-6,7,-6,6,-6,6,-7,6,-7,6,-8,6,-8,6,-8,6,-9,6,-9,5,-9,5,-9,5,-10,4,-10,3,-3,0,0,0,0,0,0,0,0,0]"
2026-06-22 03:03:33.500907,CSI_DATA,32808,1a:00:00:00:00:00,-58,11,1,0,1,1,1,0,0,0,0,-97,0,11,2,38759642,0,47,0,128,1,"[47,-16,2,0,0,0,0,0,0,0,2,1,10,5,9,5,9,4,9,4,9,4,8,4,8,4,7,4,7,3,7,2,7,2,7,2,7,1,6,1,6,1,6,1,6,0,6,0,6,-1,6,-1,6,-1,6,-1,6,-1,6,-2,6,-2,6,-2,3,-1,6,-2,6,-3,6,-3,6,-3,6,-3,6,-3,6,-4,6,-4,7,-4,7,-4,7,-4,7,-4,7,-4,8,-4,8,-4,8,-4,8,-3,8,-3,8,-2,9,-2,9,-1,9,-1,9,-1,9,-1,9,0,9,0,2,0,0,0,0,0,0,0,0,0]"
2026-06-22 03:03:33.547458,CSI_DATA,32809,1a:00:00:00:00:00,-58,11,1,0,1,1,1,0,0,0,0,-97,0,11,2,38810631,0,47,0,128,1,"[47,-16,2,0,0,0,0,0,0,0,1,-4,4,-13,3,-12,3,-12,3,-12,3,-11,3,-11,3,-10,2,-10,2,-9,1,-9,1,-9,1,-9,1,-9,0,-8,0,-8,0,-8,-1,-8,-1,-7,-1,-7,-1,-7,-2,-7,-2,-7,-3,-7,-3,-7,-3,-7,-4,-7,-2,-4,-4,-7,-4,-7,-5,-7,-5,-7,-5,-7,-5,-7,-5,-8,-5,-8,-5,-8,-5,-8,-6,-8,-6,-9,-6,-9,-6,-9,-5,-9,-5,-10,-5,-10,-4,-10,-4,-10,-4,-11,-3,-11,-3,-11,-2,-11,-2,-11,-1,-11,-1,-11,-1,-3,0,0,0,0,0,0,0,0]"
2026-06-22 03:03:33.603009,CSI_DATA,32810,1a:00:00:00:00:00,-58,11,1,0,1,1,1,0,0,0,0,-97,0,11,2,38861626,0,47,0,128,1,"[47,-16,2,0,0,0,0,0,0,0,-4,1,-13,4,-12,4,-12,4,-11,4,-11,4,-10,3,-10,3,-10,3,-9,3,-8,3,-8,4,-8,4,-7,4,-7,4,-7,4,-6,4,-6,4,-5,4,-5,4,-5,4,-5,4,-5,5,-4,5,-4,5,-4,6,-4,6,-2,3,-3,6,-3,6,-3,7,-3,7,-3,7,-4,7,-4,7,-4,7,-4,8,-3,8,-3,8,-4,8,-4,8,-4,8,-4,8,-5,9,-5,9,-6,9,-6,8,-7,8,-7,8,-8,7,-8,7,-8,7,-8,7,-9,6,-3,1,0,0,0,0,0,0,0,0]"
2026-06-22 03:03:33.646477,CSI_DATA,32811,1a:00:00:00:00:00,-58,11,1,0,1,1,1,0,0,0,0,-97,0,11,2,38912734,0,47,0,128,1,"[47,-16,2,0,0,0,0,0,0,0,1,2,6,11,6,10,6,10,6,10,5,9,5,9,5,8,5,8,5,7,5,7,5,6,5,6,5,5,5,5,5,5,5,4,5,4,5,3,5,3,5,3,5,3,6,2,6,2,6,1,6,1,6,1,3,0,7,1,7,0,7,0,7,0,7,0,8,0,8,0,8,0,8,0,9,0,9,0,9,0,9,0,9,1,9,1,10,2,10,2,10,2,10,3,10,3,10,4,9,4,9,4,9,5,9,6,8,6,2,1,0,0,0,0,0,0,0,0]"
2026-06-22 03:03:33.699939,CSI_DATA,32812,1a:00:00:00:00:00,-57,11,1,0,1,1,1,0,0,0,0,-97,0,11,2,38963617,0,47,0,128,1,"[47,-16,2,0,0,0,0,0,0,0,-3,1,-10,6,-9,6,-9,6,-9,6,-8,6,-8,5,-8,5,-7,5,-7,5,-6,5,-6,5,-6,5,-5,5,-5,5,-5,5,-4,5,-3,5,-3,5,-3,5,-3,5,-3,5,-2,5,-2,5,-1,6,-1,6,-1,6,-1,3,0,6,0,6,0,6,0,7,0,7,0,7,0,7,0,7,0,8,0,8,0,8,0,8,0,8,0,8,0,9,-1,9,-1,9,-1,9,-2,9,-2,9,-3,9,-3,9,-3,9,-3,9,-4,9,-4,9,-2,2,0,0,0,0,0,0,0,0]"
2026-06-22 03:03:33.754037,CSI_DATA,32813,1a:00:00:00:00:00,-58,11,1,0,1,1,1,0,0,0,0,-97,0,11,2,39015752,0,47,0,128,1,"[47,-16,2,0,0,0,0,0,0,0,1,2,5,9,5,9,5,8,5,8,4,8,4,8,4,7,4,7,4,6,4,5,4,5,4,5,4,4,4,4,4,4,4,3,4,3,4,2,4,2,4,2,4,2,5,2,5,1,5,1,5,1,5,0,3,0,6,0,6,-1,6,-1,6,-1,6,-1,7,-1,7,-1,7,-1,7,-1,8,-1,8,-1,8,-1,8,-1,8,-1,8,0,9,0,9,0,9,0,9,1,9,2,9,2,9,2,9,2,9,3,9,3,8,4,2,1,0,0,0,0,0,0,0,0]"
2026-06-22 03:03:33.838342,CSI_DATA,32814,1a:00:00:00:00:00,-59,11,1,0,1,1,1,0,0,0,0,-97,0,11,2,39065627,0,47,0,128,1,"[47,-16,2,0,0,0,0,0,0,0,-3,1,-12,4,-11,4,-11,4,-10,4,-10,3,-9,3,-9,3,-9,3,-8,3,-7,3,-7,3,-7,4,-6,4,-6,4,-5,4,-5,4,-4,4,-4,4,-4,4,-3,4,-3,4,-3,4,-3,5,-2,5,-2,5,-2,5,-1,3,-1,6,-1,6,-1,6,-1,6,-1,6,-1,7,-1,7,-1,7,-1,8,0,8,0,8,-1,8,-1,8,-1,8,-1,9,-2,9,-2,9,-2,9,-3,9,-3,9,-4,9,-4,9,-4,9,-5,9,-5,8,-6,8,-2,2,0,0,0,0,0,0,0,0]"
2026-06-22 03:03:33.856415,CSI_DATA,32815,1a:00:00:00:00:00,-59,11,1,0,1,1,1,0,0,0,0,-97,0,11,2,39116872,0,47,0,128,1,"[47,-16,2,0,0,0,0,0,0,0,2,-1,11,-2,10,-2,10,-2,10,-2,9,-2,9,-2,8,-2,8,-2,7,-2,7,-2,6,-3,6,-3,5,-3,5,-3,5,-3,4,-4,4,-4,3,-4,3,-4,3,-4,3,-4,2,-5,2,-5,2,-6,2,-6,2,-6,0,-3,1,-6,1,-7,1,-7,0,-7,1,-7,1,-8,1,-8,1,-8,1,-8,1,-9,1,-9,1,-9,1,-9,1,-10,2,-10,2,-10,2,-10,2,-10,3,-10,4,-10,4,-10,4,-9,5,-10,5,-9,5,-9,6,-9,1,-3,0,0,0,0,0,0,0,0]"
2026-06-22 03:03:33.942059,CSI_DATA,32816,1a:00:00:00:00:00,-59,11,1,0,1,1,1,0,0,0,0,-97,0,11,2,39167641,0,47,0,128,1,"[47,-16,2,0,0,0,0,0,0,0,1,2,7,8,7,7,7,7,7,6,6,6,6,6,6,5,5,5,5,4,5,4,5,3,5,3,5,3,5,2,4,2,4,1,4,1,4,0,4,0,4,0,4,-1,4,-1,4,-1,4,-2,4,-3,4,-3,2,-2,5,-3,5,-4,5,-4,5,-4,5,-4,5,-5,6,-5,6,-5,6,-5,6,-5,6,-5,6,-5,7,-5,7,-5,7,-5,8,-5,8,-5,8,-5,8,-4,9,-4,9,-3,9,-3,9,-3,9,-3,9,-2,10,-1,2,-1,0,0,0,0,0,0,0,0]"
2026-06-22 03:03:33.963083,CSI_DATA,32817,1a:00:00:00:00:00,-59,11,1,0,1,1,1,0,0,0,0,-97,0,11,2,39219280,0,47,0,128,1,"[47,-16,2,0,0,0,0,0,0,0,0,-4,3,-14,2,-13,2,-13,2,-12,2,-12,2,-11,1,-10,1,-10,1,-9,0,-9,0,-9,0,-8,-1,-8,-1,-7,-1,-7,-2,-7,-2,-6,-3,-6,-3,-6,-3,-5,-4,-5,-4,-5,-4,-5,-5,-4,-5,-4,-6,-4,-3,-2,-6,-4,-7,-4,-7,-3,-7,-3,-7,-3,-8,-3,-8,-3,-9,-3,-9,-4,-9,-4,-9,-4,-9,-4,-10,-5,-10,-5,-10,-5,-10,-5,-10,-6,-10,-6,-10,-7,-10,-7,-9,-8,-9,-8,-9,-8,-9,-9,-8,-9,-8,-10,-2,-3,0,0,0,0,0,0,0,0]"
2026-06-22 03:03:34.043802,CSI_DATA,32818,1a:00:00:00:00:00,-60,11,1,0,1,1,1,0,0,0,0,-97,0,11,2,39269628,0,47,0,128,1,"[47,-16,2,0,0,0,0,0,0,0,-3,0,-11,3,-10,4,-10,4,-9,3,-9,3,-8,3,-8,3,-7,3,-7,3,-6,3,-6,3,-6,3,-5,3,-5,3,-4,3,-4,3,-3,3,-3,3,-3,4,-3,4,-2,4,-2,4,-2,4,-1,4,-1,5,0,5,0,2,0,5,0,5,0,6,1,6,0,6,0,6,1,7,1,7,1,7,1,7,1,7,1,7,0,8,0,8,0,8,0,8,0,8,-1,9,-1,8,-2,8,-2,8,-3,8,-3,9,-3,9,-4,8,-4,8,-1,2,0,0,0,0,0,0,0,0]"
2026-06-22 03:03:34.143390,CSI_DATA,32820,1a:00:00:00:00:00,-60,11,1,0,1,1,1,0,0,0,0,-97,0,11,2,39371608,0,47,0,128,1,"[47,-16,2,0,0,0,0,0,0,0,-3,-1,-11,-2,-11,-1,-10,-1,-10,-1,-9,-1,-9,-1,-8,-1,-8,-1,-7,-1,-7,0,-7,0,-6,0,-6,0,-5,1,-5,1,-5,1,-4,1,-4,2,-4,2,-4,2,-3,3,-3,3,-3,3,-3,3,-3,4,-2,4,-1,2,-2,4,-2,5,-2,5,-2,5,-2,5,-2,6,-2,6,-2,6,-2,6,-2,7,-2,7,-2,7,-2,7,-3,7,-3,7,-3,7,-3,8,-3,7,-4,7,-5,7,-5,7,-5,7,-5,7,-6,7,-6,6,-7,6,-2,1,0,0,0,0,0,0,0,0]"
2026-06-22 03:03:34.155469,CSI_DATA,32821,1a:00:00:00:00:00,-60,11,1,0,1,1,1,0,0,0,0,-97,0,11,2,39422650,0,47,0,128,1,"[47,-16,2,0,0,0,0,0,0,0,-3,2,-9,10,-8,9,-8,9,-7,9,-7,8,-7,8,-6,7,-6,7,-5,6,-5,6,-5,6,-4,6,-4,5,-3,5,-3,5,-2,5,-2,5,-1,5,-1,4,0,4,0,4,0,4,1,4,1,4,2,4,2,4,1,2,3,4,3,4,3,4,4,4,4,4,4,4,4,4,5,5,5,5,5,5,5,5,5,6,5,6,5,6,5,6,5,7,5,7,5,7,5,8,4,8,4,8,4,9,4,9,3,9,2,9,2,9,0,2,0,0,0,0,0,0,0,0]"
2026-06-22 03:03:34.207060,CSI_DATA,32822,1a:00:00:00:00:00,-61,11,1,0,1,1,1,0,0,0,0,-97,0,11,2,39473643,0,47,0,128,1,"[47,-16,2,0,0,0,0,0,0,0,-3,0,-11,0,-11,0,-10,1,-10,1,-9,1,-9,0,-8,0,-8,0,-7,1,-7,1,-6,1,-6,1,-6,1,-5,1,-5,1,-4,2,-4,2,-3,2,-3,2,-3,2,-3,2,-3,3,-2,3,-2,3,-2,3,-2,4,-1,2,-1,4,-1,4,-1,4,0,5,0,5,-1,5,-1,6,0,6,0,6,0,6,0,6,0,6,0,7,-1,7,-1,7,-1,7,-1,7,-2,7,-2,7,-2,7,-3,7,-3,7,-3,7,-4,7,-4,7,-5,7,-2,1,0,0,0,0,0,0,0,0]"
2026-06-22 03:03:34.261551,CSI_DATA,32823,1a:00:00:00:00:00,-60,11,1,0,1,1,1,0,0,0,0,-97,0,11,2,39524605,0,47,0,128,1,"[47,-16,2,0,0,0,0,0,0,0,2,-1,10,-4,9,-4,9,-4,9,-4,8,-4,8,-3,7,-3,6,-3,6,-3,6,-3,5,-3,5,-3,5,-3,4,-3,4,-3,3,-4,3,-4,2,-4,2,-4,2,-4,1,-4,1,-4,1,-4,0,-5,0,-5,0,-5,0,-3,-1,-5,-1,-5,-1,-5,-1,-6,-1,-6,-1,-6,-2,-6,-2,-6,-2,-7,-2,-7,-2,-7,-2,-7,-2,-8,-2,-8,-1,-8,-1,-8,-1,-9,-1,-9,0,-9,0,-9,1,-9,1,-9,1,-9,2,-9,2,-9,3,-9,0,-3,0,0,0,0,0,0,0,0]"
2026-06-22 03:03:34.314948,CSI_DATA,32824,1a:00:00:00:00:00,-60,11,1,0,1,1,1,0,0,0,0,-97,0,11,2,39575629,0,47,0,128,1,"[47,-16,2,0,0,0,0,0,0,0,-1,-4,-3,-14,-3,-13,-3,-13,-3,-12,-3,-12,-3,-11,-3,-10,-3,-10,-3,-9,-3,-8,-3,-8,-3,-8,-3,-7,-4,-6,-4,-6,-4,-6,-4,-5,-4,-5,-4,-4,-4,-4,-4,-3,-5,-3,-5,-3,-6,-2,-6,-2,-6,-2,-3,-1,-6,-1,-6,-1,-7,-1,-7,0,-7,0,-8,0,-8,0,-8,0,-8,0,-8,0,-9,0,-9,0,-9,0,-10,0,-10,-1,-10,-1,-10,-1,-10,-1,-10,-2,-10,-3,-10,-3,-10,-3,-10,-3,-10,-4,-10,-5,-10,-6,-3,-2,0,0,0,0,0,0,0,0]"
2026-06-22 03:03:34.367308,CSI_DATA,32825,1a:00:00:00:00:00,-60,11,1,0,1,1,1,0,0,0,0,-97,0,11,2,39626645,0,47,0,128,1,"[47,-16,2,0,0,0,0,0,0,0,2,-2,10,-6,9,-6,9,-6,9,-6,8,-5,8,-5,7,-5,7,-5,6,-5,6,-5,5,-5,5,-5,4,-5,4,-5,3,-5,3,-5,2,-5,2,-5,2,-5,2,-5,1,-5,1,-5,1,-5,0,-5,0,-5,0,-5,-1,-3,-1,-6,-1,-6,-2,-6,-2,-6,-2,-6,-2,-7,-2,-7,-2,-7,-2,-7,-2,-7,-2,-8,-2,-8,-2,-8,-2,-8,-2,-8,-2,-9,-2,-9,-1,-9,-1,-9,0,-9,0,-9,1,-9,1,-10,1,-9,2,-9,2,-9,0,-3,0,0,0,0,0,0,0,0]"
2026-06-22 03:03:34.411636,CSI_DATA,32826,1a:00:00:00:00:00,-60,11,1,0,1,1,1,0,0,0,0,-97,0,11,2,39677609,0,47,0,128,1,"[47,-16,2,0,0,0,0,0,0,0,0,2,2,11,2,10,2,10,2,9,2,9,2,8,1,8,1,8,2,7,2,7,2,6,2,6,2,5,2,5,2,4,3,4,3,3,3,3,3,3,3,2,3,2,4,2,4,2,4,1,4,1,4,1,2,0,5,1,5,0,5,0,5,0,6,0,6,0,6,0,6,0,7,0,7,0,7,0,7,0,7,0,7,0,8,1,8,1,8,1,8,1,8,2,8,2,8,3,8,3,8,3,8,3,7,4,7,5,1,1,0,0,0,0,0,0,0,0]"
2026-06-22 03:03:34.487005,CSI_DATA,32827,1a:00:00:00:00:00,-59,11,1,0,1,1,1,0,0,0,0,-97,0,11,2,39728638,0,47,0,128,1,"[47,-16,2,0,0,0,0,0,0,0,-1,-3,-2,-12,-2,-12,-3,-11,-3,-11,-2,-10,-2,-10,-2,-9,-2,-9,-2,-8,-2,-8,-3,-8,-3,-7,-3,-7,-3,-6,-3,-6,-4,-6,-4,-5,-4,-5,-4,-4,-4,-4,-4,-4,-4,-4,-5,-3,-5,-3,-6,-3,-6,-3,-3,-2,-6,-2,-6,-2,-6,-2,-7,-2,-7,-2,-7,-2,-7,-2,-7,-2,-8,-2,-8,-2,-8,-2,-8,-2,-8,-2,-9,-2,-9,-3,-9,-3,-9,-3,-9,-3,-9,-4,-9,-5,-9,-5,-8,-5,-8,-5,-8,-6,-8,-6,-8,-7,-2,-2,0,0,0,0,0,0,0,0]"
2026-06-22 03:03:34.514417,CSI_DATA,32828,1a:00:00:00:00:00,-59,11,1,0,1,1,1,0,0,0,0,-97,0,11,2,39779615,0,47,0,128,1,"[47,-16,2,0,0,0,0,0,0,0,-3,-3,-9,-8,-9,-8,-9,-7,-8,-7,-8,-7,-7,-7,-7,-6,-7,-6,-7,-5,-7,-5,-7,-5,-7,-4,-6,-3,-6,-3,-6,-3,-6,-3,-6,-2,-6,-2,-6,-1,-6,-1,-6,-1,-6,-1,-6,0,-6,0,-6,1,-6,1,-3,0,-7,1,-6,2,-7,2,-7,2,-7,2,-7,2,-7,2,-7,2,-8,2,-8,3,-8,3,-8,3,-8,3,-9,2,-9,2,-9,2,-9,2,-10,2,-10,1,-10,0,-10,0,-10,0,-10,0,-10,-1,-10,-2,-10,-2,-3,-1,0,0,0,0,0,0,0,0]"
2026-06-22 03:03:34.589438,CSI_DATA,32829,1a:00:00:00:00:00,-59,11,1,0,1,1,1,0,0,0,0,-97,0,11,2,39830610,0,47,0,128,1,"[47,-16,2,0,0,0,0,0,0,0,1,-3,4,-11,3,-11,3,-11,3,-10,3,-10,2,-9,2,-9,2,-8,1,-8,1,-8,1,-8,1,-7,0,-7,0,-7,-1,-7,-1,-6,-1,-6,-2,-6,-2,-6,-2,-5,-3,-5,-3,-5,-3,-5,-4,-5,-4,-5,-4,-5,-3,-3,-5,-5,-5,-5,-5,-5,-6,-5,-6,-5,-6,-5,-6,-5,-6,-5,-7,-6,-7,-6,-7,-6,-7,-6,-7,-6,-7,-6,-7,-7,-7,-7,-7,-7,-7,-8,-6,-8,-6,-8,-6,-9,-5,-9,-5,-9,-5,-9,-4,-10,-4,-10,-1,-3,0,0,0,0,0,0,0,0]"
2026-06-22 03:03:34.613382,CSI_DATA,32830,1a:00:00:00:00:00,-59,11,1,0,1,1,1,0,0,0,0,-97,0,11,2,39881868,0,47,0,128,1,"[47,-16,2,0,0,0,0,0,0,0,-1,2,-1,11,0,11,0,10,0,10,0,9,0,9,-1,8,0,8,0,7,0,7,1,7,1,6,1,6,1,6,2,5,2,5,2,4,2,4,2,4,3,4,3,4,3,4,3,3,4,3,4,3,4,3,2,1,5,3,5,3,5,3,6,3,6,3,6,3,6,3,6,3,6,3,7,3,7,4,7,3,7,3,7,4,7,4,7,5,7,5,7,5,6,6,6,6,6,7,6,7,6,7,5,7,5,8,4,8,1,2,0,0,0,0,0,0,0,0]"
2026-06-22 03:03:34.709817,CSI_DATA,32831,1a:00:00:00:00:00,-59,11,1,0,1,1,1,0,0,0,0,-97,0,11,2,39932610,0,47,0,128,1,"[47,-16,2,0,0,0,0,0,0,0,1,2,6,9,6,8,6,8,6,8,5,7,5,7,5,7,4,6,4,6,5,5,5,5,5,4,5,4,5,3,4,3,4,3,4,2,5,2,5,1,5,1,5,1,5,0,5,0,5,0,6,-1,5,-1,3,-1,6,-1,6,-2,6,-2,6,-2,6,-2,7,-2,7,-2,7,-2,7,-2,7,-2,8,-2,8,-2,8,-2,8,-2,9,-1,9,-1,9,-1,9,0,9,0,9,1,9,1,9,1,9,1,9,2,9,2,8,3,2,0,0,0,0,0,0,0,0,0]"
2026-06-22 03:03:34.728213,CSI_DATA,32832,1a:00:00:00:00:00,-59,11,1,0,1,1,1,0,0,0,0,-97,0,11,2,39983641,0,47,0,128,1,"[47,-16,2,0,0,0,0,0,0,0,1,-3,5,-11,4,-11,4,-10,4,-10,4,-9,3,-9,3,-8,3,-8,2,-8,2,-8,2,-8,1,-7,1,-7,1,-7,0,-7,0,-7,-1,-6,-1,-6,-1,-6,-1,-6,-2,-6,-2,-6,-2,-6,-3,-6,-3,-6,-4,-6,-2,-3,-4,-6,-4,-6,-4,-6,-4,-6,-5,-6,-5,-7,-5,-7,-5,-7,-5,-7,-5,-8,-5,-8,-5,-8,-5,-8,-5,-8,-5,-8,-5,-9,-5,-9,-4,-9,-4,-10,-3,-10,-3,-10,-2,-10,-2,-10,-2,-10,-1,-10,-1,-10,-1,-3,0,0,0,0,0,0,0,0]"
2026-06-22 03:03:34.819404,CSI_DATA,32833,1a:00:00:00:00:00,-59,11,1,0,1,1,1,0,0,0,0,-97,0,11,2,40034612,0,47,0,128,1,"[47,-16,2,0,0,0,0,0,0,0,1,-3,4,-11,3,-11,3,-11,3,-10,3,-10,2,-9,2,-9,2,-8,1,-8,1,-8,1,-8,0,-7,0,-7,0,-7,-1,-7,-1,-7,-1,-6,-2,-6,-2,-6,-2,-6,-2,-6,-3,-6,-3,-5,-4,-5,-4,-5,-4,-6,-3,-3,-5,-6,-5,-6,-5,-6,-5,-5,-6,-5,-6,-6,-6,-6,-6,-6,-6,-7,-6,-7,-6,-7,-6,-7,-6,-7,-6,-7,-6,-8,-6,-8,-6,-8,-6,-8,-5,-9,-5,-9,-4,-9,-4,-9,-4,-9,-4,-10,-3,-10,-2,-10,-1,-3,0,0,0,0,0,0,0,0]"
2026-06-22 03:03:34.838813,CSI_DATA,32834,1a:00:00:00:00:00,-59,11,1,0,1,1,1,0,0,0,0,-97,0,11,2,40085617,0,47,0,128,1,"[47,-16,2,0,0,0,0,0,0,0,-3,1,-11,4,-11,4,-10,4,-10,4,-10,4,-9,4,-8,3,-8,3,-7,3,-7,4,-7,4,-6,4,-6,4,-5,4,-5,4,-5,4,-4,4,-4,4,-3,4,-3,4,-3,5,-3,5,-2,5,-2,5,-2,5,-2,5,-1,3,-1,6,-2,6,-1,6,-1,7,-1,7,-1,7,-1,7,-1,8,-1,8,-1,8,-1,8,-1,8,-2,8,-2,8,-2,8,-2,9,-3,9,-3,9,-3,8,-4,8,-4,8,-5,8,-5,8,-5,8,-6,7,-6,7,-2,1,0,0,0,0,0,0,0,0]"
2026-06-22 03:03:34.918770,CSI_DATA,32835,1a:00:00:00:00:00,-59,11,1,0,1,1,1,0,0,0,0,-97,0,11,2,40136639,0,47,0,128,1,"[47,-16,2,0,0,0,0,0,0,0,1,2,5,10,5,9,5,9,5,8,5,8,4,8,4,7,4,7,4,6,4,6,4,5,4,5,4,4,4,4,4,4,4,3,4,3,5,2,5,2,5,2,5,2,5,2,5,1,6,1,6,1,6,0,3,0,6,0,6,0,6,-1,6,-1,7,0,7,0,7,0,7,0,8,0,8,0,8,0,8,0,8,0,8,0,8,1,9,1,9,1,9,2,9,3,8,3,8,3,8,3,8,4,8,4,8,5,7,5,1,1,0,0,0,0,0,0,0,0]"
2026-06-22 03:03:34.931781,CSI_DATA,32836,1a:00:00:00:00:00,-58,11,1,0,1,1,1,0,0,0,0,-97,0,11,2,40187631,0,47,0,128,1,"[47,-16,2,0,0,0,0,0,0,0,1,2,5,8,5,8,5,7,5,7,5,7,4,6,4,6,4,5,4,5,4,4,4,4,4,4,4,3,4,3,4,3,4,2,4,2,4,1,4,1,4,1,4,1,4,1,4,0,5,0,5,0,5,0,2,0,5,-1,5,-1,6,-1,6,-1,6,-1,6,-1,6,-1,6,-1,7,-1,7,-1,7,-1,7,-1,7,-1,7,-1,7,0,8,0,8,0,8,0,8,1,8,1,8,1,8,2,8,2,8,2,7,3,7,4,1,1,0,0,0,0,0,0,0,0]"
2026-06-22 03:03:34.974474,CSI_DATA,32837,1a:00:00:00:00:00,-59,11,1,0,1,1,1,0,0,0,0,-97,0,11,2,40238618,0,47,0,128,1,"[47,-16,2,0,0,0,0,0,0,0,2,0,11,0,11,0,10,0,10,0,9,0,9,0,8,0,8,0,7,-1,7,-1,7,-2,7,-2,6,-2,6,-2,6,-2,5,-3,5,-3,4,-3,4,-3,4,-4,4,-4,4,-4,4,-5,3,-5,3,-5,3,-6,1,-3,3,-6,3,-7,3,-7,3,-7,3,-7,3,-7,3,-7,3,-7,3,-8,3,-8,4,-8,4,-8,4,-8,4,-8,4,-8,5,-8,5,-8,5,-8,6,-7,6,-7,7,-7,7,-7,7,-7,7,-6,8,-6,8,-5,2,-2,0,0,0,0,0,0,0,0]"
2026-06-22 03:03:35.027282,CSI_DATA,32838,1a:00:00:00:00:00,-59,11,1,0,1,1,1,0,0,0,0,-97,0,11,2,40289633,0,47,0,128,1,"[47,-16,2,0,0,0,0,0,0,0,0,2,0,11,0,11,0,10,0,10,0,9,0,9,0,8,0,8,0,7,1,7,1,7,1,6,2,6,2,5,2,5,2,5,2,4,3,4,3,4,3,4,3,4,3,3,4,3,4,3,5,3,5,3,2,1,5,3,5,2,6,2,6,3,6,3,6,3,7,3,7,3,7,3,7,3,7,3,7,3,7,3,7,4,7,4,7,4,7,4,7,5,7,6,7,6,6,6,6,6,6,7,5,7,5,7,4,7,1,1,0,0,0,0,0,0,0,0]"
2026-06-22 03:03:35.072491,CSI_DATA,32839,1a:00:00:00:00:00,-59,11,1,0,1,1,1,0,0,0,0,-97,0,11,2,40340619,0,47,0,128,1,"[47,-16,2,0,0,0,0,0,0,0,-1,2,-2,11,-1,11,-1,10,-1,10,-1,9,-1,9,-1,8,-1,8,0,8,0,7,0,7,0,7,1,6,1,6,1,5,2,5,2,5,2,4,2,4,2,4,3,4,3,4,3,4,4,3,4,3,4,3,2,1,5,3,5,3,5,3,5,3,6,3,6,3,6,3,6,3,6,3,7,3,7,4,7,4,7,4,7,4,7,4,7,5,7,5,7,5,7,6,6,6,6,7,6,6,6,6,5,7,5,7,4,8,1,2,0,0,0,0,0,0,0,0]"
2026-06-22 03:03:35.135804,CSI_DATA,32840,1a:00:00:00:00:00,-59,11,1,0,1,1,1,0,0,0,0,-97,0,11,2,40391678,0,47,0,128,1,"[47,-16,2,0,0,0,0,0,0,0,2,0,11,1,11,1,10,0,10,0,9,0,9,0,8,0,8,0,7,0,7,-1,7,-1,7,-1,6,-1,6,-2,6,-2,5,-2,5,-3,4,-3,4,-3,4,-3,4,-4,4,-4,4,-4,4,-5,4,-5,3,-5,1,-3,3,-6,3,-6,3,-6,3,-6,3,-6,4,-7,4,-7,4,-7,4,-7,4,-7,4,-7,4,-7,4,-7,5,-7,5,-7,5,-7,6,-7,6,-7,6,-7,6,-6,7,-6,7,-6,7,-6,8,-5,8,-5,8,-4,2,-1,0,0,0,0,0,0,0,0]"
2026-06-22 03:03:35.174220,CSI_DATA,32841,1a:00:00:00:00:00,-59,11,1,0,1,1,1,0,0,0,0,-97,0,11,2,40442621,0,47,0,128,1,"[47,-16,2,0,0,0,0,0,0,0,-1,2,-4,11,-3,10,-3,10,-3,10,-3,9,-3,8,-2,8,-2,8,-2,7,-2,7,-1,7,-1,6,0,6,0,6,0,6,1,5,1,5,1,5,1,5,1,4,1,4,2,4,2,4,3,4,3,4,3,4,2,2,4,4,4,4,4,4,4,4,4,4,5,5,5,5,5,5,5,5,5,5,5,5,5,5,5,5,5,6,5,6,5,6,5,7,5,7,4,7,4,8,4,8,4,8,3,8,3,8,2,9,2,9,0,2,0,0,0,0,0,0,0,0]"
2026-06-22 03:03:35.241956,CSI_DATA,32842,1a:00:00:00:00:00,-59,11,1,0,1,1,1,0,0,0,0,-97,0,11,2,40493629,0,47,0,128,1,"[47,-16,2,0,0,0,0,0,0,0,2,-2,8,-8,8,-8,7,-8,7,-8,7,-7,6,-7,6,-6,6,-6,5,-6,4,-6,4,-6,3,-6,3,-6,3,-6,2,-6,2,-6,1,-6,1,-6,1,-6,0,-6,0,-6,0,-6,-1,-6,-1,-6,-1,-6,-1,-6,-1,-3,-2,-7,-2,-7,-2,-7,-2,-7,-2,-7,-2,-7,-2,-8,-2,-8,-2,-8,-3,-8,-3,-8,-3,-9,-2,-9,-2,-9,-2,-9,-2,-9,-2,-9,-1,-10,-1,-10,0,-10,0,-10,1,-10,1,-10,1,-10,1,-9,2,-9,0,-3,0,0,0,0,0,0,0,0]"
2026-06-22 03:03:35.279001,CSI_DATA,32843,1a:00:00:00:00:00,-59,11,1,0,1,1,1,0,0,0,0,-97,0,11,2,40544636,0,47,0,128,1,"[47,-16,2,0,0,0,0,0,0,0,1,-3,7,-9,6,-9,6,-9,6,-9,5,-9,5,-8,5,-8,4,-7,4,-7,3,-7,3,-7,2,-7,2,-7,2,-7,1,-6,1,-6,0,-6,0,-6,0,-6,-1,-6,-1,-6,-1,-6,-2,-6,-2,-6,-2,-6,-3,-6,-2,-3,-3,-6,-3,-6,-4,-6,-4,-6,-4,-6,-4,-7,-4,-7,-4,-7,-4,-7,-5,-7,-5,-8,-5,-8,-4,-8,-4,-8,-4,-8,-4,-9,-4,-9,-4,-9,-3,-9,-3,-9,-2,-10,-2,-10,-2,-10,-2,-10,-1,-10,0,-10,0,-3,0,0,0,0,0,0,0,0]"
2026-06-22 03:03:35.350871,CSI_DATA,32844,1a:00:00:00:00:00,-59,11,1,0,1,1,1,0,0,0,0,-97,0,11,2,40595633,0,47,0,128,1,"[47,-16,2,0,0,0,0,0,0,0,-3,-2,-9,-8,-9,-7,-9,-7,-9,-7,-8,-6,-8,-6,-7,-6,-7,-5,-7,-5,-7,-4,-7,-4,-7,-4,-7,-3,-6,-3,-6,-2,-6,-2,-6,-2,-6,-1,-6,-1,-6,0,-6,0,-6,0,-6,0,-6,1,-6,1,-6,1,-3,0,-6,2,-6,2,-6,2,-7,3,-7,3,-7,3,-7,3,-7,3,-8,3,-8,3,-8,3,-8,3,-8,3,-8,3,-9,3,-9,3,-9,3,-9,2,-10,2,-10,1,-10,1,-10,1,-10,0,-10,0,-10,-1,-10,-2,-3,-1,0,0,0,0,0,0,0,0]"
2026-06-22 03:03:35.381720,CSI_DATA,32845,1a:00:00:00:00:00,-59,11,1,0,1,1,1,0,0,0,0,-97,0,11,2,40646625,0,47,0,128,1,"[47,-16,2,0,0,0,0,0,0,0,-2,-2,-8,-8,-8,-7,-8,-7,-8,-7,-7,-6,-7,-6,-7,-6,-6,-5,-6,-5,-6,-4,-6,-4,-6,-4,-6,-3,-6,-3,-6,-3,-5,-2,-5,-2,-5,-1,-5,-1,-5,-1,-5,-1,-5,0,-5,0,-5,0,-6,1,-6,1,-3,0,-6,1,-6,1,-6,2,-6,2,-6,2,-7,2,-7,2,-7,2,-7,2,-7,2,-7,2,-7,2,-8,2,-8,2,-8,2,-8,2,-8,2,-8,1,-8,1,-8,0,-9,0,-9,-1,-9,-1,-9,-1,-9,-1,-8,-2,-2,-1,0,0,0,0,0,0,0,0]"
2026-06-22 03:03:35.453858,CSI_DATA,32846,1a:00:00:00:00:00,-59,11,1,0,1,1,1,0,0,0,0,-97,0,11,2,40697636,0,47,0,128,1,"[47,-16,2,0,0,0,0,0,0,0,1,2,4,10,5,9,5,8,5,8,4,8,4,8,4,7,4,7,3,6,4,5,4,5,4,5,4,4,4,4,4,3,4,3,4,3,4,2,4,2,4,1,4,1,5,1,5,1,5,0,5,0,5,0,3,0,6,-1,6,-1,6,-1,6,-1,6,-1,7,-1,7,-1,7,-1,7,-1,7,-1,8,-1,8,-1,8,-1,8,-1,8,0,8,0,9,0,9,0,8,1,8,1,8,2,8,2,8,2,8,3,8,3,8,4,2,1,0,0,0,0,0,0,0,0]"
2026-06-22 03:03:35.483856,CSI_DATA,32847,1a:00:00:00:00:00,-59,11,1,0,1,1,1,0,0,0,0,-97,0,11,2,40748619,0,47,0,128,1,"[47,-16,2,0,0,0,0,0,0,0,1,-3,4,-11,4,-11,3,-11,3,-10,3,-10,3,-9,3,-9,2,-8,2,-8,2,-8,1,-7,1,-7,1,-7,0,-7,0,-7,0,-6,-1,-6,-1,-6,-2,-6,-2,-6,-2,-6,-2,-5,-3,-5,-3,-5,-4,-5,-4,-6,-2,-3,-4,-5,-4,-5,-5,-5,-5,-5,-5,-6,-5,-6,-5,-6,-5,-6,-5,-6,-6,-6,-6,-7,-6,-7,-6,-7,-6,-7,-6,-7,-6,-8,-5,-8,-5,-8,-5,-8,-5,-9,-4,-9,-4,-9,-3,-9,-3,-9,-3,-10,-2,-10,-1,-3,0,0,0,0,0,0,0,0]"
2026-06-22 03:03:35.567210,CSI_DATA,32848,1a:00:00:00:00:00,-59,11,1,0,1,1,1,0,0,0,0,-97,0,11,2,40799616,0,47,0,128,1,"[47,-16,2,0,0,0,0,0,0,0,-1,2,-1,11,-1,11,-1,10,-1,10,-1,9,-1,9,-1,8,-1,8,0,7,0,7,0,6,1,6,1,6,1,5,2,5,2,5,2,4,2,4,3,4,3,4,3,3,3,3,3,3,4,3,4,3,4,3,2,1,5,3,5,2,5,2,5,2,5,2,6,2,6,2,6,2,7,3,7,3,7,3,7,3,7,3,7,3,7,4,7,4,7,4,7,4,7,5,7,5,6,6,6,6,6,6,6,6,5,7,5,7,1,1,0,0,0,0,0,0,0,0]"
2026-06-22 03:03:35.583570,CSI_DATA,32849,1a:00:00:00:00:00,-59,11,1,0,1,1,1,0,0,0,0,-97,0,11,2,40850618,0,47,0,128,1,"[47,-16,2,0,0,0,0,0,0,0,-3,-2,-11,-5,-11,-5,-10,-5,-10,-4,-9,-4,-9,-4,-8,-4,-8,-4,-8,-3,-8,-3,-7,-2,-7,-2,-7,-2,-7,-1,-7,-1,-6,0,-6,0,-6,0,-5,1,-5,1,-5,1,-5,1,-5,2,-5,2,-5,3,-5,3,-3,1,-5,4,-5,4,-5,4,-5,4,-5,5,-5,5,-5,5,-6,5,-6,5,-6,5,-6,5,-6,6,-6,6,-6,6,-7,6,-7,6,-7,6,-7,5,-8,5,-8,5,-8,4,-8,4,-9,4,-9,4,-9,3,-9,2,-3,0,0,0,0,0,0,0,0,0]"
2026-06-22 03:03:35.677823,CSI_DATA,32850,1a:00:00:00:00:00,-59,11,1,0,1,1,1,0,0,0,0,-97,0,11,2,40901631,0,47,0,128,1,"[47,-16,2,0,0,0,0,0,0,0,2,-2,8,-8,8,-8,7,-8,7,-8,7,-7,6,-7,6,-6,5,-6,5,-6,4,-6,4,-6,4,-6,3,-6,3,-6,2,-6,2,-6,1,-6,1,-5,1,-5,0,-6,0,-6,0,-6,-1,-6,-1,-6,-1,-6,-1,-6,-1,-3,-2,-6,-2,-6,-2,-7,-2,-7,-3,-7,-3,-7,-3,-7,-3,-7,-3,-8,-3,-8,-3,-8,-3,-8,-3,-8,-3,-9,-3,-9,-2,-9,-2,-9,-2,-9,-1,-9,-1,-10,0,-10,0,-10,1,-10,1,-10,1,-9,2,-9,0,-3,0,0,0,0,0,0,0,0]"
2026-06-22 03:03:35.692796,CSI_DATA,32851,1a:00:00:00:00:00,-59,11,1,0,1,1,1,0,0,0,0,-97,0,11,2,40952627,0,47,0,128,1,"[47,-16,2,0,0,0,0,0,0,0,-3,0,-12,3,-11,3,-11,3,-10,3,-10,3,-9,3,-9,3,-8,3,-8,2,-7,2,-7,2,-6,3,-6,3,-6,3,-5,3,-5,3,-4,3,-4,3,-4,4,-3,4,-3,4,-3,4,-3,4,-2,4,-2,5,-2,5,-1,2,-2,5,-2,5,-1,6,-1,6,-1,6,-1,6,-1,6,-1,7,-1,7,-1,7,-1,7,-2,7,-2,7,-2,8,-2,8,-2,8,-3,8,-3,8,-3,8,-4,8,-5,8,-5,8,-5,7,-6,7,-6,7,-6,6,-2,1,0,0,0,0,0,0,0,0]"
2026-06-22 03:03:35.777453,CSI_DATA,32852,1a:00:00:00:00:00,-59,11,1,0,1,1,1,0,0,0,0,-97,0,11,2,41003618,0,47,0,128,1,"[47,-16,2,0,0,0,0,0,0,0,2,-1,11,-2,10,-2,10,-2,9,-2,9,-2,8,-2,8,-2,7,-2,7,-2,6,-3,6,-3,6,-3,5,-3,5,-3,5,-3,4,-4,3,-4,3,-4,3,-4,3,-4,2,-4,2,-5,2,-5,2,-5,1,-6,1,-6,0,-3,1,-6,1,-6,0,-7,0,-7,0,-7,0,-7,0,-7,0,-8,0,-8,0,-8,1,-8,1,-8,1,-9,1,-9,1,-9,1,-9,1,-9,2,-9,2,-9,2,-9,3,-9,3,-9,4,-9,4,-8,5,-8,5,-8,1,-2,0,0,0,0,0,0,0,0]"
2026-06-22 03:03:35.796743,CSI_DATA,32853,1a:00:00:00:00:00,-59,11,1,0,1,1,1,0,0,0,0,-97,0,11,2,41054606,0,47,0,128,1,"[47,-16,2,0,0,0,0,0,0,0,-4,-2,-13,-6,-13,-6,-13,-5,-12,-5,-12,-5,-11,-5,-10,-5,-10,-4,-9,-4,-9,-3,-9,-3,-8,-3,-8,-2,-8,-2,-7,-1,-7,-1,-7,0,-7,0,-7,1,-7,1,-6,1,-6,1,-6,2,-6,2,-6,3,-6,3,-3,1,-6,3,-6,4,-6,4,-6,5,-6,5,-6,5,-6,5,-7,5,-7,5,-7,6,-7,6,-7,6,-7,6,-8,6,-8,6,-8,6,-9,6,-9,5,-9,5,-10,4,-10,4,-10,4,-11,3,-11,3,-11,2,-11,2,-3,0,0,0,0,0,0,0,0,0]"
2026-06-22 03:03:35.838910,CSI_DATA,32854,1a:00:00:00:00:00,-60,11,1,0,1,1,1,0,0,0,0,-97,0,11,2,41105640,0,47,0,128,1,"[47,-16,2,0,0,0,0,0,0,0,-3,1,-11,4,-10,5,-10,5,-10,4,-9,4,-9,4,-8,4,-7,4,-7,3,-7,3,-6,4,-6,4,-5,4,-5,3,-5,4,-4,4,-4,4,-3,4,-3,4,-3,4,-2,4,-2,4,-2,4,-2,4,-1,5,-1,5,-1,2,-1,5,-1,5,0,6,0,6,0,6,0,6,0,6,0,7,0,7,0,7,0,7,0,7,-1,7,-1,8,-1,8,-1,8,-1,8,-2,8,-2,8,-2,8,-3,8,-3,8,-4,8,-4,8,-5,7,-5,7,-2,1,0,0,0,0,0,0,0,0]"
2026-06-22 03:03:35.898539,CSI_DATA,32855,1a:00:00:00:00:00,-59,11,1,0,1,1,1,0,0,0,0,-97,0,11,2,41156622,0,47,0,128,1,"[47,-16,2,0,0,0,0,0,0,0,2,0,11,0,11,0,10,-1,10,-1,9,0,9,0,8,0,7,0,7,-1,7,-1,7,-1,6,-2,6,-2,5,-2,5,-2,4,-3,4,-3,4,-3,4,-3,3,-4,3,-3,3,-4,3,-4,3,-5,3,-5,3,-5,1,-3,2,-6,2,-6,2,-6,2,-6,2,-6,2,-7,2,-7,2,-7,2,-7,2,-7,2,-8,3,-8,3,-8,3,-8,3,-8,3,-8,3,-8,4,-8,4,-7,5,-7,5,-7,6,-7,6,-7,6,-7,6,-6,7,-6,1,-2,0,0,0,0,0,0,0,0]"
2026-06-22 03:03:35.942881,CSI_DATA,32856,1a:00:00:00:00:00,-59,11,1,0,1,1,1,0,0,0,0,-97,0,11,2,41207622,0,47,0,128,1,"[47,-16,2,0,0,0,0,0,0,0,-3,0,-12,1,-11,1,-11,1,-11,1,-10,1,-10,1,-9,1,-8,1,-8,1,-8,1,-7,1,-7,2,-6,2,-6,2,-6,2,-5,2,-5,3,-4,3,-4,3,-4,3,-4,3,-4,3,-3,4,-3,4,-3,4,-3,4,-2,2,-3,5,-3,5,-2,5,-2,5,-2,6,-3,6,-3,6,-2,6,-2,7,-2,7,-3,7,-3,7,-3,7,-3,7,-4,7,-4,7,-4,8,-4,7,-5,7,-5,7,-5,7,-6,6,-6,6,-7,6,-7,6,-7,5,-2,1,0,0,0,0,0,0,0,0]"
2026-06-22 03:03:36.017268,CSI_DATA,32857,1a:00:00:00:00:00,-59,11,1,0,1,1,1,0,0,0,0,-97,0,11,2,41258613,0,47,0,128,1,"[47,-16,2,0,0,0,0,0,0,0,-3,1,-11,5,-10,5,-10,5,-9,5,-9,4,-8,4,-8,4,-7,4,-7,4,-6,4,-6,4,-6,4,-5,4,-5,4,-5,4,-4,4,-3,4,-3,4,-3,4,-3,4,-2,4,-2,4,-2,4,-1,4,-1,5,-1,5,-1,2,0,5,0,5,0,5,0,6,0,6,0,6,0,6,1,6,1,6,1,7,1,7,0,7,0,7,0,8,0,8,0,8,0,8,-1,8,-1,8,-1,8,-2,8,-2,8,-3,8,-3,8,-4,8,-4,8,-1,2,0,0,0,0,0,0,0,0]"
2026-06-22 03:03:36.050747,CSI_DATA,32858,1a:00:00:00:00:00,-60,11,1,0,1,1,1,0,0,0,0,-97,0,11,2,41309637,0,47,0,128,1,"[47,-16,2,0,0,0,0,0,0,0,-2,2,-7,9,-7,9,-6,8,-6,8,-6,8,-5,7,-5,7,-5,6,-4,6,-4,6,-4,6,-4,5,-3,5,-2,5,-2,5,-1,5,-1,4,-1,4,0,4,0,4,0,4,0,4,1,4,1,4,1,4,2,4,1,2,2,4,2,4,3,4,3,5,3,5,3,5,3,5,3,5,4,6,4,6,4,6,4,6,4,6,4,6,4,7,3,7,3,7,3,7,3,8,2,8,2,8,1,8,1,8,1,8,0,8,0,8,0,2,0,0,0,0,0,0,0,0]"
2026-06-22 03:03:36.122742,CSI_DATA,32859,1a:00:00:00:00:00,-60,11,1,0,1,1,1,0,0,0,0,-97,0,11,2,41360617,0,47,0,128,1,"[47,-16,2,0,0,0,0,0,0,0,-3,-1,-11,-4,-11,-4,-10,-3,-10,-3,-10,-3,-9,-3,-9,-3,-8,-3,-8,-2,-7,-2,-7,-2,-7,-1,-7,-1,-6,-1,-6,0,-6,0,-5,0,-5,1,-5,1,-5,1,-5,2,-5,2,-4,2,-4,3,-4,3,-4,3,-2,1,-4,4,-4,4,-4,4,-4,5,-4,5,-4,5,-4,5,-4,5,-4,5,-5,5,-5,6,-5,6,-5,6,-5,6,-6,6,-6,6,-6,6,-6,6,-7,5,-7,5,-8,5,-8,5,-8,5,-8,4,-9,3,-9,3,-3,0,0,0,0,0,0,0,0,0]"
2026-06-22 03:03:36.148467,CSI_DATA,32860,1a:00:00:00:00:00,-60,11,1,0,1,1,1,0,0,0,0,-97,0,11,2,41411656,0,47,0,128,1,"[47,-16,2,0,0,0,0,0,0,0,-1,2,-4,10,-3,10,-3,10,-3,9,-3,9,-3,8,-3,8,-3,7,-2,7,-2,6,-2,6,-1,6,-1,6,-1,5,0,5,0,5,0,4,1,4,1,4,1,4,1,4,1,4,2,3,2,3,3,3,3,3,1,1,4,3,4,3,4,3,4,3,4,3,5,3,5,3,5,3,5,4,5,4,6,4,6,4,6,4,5,4,6,5,6,5,6,5,6,6,5,6,5,6,5,7,4,7,4,7,4,7,3,8,3,8,0,2,0,0,0,0,0,0,0,0]"
2026-06-22 03:03:36.238236,CSI_DATA,32861,1a:00:00:00:00:00,-60,11,1,0,1,1,1,0,0,0,0,-97,0,11,2,41462615,0,47,0,128,1,"[47,-16,2,0,0,0,0,0,0,0,-3,-2,-11,-5,-11,-4,-10,-4,-10,-4,-10,-4,-9,-4,-8,-3,-8,-3,-8,-3,-7,-2,-7,-2,-7,-2,-7,-1,-6,-1,-6,-1,-6,0,-5,0,-5,0,-5,1,-5,1,-5,1,-5,2,-4,2,-4,2,-5,3,-5,3,-2,1,-4,3,-4,3,-4,4,-4,4,-4,4,-5,4,-5,5,-5,5,-5,5,-5,5,-5,5,-5,5,-5,5,-5,5,-6,5,-6,6,-6,6,-6,5,-7,5,-7,5,-7,4,-8,4,-8,4,-8,4,-8,3,-8,3,-2,0,0,0,0,0,0,0,0,0]"
2026-06-22 03:03:36.258858,CSI_DATA,32862,1a:00:00:00:00:00,-59,11,1,0,1,1,1,0,0,0,0,-97,0,11,2,41513607,0,47,0,128,1,"[47,-16,2,0,0,0,0,0,0,0,-2,-3,-8,-11,-8,-11,-8,-10,-8,-10,-7,-10,-7,-9,-6,-9,-6,-8,-6,-7,-6,-7,-6,-6,-6,-6,-6,-5,-6,-5,-6,-4,-6,-4,-6,-3,-6,-3,-6,-2,-6,-2,-6,-2,-6,-1,-6,-1,-6,0,-6,0,-7,0,-4,0,-7,1,-7,1,-7,1,-7,2,-7,2,-8,2,-8,2,-8,2,-8,2,-9,2,-9,2,-9,2,-9,2,-10,2,-10,1,-10,1,-11,1,-11,0,-11,0,-11,-1,-11,-1,-11,-1,-11,-2,-11,-2,-10,-3,-10,-4,-3,-1,0,0,0,0,0,0,0,0]"
2026-06-22 03:03:36.343502,CSI_DATA,32863,1a:00:00:00:00:00,-60,11,1,0,1,1,1,0,0,0,0,-97,0,11,2,41564607,0,47,0,128,1,"[47,-16,2,0,0,0,0,0,0,0,1,2,6,8,6,8,6,7,6,7,5,6,5,6,4,6,4,5,4,5,4,4,4,4,4,3,4,3,4,2,4,2,4,2,3,1,4,1,4,0,4,0,4,0,4,-1,4,-1,4,-1,4,-2,4,-2,2,-1,4,-3,4,-3,4,-3,5,-3,5,-3,5,-3,5,-4,5,-4,5,-4,5,-4,6,-4,6,-4,7,-4,7,-4,7,-4,7,-3,7,-3,7,-3,8,-2,8,-2,8,-2,8,-1,8,-1,8,-1,8,0,8,0,2,0,0,0,0,0,0,0,0,0]"
2026-06-22 03:03:36.364511,CSI_DATA,32864,1a:00:00:00:00:00,-60,11,1,0,1,1,1,0,0,0,0,-97,0,11,2,41615623,0,47,0,128,1,"[47,-16,2,0,0,0,0,0,0,0,2,1,9,5,8,5,8,4,8,4,7,4,7,4,6,3,6,3,6,3,5,2,5,2,5,1,5,1,5,1,4,0,4,0,4,-1,4,-1,4,-1,3,-2,3,-2,3,-2,3,-3,3,-3,3,-4,3,-4,1,-2,3,-4,3,-5,3,-5,3,-5,3,-5,3,-5,4,-6,4,-6,4,-6,4,-6,4,-7,4,-6,4,-6,5,-7,5,-7,5,-7,5,-6,6,-6,6,-6,6,-6,7,-5,7,-5,7,-5,7,-5,8,-4,8,-4,1,-1,0,0,0,0,0,0,0,0]"
2026-06-22 03:03:36.460775,CSI_DATA,32865,1a:00:00:00:00:00,-60,11,1,0,1,1,1,0,0,0,0,-97,0,11,2,41666633,0,47,0,128,1,"[47,-16,2,0,0,0,0,0,0,0,0,-3,1,-12,1,-11,0,-11,1,-10,1,-10,1,-9,0,-9,0,-8,0,-8,0,-7,-1,-7,-1,-7,-1,-6,-1,-6,-2,-6,-2,-5,-2,-5,-3,-5,-3,-4,-3,-4,-3,-4,-3,-4,-4,-4,-4,-3,-5,-3,-5,-3,-3,-2,-5,-3,-6,-3,-6,-3,-6,-3,-6,-3,-7,-3,-7,-3,-7,-3,-7,-3,-8,-3,-8,-3,-8,-3,-8,-3,-8,-4,-8,-4,-8,-4,-8,-4,-8,-5,-8,-5,-8,-6,-7,-6,-7,-6,-7,-7,-7,-7,-7,-7,-6,-8,-2,-2,0,0,0,0,0,0,0,0]"
2026-06-22 03:03:36.482263,CSI_DATA,32866,1a:00:00:00:00:00,-59,11,1,0,1,1,1,0,0,0,0,-97,0,11,2,41717640,0,47,0,128,1,"[47,-16,2,0,0,0,0,0,0,0,-3,-2,-10,-6,-10,-6,-10,-5,-10,-5,-9,-5,-8,-5,-8,-4,-8,-4,-7,-4,-7,-3,-7,-3,-7,-2,-6,-2,-6,-2,-6,-1,-6,-1,-6,0,-6,0,-5,1,-5,1,-5,1,-5,1,-5,2,-5,2,-5,2,-5,2,-3,1,-5,3,-5,3,-4,4,-4,4,-5,4,-5,5,-5,5,-5,5,-5,5,-6,5,-6,6,-6,6,-6,6,-6,6,-7,5,-7,6,-7,6,-8,5,-8,5,-8,5,-9,4,-9,4,-9,4,-9,4,-9,3,-10,2,-3,0,0,0,0,0,0,0,0,0]"
2026-06-22 03:03:36.557588,CSI_DATA,32867,1a:00:00:00:00:00,-59,11,1,0,1,1,1,0,0,0,0,-97,0,11,2,41768635,0,47,0,128,1,"[47,-16,2,0,0,0,0,0,0,0,-3,-1,-12,-3,-11,-3,-11,-2,-11,-2,-10,-2,-9,-2,-9,-2,-8,-2,-8,-1,-7,-1,-7,-1,-7,0,-7,0,-6,0,-6,1,-6,1,-5,1,-5,1,-5,2,-4,2,-4,2,-4,3,-4,3,-4,3,-4,4,-3,4,-2,2,-3,5,-3,5,-3,5,-3,5,-3,6,-3,6,-3,6,-3,7,-3,7,-3,7,-3,7,-3,7,-4,7,-4,7,-4,7,-4,8,-5,8,-5,8,-5,7,-6,7,-6,7,-6,7,-7,7,-7,7,-8,6,-8,5,-2,1,0,0,0,0,0,0,0,0]"
2026-06-22 03:03:36.579291,CSI_DATA,32868,1a:00:00:00:00:00,-59,11,1,0,1,1,1,0,0,0,0,-97,0,11,2,41819624,0,47,0,128,1,"[47,-16,2,0,0,0,0,0,0,0,-3,1,-10,6,-10,6,-9,6,-9,5,-9,5,-8,5,-8,5,-7,4,-7,4,-6,4,-6,4,-5,4,-5,4,-5,4,-4,4,-4,4,-3,4,-3,4,-3,4,-2,4,-2,4,-2,4,-1,4,-1,4,0,5,0,5,0,2,0,5,0,5,1,5,1,5,1,6,1,6,1,6,1,6,1,7,1,7,2,7,1,7,1,7,1,8,1,8,1,8,1,8,0,8,0,9,-1,9,-1,9,-2,9,-2,9,-2,9,-3,9,-3,9,-1,2,0,0,0,0,0,0,0,0]"
2026-06-22 03:03:36.605461,CSI_DATA,32869,1a:00:00:00:00:00,-59,11,1,0,1,1,1,0,0,0,0,-97,0,11,2,41870616,0,47,0,128,1,"[47,-16,2,0,0,0,0,0,0,0,2,1,9,5,9,5,9,4,8,4,8,4,7,4,7,4,6,3,6,3,6,2,6,2,6,1,5,1,5,1,5,1,5,0,4,0,4,-1,4,-1,4,-1,4,-2,4,-2,4,-2,4,-3,4,-3,4,-3,2,-2,4,-4,4,-4,4,-4,4,-5,4,-5,4,-5,4,-5,4,-5,5,-5,5,-6,5,-6,5,-6,5,-6,6,-6,6,-6,6,-6,6,-6,7,-6,7,-5,8,-5,8,-5,8,-4,8,-4,8,-4,8,-3,8,-3,2,-1,0,0,0,0,0,0,0,0]"
2026-06-22 03:03:36.673802,CSI_DATA,32870,1a:00:00:00:00:00,-60,11,1,0,1,1,1,0,0,0,0,-97,0,11,2,41921638,0,47,0,128,1,"[47,-16,2,0,0,0,0,0,0,0,-3,-1,-11,-2,-11,-1,-10,-1,-10,-1,-10,-1,-9,-1,-8,-1,-8,-1,-7,0,-7,0,-7,0,-7,1,-6,1,-6,1,-5,1,-5,1,-5,2,-4,2,-4,2,-4,3,-4,3,-4,3,-4,3,-3,4,-3,4,-3,4,-2,2,-2,5,-3,5,-2,5,-2,6,-2,6,-2,6,-2,6,-2,7,-3,7,-3,7,-3,7,-3,7,-3,8,-3,8,-4,8,-4,8,-4,8,-4,8,-5,8,-5,7,-6,7,-6,7,-6,7,-7,7,-7,6,-7,6,-2,1,0,0,0,0,0,0,0,0]"
2026-06-22 03:03:36.705511,CSI_DATA,32871,1a:00:00:00:00:00,-59,11,1,0,1,1,1,0,0,0,0,-97,0,11,2,41972605,0,47,0,128,1,"[47,-16,2,0,0,0,0,0,0,0,-3,-1,-11,-2,-11,-1,-10,-1,-10,-1,-10,-1,-9,-1,-9,-1,-8,-1,-7,0,-7,0,-7,0,-7,1,-6,1,-6,1,-5,1,-5,2,-5,2,-4,2,-4,3,-4,3,-4,3,-3,3,-3,4,-3,4,-3,5,-3,5,-2,2,-2,5,-2,5,-2,6,-2,6,-2,6,-2,7,-2,7,-2,7,-2,7,-2,7,-2,8,-3,8,-3,8,-3,8,-3,8,-3,8,-4,9,-4,9,-4,8,-5,8,-5,8,-6,8,-6,8,-7,8,-7,7,-7,7,-2,1,0,0,0,0,0,0,0,0]"
2026-06-22 03:03:36.772126,CSI_DATA,32872,1a:00:00:00:00:00,-59,11,1,0,1,1,1,0,0,0,0,-97,0,11,2,42023634,0,47,0,128,1,"[47,-16,2,0,0,0,0,0,0,0,-2,-3,-8,-8,-8,-8,-8,-7,-8,-7,-7,-7,-7,-6,-7,-6,-6,-5,-6,-5,-6,-5,-6,-4,-6,-3,-6,-3,-6,-2,-6,-2,-6,-2,-5,-2,-5,-1,-5,0,-5,0,-5,0,-5,0,-6,1,-6,1,-6,2,-6,2,-3,1,-6,3,-6,3,-6,3,-6,3,-6,4,-7,4,-7,4,-7,4,-7,4,-7,4,-7,4,-8,4,-8,4,-8,4,-9,4,-9,4,-9,4,-9,4,-9,3,-9,3,-10,2,-10,2,-10,2,-10,2,-10,1,-10,0,-3,0,0,0,0,0,0,0,0,0]"
2026-06-22 03:03:36.810907,CSI_DATA,32873,1a:00:00:00:00:00,-59,11,1,0,1,1,1,0,0,0,0,-97,0,11,2,42074619,0,47,0,128,1,"[47,-16,2,0,0,0,0,0,0,0,-3,1,-11,4,-10,4,-10,4,-9,4,-9,4,-8,3,-8,3,-8,3,-7,3,-6,3,-6,4,-6,3,-5,3,-5,3,-4,4,-4,4,-3,4,-3,4,-3,4,-2,4,-2,4,-2,5,-2,5,-1,5,-1,5,-1,5,0,2,0,6,0,6,0,6,0,6,0,6,1,7,1,7,1,7,1,7,1,8,1,8,1,8,0,8,0,8,0,9,0,9,0,9,-1,9,-1,9,-2,9,-2,9,-2,9,-3,9,-3,9,-4,9,-4,9,-1,2,0,0,0,0,0,0,0,0]"
2026-06-22 03:03:36.893421,CSI_DATA,32874,1a:00:00:00:00:00,-58,11,1,0,1,1,1,0,0,0,0,-97,0,11,2,42125637,0,47,0,128,1,"[47,-16,2,0,0,0,0,0,0,0,1,3,4,13,4,12,4,12,4,11,4,10,3,10,3,9,3,9,3,8,3,7,4,7,4,6,4,6,4,5,4,5,5,4,5,4,5,3,5,3,5,3,5,2,5,2,6,2,6,1,7,1,7,1,3,0,7,0,7,0,8,0,8,0,8,0,8,0,9,0,9,0,9,0,10,0,10,0,10,0,10,0,10,0,11,1,11,1,11,1,11,2,11,3,11,3,11,4,11,4,11,4,10,5,10,6,10,6,2,1,0,0,0,0,0,0,0,0]"
2026-06-22 03:03:36.913806,CSI_DATA,32875,1a:00:00:00:00:00,-59,11,1,0,1,1,1,0,0,0,0,-97,0,11,2,42176647,0,47,0,128,1,"[47,-16,2,0,0,0,0,0,0,0,1,-3,7,-10,6,-10,6,-10,6,-9,5,-9,5,-8,5,-8,4,-7,4,-7,3,-7,3,-7,2,-7,2,-7,2,-7,1,-6,1,-6,0,-6,0,-6,0,-6,-1,-6,-1,-6,-1,-6,-1,-6,-2,-6,-2,-6,-2,-6,-2,-3,-3,-6,-3,-7,-4,-7,-4,-6,-4,-7,-4,-7,-4,-7,-4,-7,-4,-8,-5,-8,-5,-8,-5,-8,-5,-9,-4,-9,-4,-9,-4,-10,-4,-10,-4,-10,-3,-10,-3,-10,-2,-11,-2,-11,-1,-11,-1,-11,0,-11,0,-11,0,-3,0,0,0,0,0,0,0,0]"
2026-06-22 03:03:37.005512,CSI_DATA,32876,1a:00:00:00:00:00,-59,11,1,0,1,1,1,0,0,0,0,-97,0,11,2,42227627,0,47,0,128,1,"[47,-16,2,0,0,0,0,0,0,0,-3,0,-12,2,-12,2,-11,2,-11,2,-10,2,-10,2,-9,1,-9,1,-8,2,-8,2,-7,2,-7,3,-7,3,-6,3,-6,3,-5,3,-5,3,-4,3,-4,3,-4,4,-4,4,-4,4,-3,4,-3,5,-3,5,-3,5,-1,2,-2,5,-2,6,-2,6,-2,6,-2,7,-2,7,-2,7,-2,7,-2,7,-2,8,-2,8,-2,8,-2,8,-2,8,-3,9,-3,9,-3,9,-4,9,-4,9,-5,8,-5,8,-6,8,-6,8,-6,8,-7,8,-7,7,-2,1,0,0,0,0,0,0,0,0]"
2026-06-22 03:03:37.019718,CSI_DATA,32877,1a:00:00:00:00:00,-59,11,1,0,1,1,1,0,0,0,0,-97,0,11,2,42279860,0,47,0,128,1,"[47,-16,2,0,0,0,0,0,0,0,2,2,8,8,8,8,8,7,7,7,7,7,6,6,6,6,6,6,6,5,6,5,6,4,5,4,5,3,5,3,5,2,5,2,5,1,5,1,5,1,5,0,5,0,5,0,5,-1,5,-1,5,-2,5,-2,3,-1,6,-3,6,-3,6,-3,6,-3,6,-3,6,-3,6,-4,7,-4,7,-4,7,-4,7,-4,7,-4,8,-4,8,-4,8,-4,8,-4,9,-4,9,-3,9,-3,9,-2,9,-2,10,-2,10,-1,10,-1,10,0,10,1,2,0,0,0,0,0,0,0,0,0]"
2026-06-22 03:03:37.100838,CSI_DATA,32878,1a:00:00:00:00:00,-58,11,1,0,1,1,1,0,0,0,0,-97,0,11,2,42329628,0,47,0,128,1,"[47,-16,2,0,0,0,0,0,0,0,-2,2,-8,9,-7,9,-7,8,-7,8,-7,8,-6,7,-6,7,-6,7,-5,6,-4,6,-4,6,-4,6,-3,6,-3,6,-2,6,-2,5,-2,5,-1,5,-1,5,-1,5,0,5,0,5,0,5,1,5,1,5,1,5,1,2,2,5,2,5,3,5,3,5,3,6,3,6,3,6,3,6,3,6,3,7,4,7,4,7,3,7,4,8,4,8,3,8,3,8,3,9,2,9,2,9,2,9,1,9,1,9,1,10,0,10,-1,10,-1,2,0,0,0,0,0,0,0,0]"
2026-06-22 03:03:37.113763,CSI_DATA,32879,1a:00:00:00:00:00,-59,11,1,0,1,1,1,0,0,0,0,-97,0,11,2,42381015,0,47,0,128,1,"[47,-16,2,0,0,0,0,0,0,0,1,2,6,9,7,9,7,8,6,8,6,8,5,7,5,7,5,7,5,6,5,5,5,5,5,4,5,4,5,4,5,3,5,3,5,2,5,2,5,1,5,1,5,1,5,1,5,0,5,0,6,-1,5,-1,2,-1,5,-1,6,-1,6,-2,6,-2,6,-2,7,-2,7,-2,7,-2,7,-2,7,-2,8,-3,8,-3,8,-3,8,-2,9,-2,9,-2,9,-1,9,-1,9,0,9,0,9,0,9,0,10,1,10,1,9,2,9,2,2,0,0,0,0,0,0,0,0,0]"
2026-06-22 03:03:37.162721,CSI_DATA,32880,1a:00:00:00:00:00,-59,11,1,0,1,1,1,0,0,0,0,-97,0,11,2,42431642,0,47,0,128,1,"[47,-16,2,0,0,0,0,0,0,0,-1,2,0,10,0,10,0,10,0,9,0,9,0,8,0,8,0,8,0,7,0,7,0,6,1,6,1,6,1,5,1,5,2,5,2,4,2,4,2,4,2,4,2,3,2,3,3,3,3,3,4,3,4,3,2,1,4,3,4,3,5,2,5,2,5,2,5,2,5,3,5,3,6,3,6,3,6,3,6,3,6,3,6,3,6,4,6,4,6,4,6,5,6,5,6,6,5,6,5,6,5,6,5,6,4,7,4,7,1,1,0,0,0,0,0,0,0,0]"
2026-06-22 03:03:37.217398,CSI_DATA,32881,1a:00:00:00:00:00,-58,11,1,0,1,1,1,0,0,0,0,-97,0,11,2,42482613,0,47,0,128,1,"[47,-16,2,0,0,0,0,0,0,0,1,2,7,9,7,9,7,8,7,7,7,7,6,7,6,7,5,6,5,6,5,5,5,5,5,4,5,4,5,3,5,3,5,3,5,2,5,2,5,1,5,1,5,1,5,1,5,0,5,0,5,-1,5,-1,3,-1,6,-1,6,-2,6,-2,6,-2,6,-2,6,-2,7,-2,7,-2,7,-2,7,-2,8,-2,8,-2,8,-2,8,-2,8,-2,9,-2,9,-2,9,-1,9,-1,9,0,9,0,9,0,9,1,9,1,9,2,9,2,2,0,0,0,0,0,0,0,0,0]"
2026-06-22 03:03:37.319644,CSI_DATA,32883,1a:00:00:00:00:00,-58,11,1,0,1,1,1,0,0,0,0,-97,0,11,2,42584605,0,47,0,128,1,"[47,-16,2,0,0,0,0,0,0,0,2,0,11,0,10,0,10,-1,10,-1,9,0,8,0,8,0,8,0,7,-1,7,-1,7,-1,7,-1,6,-2,6,-2,6,-2,5,-2,5,-2,4,-2,4,-3,4,-3,4,-3,4,-3,4,-4,4,-4,4,-4,4,-4,1,-3,3,-5,3,-5,3,-6,3,-6,3,-6,4,-6,4,-6,4,-6,4,-6,4,-6,4,-7,4,-7,4,-7,5,-7,5,-6,5,-7,5,-6,6,-6,6,-6,6,-6,7,-5,7,-5,7,-5,7,-5,8,-4,8,-4,2,-1,0,0,0,0,0,0,0,0]"
2026-06-22 03:03:37.372467,CSI_DATA,32884,1a:00:00:00:00:00,-58,11,1,0,1,1,1,0,0,0,0,-97,0,11,2,42635617,0,47,0,128,1,"[47,-16,2,0,0,0,0,0,0,0,-1,-3,-1,-12,-1,-11,-2,-11,-2,-11,-2,-10,-1,-10,-1,-9,-1,-9,-2,-8,-2,-8,-2,-8,-2,-8,-2,-7,-3,-7,-3,-7,-3,-6,-3,-6,-3,-5,-3,-5,-3,-5,-3,-5,-4,-5,-4,-5,-4,-4,-5,-4,-5,-5,-3,-2,-5,-4,-5,-4,-6,-4,-6,-4,-6,-4,-6,-4,-6,-4,-6,-4,-6,-4,-7,-4,-7,-4,-7,-4,-7,-5,-7,-5,-7,-5,-7,-5,-7,-6,-7,-6,-7,-7,-7,-7,-6,-7,-6,-7,-6,-8,-6,-8,-5,-8,-5,-9,-2,-3,0,0,0,0,0,0,0,0]"
2026-06-22 03:03:37.425930,CSI_DATA,32885,1a:00:00:00:00:00,-58,11,1,0,1,1,1,0,0,0,0,-97,0,11,2,42686649,0,47,0,128,1,"[47,-16,2,0,0,0,0,0,0,0,0,3,2,12,3,12,3,11,3,11,2,10,2,10,2,9,2,9,2,8,2,8,2,7,3,7,3,6,3,6,3,6,3,5,3,5,3,4,3,4,3,4,4,4,4,4,4,3,5,3,5,3,5,3,2,1,5,2,5,2,6,2,6,2,6,2,6,2,6,2,6,2,7,2,7,2,7,2,7,2,7,2,8,3,8,3,8,3,8,3,8,4,8,5,7,5,7,5,7,5,7,6,7,6,6,7,6,7,1,1,0,0,0,0,0,0,0,0]"
2026-06-22 03:03:37.472469,CSI_DATA,32886,1a:00:00:00:00:00,-58,11,1,0,1,1,1,0,0,0,0,-97,0,11,2,42737622,0,47,0,128,1,"[47,-16,2,0,0,0,0,0,0,0,-3,-3,-10,-9,-10,-8,-10,-8,-10,-8,-9,-8,-9,-7,-8,-7,-8,-6,-8,-6,-7,-6,-7,-5,-7,-5,-7,-4,-7,-4,-7,-4,-7,-3,-6,-3,-6,-3,-7,-2,-7,-2,-6,-2,-6,-1,-6,-1,-6,-1,-7,0,-7,0,-4,0,-7,0,-7,1,-7,1,-7,1,-7,1,-7,1,-8,1,-8,1,-8,1,-8,1,-8,1,-9,1,-9,1,-9,1,-9,1,-9,1,-10,1,-10,0,-10,0,-10,-1,-10,-1,-10,-2,-10,-2,-10,-2,-10,-3,-10,-4,-3,-1,0,0,0,0,0,0,0,0]"
2026-06-22 03:03:37.533138,CSI_DATA,32887,1a:00:00:00:00:00,-58,11,1,0,1,1,1,0,0,0,0,-97,0,11,2,42788611,0,47,0,128,1,"[47,-16,2,0,0,0,0,0,0,0,2,1,11,5,11,4,11,4,11,4,10,4,9,3,9,3,8,3,8,3,8,2,8,2,7,2,7,1,7,1,7,1,6,0,6,0,6,-1,6,-1,6,-1,6,-1,5,-2,5,-2,5,-2,5,-3,5,-3,2,-2,5,-4,5,-4,5,-4,5,-4,5,-4,6,-5,6,-5,6,-5,6,-5,6,-5,6,-5,6,-5,7,-5,7,-5,7,-5,8,-5,8,-5,8,-5,8,-4,9,-4,9,-3,9,-3,9,-3,9,-3,10,-2,10,-1,2,-1,0,0,0,0,0,0,0,0]"
2026-06-22 03:03:37.570959,CSI_DATA,32888,1a:00:00:00:00:00,-58,11,1,0,1,1,1,0,0,0,0,-97,0,11,2,42839625,0,47,0,128,1,"[47,-16,2,0,0,0,0,0,0,0,0,3,1,12,1,12,1,11,1,11,1,11,1,10,1,9,1,9,1,9,1,8,1,8,2,7,2,7,2,6,2,6,2,6,3,5,3,5,3,4,3,4,3,4,3,4,4,4,4,3,4,3,4,3,2,1,5,3,5,3,6,2,6,3,6,3,6,3,6,3,7,3,7,3,7,3,7,3,7,3,7,3,7,3,7,4,7,4,7,4,7,5,7,6,7,6,7,6,7,6,6,7,6,7,5,8,5,8,1,2,0,0,0,0,0,0,0,0]"
2026-06-22 03:03:37.645308,CSI_DATA,32889,1a:00:00:00:00:00,-58,11,1,0,1,1,1,0,0,0,0,-97,0,11,2,42890634,0,47,0,128,1,"[47,-16,2,0,0,0,0,0,0,0,-4,-1,-14,-2,-13,-2,-13,-1,-12,-1,-12,-2,-11,-2,-10,-2,-10,-2,-10,-1,-9,-1,-9,-1,-9,0,-8,0,-8,0,-8,0,-7,1,-7,1,-7,1,-6,2,-6,2,-6,2,-6,2,-6,2,-6,3,-6,3,-6,3,-3,2,-5,4,-5,4,-5,4,-5,4,-5,5,-6,5,-6,5,-6,5,-6,5,-6,5,-6,5,-6,6,-7,6,-7,6,-7,6,-7,6,-8,6,-8,5,-8,5,-9,4,-9,4,-9,4,-9,4,-9,4,-10,3,-10,2,-3,0,0,0,0,0,0,0,0,0]"
2026-06-22 03:03:37.676562,CSI_DATA,32890,1a:00:00:00:00:00,-58,11,1,0,1,1,1,0,0,0,0,-97,0,11,2,42941606,0,47,0,128,1,"[47,-16,2,0,0,0,0,0,0,0,1,-4,6,-12,5,-12,5,-12,5,-12,5,-11,4,-10,4,-10,4,-9,3,-9,3,-9,3,-9,2,-8,2,-8,1,-8,1,-8,1,-8,0,-7,0,-7,0,-7,0,-7,-1,-7,-1,-7,-1,-7,-2,-7,-2,-7,-2,-7,-1,-4,-3,-7,-3,-7,-3,-7,-3,-7,-3,-7,-4,-7,-4,-7,-4,-7,-4,-8,-4,-8,-4,-8,-4,-8,-4,-8,-4,-8,-4,-9,-4,-9,-4,-9,-3,-9,-3,-10,-2,-10,-2,-10,-2,-10,-1,-10,-1,-10,0,-10,0,-10,0,-3,0,0,0,0,0,0,0,0]"
2026-06-22 03:03:37.751474,CSI_DATA,32891,1a:00:00:00:00:00,-58,11,1,0,1,1,1,0,0,0,0,-97,0,11,2,42992615,0,47,0,128,1,"[47,-16,2,0,0,0,0,0,0,0,-2,2,-8,11,-7,11,-7,10,-7,10,-7,9,-6,9,-6,9,-6,8,-5,8,-5,8,-5,8,-4,7,-4,7,-4,7,-3,6,-3,6,-3,6,-2,6,-2,6,-1,6,-1,6,-1,5,-1,5,0,5,0,6,0,6,0,3,1,6,1,6,1,6,1,6,1,6,2,6,2,6,2,6,2,6,2,7,2,7,2,7,2,7,2,7,2,8,2,8,2,8,1,8,1,8,1,8,0,8,0,8,0,8,-1,9,-2,9,-2,9,-1,2,0,0,0,0,0,0,0,0]"
2026-06-22 03:03:37.776860,CSI_DATA,32892,1a:00:00:00:00:00,-58,11,1,0,1,1,1,0,0,0,0,-97,0,11,2,43043647,0,47,0,128,1,"[47,-16,2,0,0,0,0,0,0,0,-2,3,-8,11,-7,11,-7,11,-6,10,-7,10,-6,9,-6,9,-6,8,-6,8,-5,8,-5,8,-4,7,-4,7,-4,7,-4,6,-3,6,-2,6,-2,6,-2,6,-2,6,-1,5,-1,5,-1,5,0,5,0,6,0,6,0,3,1,5,1,6,1,6,2,6,2,6,2,6,2,6,2,6,2,6,3,7,3,7,2,7,2,7,3,7,3,8,2,8,2,8,2,8,2,8,1,9,0,9,0,9,0,9,0,9,-1,9,-2,9,-1,2,0,0,0,0,0,0,0,0]"
2026-06-22 03:03:37.862437,CSI_DATA,32893,1a:00:00:00:00:00,-58,11,1,0,1,1,1,0,0,0,0,-97,0,11,2,43094609,0,47,0,128,1,"[47,-16,2,0,0,0,0,0,0,0,-2,2,-7,11,-7,11,-6,11,-6,10,-6,10,-6,9,-5,9,-5,9,-5,8,-4,8,-4,8,-4,7,-3,7,-3,7,-3,7,-2,6,-2,6,-2,6,-1,6,-1,6,-1,6,0,6,0,5,0,5,1,5,1,5,0,2,2,5,2,5,2,5,2,5,2,5,3,6,3,6,3,6,3,6,3,6,3,7,3,7,3,7,3,7,3,7,3,8,3,8,3,8,3,8,2,9,2,9,1,9,1,9,0,9,0,9,-1,9,-1,2,0,0,0,0,0,0,0,0]"
2026-06-22 03:03:37.881691,CSI_DATA,32894,1a:00:00:00:00:00,-59,11,1,0,1,1,1,0,0,0,0,-97,0,11,2,43145605,0,47,0,128,1,"[47,-16,2,0,0,0,0,0,0,0,-1,-4,-3,-14,-4,-13,-4,-13,-4,-12,-3,-12,-3,-11,-3,-10,-3,-10,-3,-10,-3,-9,-3,-9,-3,-9,-3,-8,-3,-7,-3,-7,-4,-7,-4,-6,-4,-6,-4,-5,-4,-5,-4,-5,-4,-5,-5,-5,-5,-4,-5,-4,-5,-4,-3,-2,-6,-3,-6,-3,-6,-3,-6,-3,-6,-3,-7,-3,-7,-3,-7,-3,-7,-3,-7,-3,-8,-3,-8,-3,-8,-3,-8,-4,-8,-4,-8,-4,-8,-4,-8,-5,-8,-5,-8,-6,-8,-6,-8,-6,-8,-7,-7,-7,-7,-8,-6,-8,-2,-2,0,0,0,0,0,0,0,0]"
2026-06-22 03:03:37.967939,CSI_DATA,32895,1a:00:00:00:00:00,-59,11,1,0,1,1,1,0,0,0,0,-97,0,11,2,43196642,0,47,0,128,1,"[47,-16,2,0,0,0,0,0,0,0,2,-3,9,-10,9,-10,8,-9,8,-9,8,-8,8,-8,7,-7,7,-7,6,-7,6,-7,6,-7,5,-7,5,-6,4,-6,4,-6,4,-6,3,-6,2,-6,2,-6,2,-6,2,-6,1,-6,1,-6,1,-6,0,-6,0,-6,0,-3,0,-6,-1,-7,-1,-7,-1,-7,-1,-7,-1,-7,-1,-7,-1,-7,-1,-8,-1,-8,-1,-8,-1,-8,-1,-8,-1,-9,-1,-9,-1,-9,-1,-9,0,-9,0,-9,1,-9,1,-9,1,-9,2,-9,2,-9,3,-9,3,-9,0,-3,0,0,0,0,0,0,0,0]"
2026-06-22 03:03:37.981924,CSI_DATA,32896,1a:00:00:00:00:00,-58,11,1,0,1,1,1,0,0,0,0,-97,0,11,2,43247631,0,47,0,128,1,"[47,-16,2,0,0,0,0,0,0,0,3,-2,11,-7,11,-7,11,-7,10,-7,10,-6,9,-6,9,-5,9,-5,8,-5,8,-5,7,-5,7,-5,6,-5,6,-5,6,-5,5,-5,5,-5,4,-5,4,-5,4,-5,4,-5,3,-5,3,-5,3,-6,2,-6,2,-6,1,-3,2,-6,2,-7,2,-7,2,-7,2,-7,2,-7,2,-7,2,-7,2,-8,2,-8,2,-8,2,-8,2,-8,2,-8,2,-8,3,-9,3,-8,3,-8,4,-8,4,-8,5,-8,5,-8,5,-7,5,-8,6,-7,6,-7,1,-2,0,0,0,0,0,0,0,0]"
2026-06-22 03:03:38.035921,CSI_DATA,32897,1a:00:00:00:00:00,-59,11,1,0,1,1,1,0,0,0,0,-97,0,11,2,43298613,0,47,0,128,1,"[47,-16,2,0,0,0,0,0,0,0,-2,3,-5,12,-5,11,-4,11,-5,10,-5,10,-5,9,-5,9,-4,8,-4,8,-3,8,-3,8,-3,7,-2,7,-2,7,-2,7,-2,6,-2,6,-1,5,-1,5,-1,5,-1,5,0,5,0,5,1,5,1,5,1,5,0,2,2,5,2,5,2,5,2,5,2,5,2,5,2,5,2,5,3,6,3,6,3,6,3,6,3,6,3,6,3,7,3,7,2,7,2,7,2,8,1,8,1,8,1,8,1,8,0,8,0,8,-1,8,-1,2,0,0,0,0,0,0,0,0]"
2026-06-22 03:03:38.085666,CSI_DATA,32898,1a:00:00:00:00:00,-60,11,1,0,1,1,1,0,0,0,0,-97,0,11,2,43349620,0,47,0,128,1,"[47,-16,2,0,0,0,0,0,0,0,-4,0,-13,2,-12,2,-12,2,-12,2,-11,2,-11,1,-10,1,-9,1,-9,1,-9,1,-8,1,-8,1,-8,1,-7,1,-7,1,-6,2,-6,2,-5,2,-5,2,-5,2,-5,2,-4,2,-4,2,-4,3,-4,3,-4,3,-2,1,-3,4,-3,4,-3,4,-3,4,-3,4,-3,4,-3,4,-3,5,-3,5,-3,5,-3,5,-3,5,-3,5,-3,6,-3,6,-4,6,-4,6,-4,6,-4,6,-5,6,-5,5,-6,5,-6,5,-7,5,-7,5,-7,4,-2,1,0,0,0,0,0,0,0,0]"
2026-06-22 03:03:38.138063,CSI_DATA,32899,1a:00:00:00:00:00,-60,11,1,0,1,1,1,0,0,0,0,-97,0,11,2,43400649,0,47,0,128,1,"[47,-16,2,0,0,0,0,0,0,0,-1,-4,-2,-13,-2,-13,-2,-12,-2,-12,-2,-11,-1,-11,-1,-10,-1,-9,-1,-9,-2,-9,-2,-8,-2,-8,-2,-7,-2,-7,-2,-7,-2,-6,-2,-6,-2,-5,-3,-5,-3,-5,-3,-4,-3,-4,-3,-4,-4,-4,-4,-3,-4,-3,-2,-2,-5,-3,-5,-3,-5,-2,-5,-2,-5,-2,-5,-2,-6,-2,-6,-2,-6,-2,-6,-2,-7,-2,-7,-2,-7,-2,-7,-3,-7,-3,-8,-3,-8,-3,-7,-3,-7,-4,-7,-4,-7,-5,-7,-5,-7,-5,-7,-5,-6,-6,-6,-6,-2,-2,0,0,0,0,0,0,0,0]"
2026-06-22 03:03:38.199488,CSI_DATA,32900,1a:00:00:00:00:00,-60,11,1,0,1,1,1,0,0,0,0,-97,0,11,2,43451625,0,47,0,128,1,"[47,-16,2,0,0,0,0,0,0,0,1,-3,7,-10,6,-10,6,-10,6,-10,6,-9,6,-9,5,-8,5,-7,5,-7,5,-7,4,-7,4,-7,3,-6,3,-6,3,-6,2,-6,2,-5,1,-5,1,-5,1,-5,1,-5,1,-5,0,-5,0,-5,-1,-5,-1,-5,-1,-3,-2,-5,-2,-5,-2,-5,-2,-5,-2,-5,-2,-5,-2,-5,-3,-5,-3,-6,-3,-6,-3,-6,-3,-6,-3,-6,-3,-6,-3,-7,-3,-7,-3,-7,-2,-7,-2,-7,-1,-8,-1,-8,-1,-8,-1,-8,0,-8,0,-8,0,-8,0,-2,0,0,0,0,0,0,0,0]"
2026-06-22 03:03:38.236497,CSI_DATA,32901,1a:00:00:00:00:00,-61,11,1,0,1,1,1,0,0,0,0,-97,0,11,2,43502632,0,47,0,128,1,"[47,-16,2,0,0,0,0,0,0,0,1,-3,6,-11,6,-11,5,-10,6,-10,5,-9,5,-9,5,-8,4,-8,4,-7,4,-7,3,-7,3,-7,3,-6,3,-6,2,-6,2,-6,1,-5,1,-5,1,-5,0,-5,0,-4,0,-4,0,-4,-1,-4,-1,-4,-1,-4,-1,-2,-2,-4,-2,-4,-2,-4,-3,-4,-3,-4,-3,-4,-3,-4,-3,-4,-3,-4,-4,-4,-4,-5,-4,-5,-4,-5,-4,-5,-4,-5,-4,-5,-4,-6,-4,-6,-4,-6,-4,-6,-3,-7,-3,-7,-3,-7,-3,-7,-2,-7,-2,-8,-1,-2,0,0,0,0,0,0,0,0]"
2026-06-22 03:03:38.299057,CSI_DATA,32902,1a:00:00:00:00:00,-61,11,1,0,1,1,1,0,0,0,0,-97,0,11,2,43553628,0,47,0,128,1,"[47,-16,2,0,0,0,0,0,0,0,-2,-3,-7,-10,-7,-10,-7,-10,-7,-10,-6,-9,-6,-9,-5,-8,-5,-8,-5,-7,-5,-7,-5,-7,-5,-6,-4,-5,-4,-5,-4,-5,-4,-4,-4,-4,-4,-3,-4,-3,-3,-3,-3,-2,-3,-2,-3,-2,-3,-1,-3,-1,-3,-1,-2,0,-4,0,-4,0,-4,0,-4,1,-4,1,-4,1,-4,1,-4,2,-4,2,-5,2,-5,2,-5,2,-5,2,-5,2,-5,2,-6,2,-6,2,-6,2,-7,1,-7,1,-7,1,-7,0,-7,0,-7,0,-7,-1,-7,-1,-2,-1,0,0,0,0,0,0,0,0]"
2026-06-22 03:03:38.339215,CSI_DATA,32903,1a:00:00:00:00:00,-62,11,1,0,1,1,1,0,0,0,0,-97,0,11,2,43604626,0,47,0,128,1,"[47,-16,2,0,0,0,0,0,0,0,-3,-2,-10,-7,-10,-7,-10,-6,-9,-6,-9,-6,-8,-6,-8,-6,-7,-5,-7,-5,-7,-5,-6,-4,-6,-4,-6,-4,-5,-3,-5,-3,-5,-3,-5,-2,-4,-2,-4,-2,-4,-1,-4,-1,-4,-1,-4,-1,-4,0,-4,0,-4,0,-2,0,-3,1,-3,1,-3,1,-3,2,-3,2,-3,2,-3,2,-3,2,-3,2,-4,2,-4,3,-4,3,-4,3,-4,3,-4,3,-4,3,-5,3,-5,3,-5,3,-5,2,-6,2,-6,2,-6,2,-6,2,-6,1,-6,1,-2,0,0,0,0,0,0,0,0,0]"
2026-06-22 03:03:38.401721,CSI_DATA,32904,1a:00:00:00:00:00,-62,11,1,0,1,1,1,0,0,0,0,-97,0,11,2,43656175,0,47,0,128,1,"[47,-16,2,0,0,0,0,0,0,0,3,0,13,1,13,1,13,1,12,1,11,1,11,1,10,1,9,1,8,1,8,0,8,0,7,0,7,0,6,0,6,0,5,-1,5,-1,4,-1,4,-1,4,-1,4,-1,3,-2,3,-2,3,-3,2,-3,2,-3,1,-2,2,-3,2,-3,2,-4,1,-4,1,-4,1,-4,1,-5,1,-5,1,-5,1,-5,1,-5,1,-5,1,-6,1,-6,2,-6,2,-6,2,-6,2,-6,3,-6,3,-6,3,-6,4,-6,4,-6,4,-6,5,-5,5,-5,1,-2,0,0,0,0,0,0,0,0]"
2026-06-22 03:03:38.437936,CSI_DATA,32905,1a:00:00:00:00:00,-61,11,1,0,1,1,1,0,0,0,0,-97,0,11,2,43706646,0,47,0,128,1,"[47,-16,2,0,0,0,0,0,0,0,1,2,4,11,4,10,5,10,4,10,4,9,3,9,3,8,3,8,3,7,3,7,3,6,2,6,3,5,2,5,2,5,2,4,2,4,2,3,2,3,2,3,2,2,2,2,2,2,3,1,3,1,3,1,1,0,3,0,3,0,3,0,3,0,3,0,3,0,4,0,4,0,4,0,4,-1,4,-1,4,-1,5,-1,5,-1,5,0,5,0,5,0,5,0,5,1,5,1,5,1,5,1,5,1,5,2,5,2,5,2,1,0,0,0,0,0,0,0,0,0]"
2026-06-22 03:03:38.516854,CSI_DATA,32906,1a:00:00:00:00:00,-59,11,1,0,1,1,1,0,0,0,0,-97,0,11,2,43757637,0,47,0,128,1,"[47,-16,2,0,0,0,0,0,0,0,2,1,10,5,10,5,10,4,9,4,8,4,8,4,7,4,7,4,7,3,6,3,6,3,6,2,6,2,6,2,5,1,5,1,5,1,5,0,5,0,4,0,4,0,4,-1,4,-1,4,-2,4,-2,4,-2,2,-1,4,-2,4,-3,4,-3,4,-3,4,-3,4,-3,4,-3,4,-3,5,-4,5,-4,5,-4,5,-4,5,-4,5,-4,6,-4,6,-4,6,-3,6,-3,6,-3,7,-2,7,-2,7,-2,7,-2,7,-2,7,-1,7,0,1,0,0,0,0,0,0,0,0,0]"
2026-06-22 03:03:38.543225,CSI_DATA,32907,1a:00:00:00:00:00,-60,11,1,0,1,1,1,0,0,0,0,-97,0,11,2,43808617,0,47,0,128,1,"[47,-16,2,0,0,0,0,0,0,0,1,2,7,9,6,8,6,8,6,8,6,7,5,7,5,6,4,6,4,5,4,5,4,5,4,4,4,4,4,3,4,3,4,2,3,2,3,2,4,1,4,1,4,1,4,0,4,0,4,0,4,-1,4,-1,2,-1,4,-2,4,-2,4,-2,5,-2,5,-2,5,-2,5,-3,5,-3,5,-3,6,-3,6,-3,6,-3,6,-3,6,-3,7,-3,7,-2,7,-2,7,-2,7,-1,7,-1,8,-1,8,0,8,0,8,0,8,1,7,1,1,0,0,0,0,0,0,0,0,0]"
2026-06-22 03:03:38.643127,CSI_DATA,32908,1a:00:00:00:00:00,-61,11,1,0,1,1,1,0,0,0,0,-97,0,11,2,43859610,0,47,0,128,1,"[47,-16,2,0,0,0,0,0,0,0,3,0,13,0,12,0,12,-1,11,-1,11,0,9,0,9,0,8,0,8,-1,7,-1,7,-1,6,-1,6,-1,5,-1,5,-1,4,-2,4,-2,3,-2,3,-2,2,-3,2,-3,2,-3,2,-3,1,-4,1,-4,1,-4,0,-2,0,-5,0,-5,0,-5,-1,-5,-1,-5,-1,-6,-1,-6,-1,-7,-1,-7,-1,-7,-1,-7,-1,-7,-1,-7,-1,-8,-1,-8,0,-9,0,-9,0,-9,1,-9,1,-9,2,-9,2,-8,2,-8,3,-8,3,-8,4,-8,1,-2,0,0,0,0,0,0,0,0]"
2026-06-22 03:03:38.665528,CSI_DATA,32909,1a:00:00:00:00:00,-61,11,1,0,1,1,1,0,0,0,0,-97,0,11,2,43910616,0,47,0,128,1,"[47,-16,2,0,0,0,0,0,0,0,2,-3,9,-10,9,-10,8,-9,8,-9,8,-8,7,-8,7,-7,7,-7,6,-6,5,-6,5,-6,4,-6,4,-6,4,-5,3,-5,3,-5,2,-5,2,-4,1,-4,1,-4,1,-4,0,-4,0,-4,-1,-4,-1,-4,-1,-4,-1,-2,-2,-4,-2,-4,-3,-4,-3,-4,-3,-4,-3,-4,-3,-5,-4,-5,-4,-5,-4,-5,-4,-5,-4,-5,-4,-6,-4,-6,-4,-6,-4,-7,-4,-7,-4,-7,-4,-7,-3,-7,-3,-8,-3,-8,-3,-8,-2,-8,-2,-8,-1,-8,-1,-2,0,0,0,0,0,0,0,0]"
2026-06-22 03:03:38.740164,CSI_DATA,32910,1a:00:00:00:00:00,-61,11,1,0,1,1,1,0,0,0,0,-97,0,11,2,43961622,0,47,0,128,1,"[47,-16,2,0,0,0,0,0,0,0,2,0,11,2,10,2,10,2,10,2,9,2,8,2,8,2,7,2,7,2,7,1,6,1,6,1,6,0,5,0,5,0,4,0,4,-1,4,-1,3,-1,3,-1,3,-1,3,-2,2,-2,2,-2,2,-3,2,-3,1,-2,1,-3,1,-4,1,-4,1,-4,1,-4,1,-4,1,-5,1,-5,1,-5,1,-5,1,-6,2,-6,2,-6,2,-6,2,-6,2,-6,2,-6,3,-6,3,-6,3,-6,4,-6,4,-6,4,-6,4,-6,5,-5,5,-5,1,-2,0,0,0,0,0,0,0,0]"
2026-06-22 03:03:38.760279,CSI_DATA,32911,1a:00:00:00:00:00,-60,11,1,0,1,1,1,0,0,0,0,-97,0,11,2,44012609,0,47,0,128,1,"[47,-16,2,0,0,0,0,0,0,0,2,0,11,1,11,1,11,0,10,1,10,1,9,1,8,1,8,1,7,1,7,0,7,0,6,0,6,-1,5,-1,5,-1,5,-1,4,-1,4,-1,4,-2,4,-2,3,-2,3,-2,2,-3,2,-3,2,-3,2,-3,1,-2,1,-4,2,-4,2,-4,1,-4,1,-5,1,-5,1,-5,1,-5,1,-5,1,-6,1,-6,2,-6,2,-7,2,-7,2,-7,2,-7,2,-7,3,-7,3,-6,4,-6,4,-6,4,-6,5,-6,5,-6,5,-6,5,-5,1,-2,0,0,0,0,0,0,0,0]"
2026-06-22 03:03:38.818628,CSI_DATA,32912,1a:00:00:00:00:00,-60,11,1,0,1,1,1,0,0,0,0,-97,0,11,2,44063619,0,47,0,128,1,"[47,-16,2,0,0,0,0,0,0,0,0,-3,3,-12,2,-12,2,-12,2,-11,2,-10,2,-10,2,-9,2,-9,1,-8,1,-8,1,-8,1,-8,0,-7,0,-7,0,-6,0,-6,0,-6,-1,-5,-1,-5,-1,-5,-1,-4,-2,-4,-2,-4,-3,-4,-3,-4,-3,-4,-2,-2,-4,-4,-4,-3,-4,-3,-4,-3,-5,-3,-5,-3,-5,-3,-5,-4,-5,-4,-6,-4,-6,-4,-6,-4,-6,-4,-6,-4,-6,-5,-6,-5,-6,-5,-6,-5,-6,-6,-6,-6,-5,-6,-5,-6,-5,-6,-5,-7,-5,-8,-4,-8,-1,-2,0,0,0,0,0,0,0,0]"
2026-06-22 03:03:38.862574,CSI_DATA,32913,1a:00:00:00:00:00,-60,11,1,0,1,1,1,0,0,0,0,-97,0,11,2,44114622,0,47,0,128,1,"[47,-16,2,0,0,0,0,0,0,0,2,-2,9,-7,8,-7,8,-6,8,-6,7,-6,7,-5,7,-5,6,-5,5,-5,5,-5,5,-5,4,-5,4,-5,4,-4,3,-4,3,-5,2,-5,2,-4,2,-4,2,-4,1,-4,1,-4,0,-4,0,-4,0,-5,0,-5,-1,-3,-1,-5,-1,-5,-2,-5,-2,-5,-2,-5,-2,-5,-2,-5,-2,-5,-2,-6,-2,-6,-3,-6,-2,-6,-2,-6,-2,-6,-2,-7,-2,-7,-2,-7,-2,-7,-1,-8,-1,-8,-1,-8,0,-8,0,-7,0,-8,0,-8,1,-8,0,-2,0,0,0,0,0,0,0,0]"
2026-06-22 03:03:38.906301,CSI_DATA,32914,1a:00:00:00:00:00,-60,11,1,0,1,1,1,0,0,0,0,-97,0,11,2,44165616,0,47,0,128,1,"[47,-16,2,0,0,0,0,0,0,0,3,-1,12,-2,11,-2,11,-2,11,-2,10,-2,9,-2,9,-1,8,-1,8,-2,7,-2,7,-2,7,-2,6,-2,6,-2,5,-2,5,-3,4,-3,4,-3,4,-3,3,-3,3,-3,3,-3,2,-4,2,-4,2,-4,2,-4,1,-3,1,-5,1,-5,1,-5,1,-6,1,-6,1,-6,1,-6,1,-6,1,-7,1,-7,1,-7,1,-7,1,-7,1,-8,1,-8,1,-8,2,-8,2,-8,3,-8,3,-8,3,-8,4,-8,4,-8,4,-7,5,-7,5,-7,1,-2,0,0,0,0,0,0,0,0]"
2026-06-22 03:03:38.955916,CSI_DATA,32915,1a:00:00:00:00:00,-59,11,1,0,1,1,1,0,0,0,0,-97,0,11,2,44217306,0,47,0,128,1,"[47,-16,2,0,0,0,0,0,0,0,-4,0,-13,1,-12,2,-12,2,-12,1,-11,1,-11,1,-10,1,-9,1,-9,1,-9,1,-8,1,-8,1,-7,1,-7,1,-7,2,-6,2,-6,2,-5,2,-5,2,-5,2,-4,3,-4,3,-4,3,-4,3,-4,4,-3,4,-2,2,-3,4,-3,4,-3,5,-2,5,-3,5,-3,5,-3,6,-3,6,-2,6,-2,6,-3,6,-3,6,-3,6,-3,7,-3,7,-4,7,-4,7,-4,7,-5,7,-5,7,-5,6,-6,6,-6,6,-7,6,-7,5,-7,5,-2,1,0,0,0,0,0,0,0,0]"
2026-06-22 03:03:39.001620,CSI_DATA,32916,1a:00:00:00:00:00,-59,11,1,0,1,1,1,0,0,0,0,-97,0,11,2,44267636,0,47,0,128,1,"[47,-16,2,0,0,0,0,0,0,0,2,2,8,9,8,8,8,8,8,7,7,7,6,7,6,7,6,6,6,5,5,5,5,5,5,5,5,4,5,3,5,3,5,3,4,2,4,2,4,1,4,1,4,1,4,0,4,0,5,0,5,-1,5,-1,2,-1,5,-2,5,-2,5,-2,5,-2,5,-2,5,-3,6,-3,6,-3,6,-3,7,-3,7,-3,7,-3,7,-3,7,-3,8,-2,8,-2,8,-2,8,-2,8,-1,8,-1,9,0,9,0,9,0,9,1,8,2,8,2,2,0,0,0,0,0,0,0,0,0]"
2026-06-22 03:03:39.062540,CSI_DATA,32917,1a:00:00:00:00:00,-59,11,1,0,1,1,1,0,0,0,0,-97,0,11,2,44318622,0,47,0,128,1,"[47,-16,2,0,0,0,0,0,0,0,1,2,5,9,5,8,5,8,5,7,5,7,4,7,4,7,4,6,4,6,4,5,4,5,4,5,4,4,4,4,4,3,4,3,4,2,3,2,3,2,3,1,4,1,4,1,4,1,4,0,4,0,4,0,2,-1,4,-1,5,-1,5,-1,5,-1,5,-1,5,-2,5,-2,6,-2,6,-2,6,-2,6,-2,6,-2,6,-2,7,-2,7,-1,7,-1,7,-1,8,-1,8,0,7,0,7,1,7,1,7,1,7,1,7,2,7,2,1,0,0,0,0,0,0,0,0,0]"
2026-06-22 03:03:39.101589,CSI_DATA,32918,1a:00:00:00:00:00,-59,11,1,0,1,1,1,0,0,0,0,-97,0,11,2,44369616,0,47,0,128,1,"[47,-16,2,0,0,0,0,0,0,0,1,2,5,11,5,10,5,10,5,9,4,9,4,8,4,8,4,8,4,7,4,6,4,6,4,5,4,5,4,4,4,4,4,4,4,3,4,3,4,2,4,2,4,2,4,2,4,1,5,1,5,0,5,0,2,0,5,0,5,-1,5,-1,5,-1,6,-1,6,-1,6,-1,7,-1,7,-1,7,-1,7,-2,7,-2,7,-2,7,-1,8,-1,8,-1,8,-1,8,0,8,1,8,1,9,1,8,1,8,1,8,2,8,3,8,3,2,0,0,0,0,0,0,0,0,0]"
2026-06-22 03:03:39.170475,CSI_DATA,32919,1a:00:00:00:00:00,-59,11,1,0,1,1,1,0,0,0,0,-97,0,11,2,44420631,0,47,0,128,1,"[47,-16,2,0,0,0,0,0,0,0,3,-1,11,-4,11,-4,11,-4,10,-4,10,-4,9,-3,8,-3,8,-3,8,-3,7,-3,7,-3,6,-3,6,-4,5,-4,5,-4,4,-4,4,-4,4,-4,3,-4,3,-4,3,-4,3,-4,2,-5,2,-5,2,-5,1,-5,0,-3,1,-6,1,-6,1,-6,0,-6,0,-7,0,-7,0,-7,0,-7,0,-7,0,-8,0,-8,0,-8,1,-8,1,-8,1,-9,1,-9,1,-9,2,-9,2,-9,3,-9,3,-9,4,-8,4,-8,4,-8,4,-8,5,-8,1,-2,0,0,0,0,0,0,0,0]"
2026-06-22 03:03:39.212028,CSI_DATA,32920,1a:00:00:00:00:00,-59,11,1,0,1,1,1,0,0,0,0,-97,0,11,2,44471626,0,47,0,128,1,"[47,-16,2,0,0,0,0,0,0,0,3,0,12,0,12,0,11,0,11,0,10,0,9,0,9,0,8,0,8,0,7,-1,7,-1,7,-1,6,-1,6,-2,5,-2,5,-2,5,-2,4,-3,4,-3,4,-3,4,-3,3,-3,3,-4,3,-4,3,-4,3,-5,1,-3,2,-5,2,-5,2,-6,2,-6,2,-6,2,-6,2,-7,2,-7,2,-7,2,-7,2,-8,3,-8,3,-8,3,-8,4,-8,4,-8,4,-8,4,-8,5,-7,5,-7,5,-7,6,-7,6,-7,6,-6,7,-6,7,-5,1,-2,0,0,0,0,0,0,0,0]"
2026-06-22 03:03:39.289847,CSI_DATA,32921,1a:00:00:00:00:00,-59,11,1,0,1,1,1,0,0,0,0,-97,0,11,2,44522603,0,47,0,128,1,"[47,-16,2,0,0,0,0,0,0,0,0,-3,2,-12,2,-12,2,-12,2,-11,2,-11,2,-10,2,-9,2,-9,1,-8,1,-8,0,-8,0,-8,-1,-7,-1,-7,-1,-6,-1,-6,-2,-6,-2,-5,-2,-5,-2,-5,-2,-5,-3,-5,-3,-4,-4,-4,-4,-4,-4,-4,-2,-3,-5,-5,-5,-4,-5,-4,-5,-4,-6,-4,-6,-4,-6,-4,-6,-4,-6,-4,-7,-4,-7,-4,-7,-4,-7,-5,-7,-5,-7,-6,-7,-6,-7,-6,-7,-6,-7,-7,-6,-7,-6,-7,-6,-8,-6,-7,-6,-8,-5,-8,-5,-8,-2,-2,0,0,0,0,0,0,0,0]"
2026-06-22 03:03:39.308500,CSI_DATA,32922,1a:00:00:00:00:00,-59,11,1,0,1,1,1,0,0,0,0,-97,0,11,2,44573605,0,47,0,128,1,"[47,-16,2,0,0,0,0,0,0,0,1,-3,6,-11,5,-11,5,-11,5,-10,5,-10,4,-9,4,-9,4,-8,3,-8,3,-8,3,-7,2,-7,2,-7,2,-7,1,-6,1,-6,0,-6,0,-6,0,-6,-1,-5,-1,-5,-1,-5,-2,-5,-2,-5,-2,-5,-3,-5,-2,-3,-4,-5,-4,-5,-4,-5,-4,-5,-4,-5,-4,-6,-5,-6,-5,-6,-5,-6,-5,-6,-5,-7,-5,-7,-5,-7,-5,-7,-5,-8,-5,-8,-5,-8,-5,-8,-4,-9,-4,-9,-3,-9,-3,-9,-3,-9,-2,-9,-2,-10,-2,-10,-1,-3,0,0,0,0,0,0,0,0]"
2026-06-22 03:03:39.391711,CSI_DATA,32923,1a:00:00:00:00:00,-59,11,1,0,1,1,1,0,0,0,0,-97,0,11,2,44624603,0,47,0,128,1,"[47,-16,2,0,0,0,0,0,0,0,-2,1,-8,7,-7,7,-7,7,-7,7,-6,6,-6,6,-6,6,-5,5,-5,5,-4,5,-4,5,-4,5,-3,5,-3,4,-2,4,-2,4,-2,4,-1,4,-1,4,-1,4,-1,4,0,4,0,4,1,4,1,4,1,4,0,2,2,4,2,4,2,4,2,4,2,4,2,5,2,5,3,5,3,5,3,6,3,6,3,6,3,6,3,6,3,6,3,7,3,7,2,7,2,7,1,7,1,7,1,7,1,7,1,7,0,7,-1,7,-1,1,0,0,0,0,0,0,0,0]"
2026-06-22 03:03:39.407378,CSI_DATA,32924,1a:00:00:00:00:00,-59,11,1,0,1,1,1,0,0,0,0,-97,0,11,2,44675626,0,47,0,128,1,"[47,-16,2,0,0,0,0,0,0,0,0,2,3,11,3,11,3,10,3,10,2,9,2,9,2,8,2,8,2,7,2,7,2,6,3,6,3,5,3,5,3,5,3,4,3,4,3,3,3,3,3,3,3,2,4,2,4,2,4,1,5,1,5,1,2,0,5,0,5,0,6,0,6,0,6,0,6,0,7,0,7,0,7,0,7,0,8,0,8,0,8,0,8,1,8,1,8,1,8,1,8,2,8,2,8,3,8,3,8,3,8,4,8,4,7,5,7,5,1,1,0,0,0,0,0,0,0,0]"
2026-06-22 03:03:39.498708,CSI_DATA,32925,1a:00:00:00:00:00,-59,11,1,0,1,1,1,0,0,0,0,-97,0,11,2,44726646,0,47,0,128,1,"[47,-16,2,0,0,0,0,0,0,0,1,-3,6,-11,6,-11,6,-10,6,-10,5,-10,5,-9,5,-8,5,-8,4,-8,3,-7,3,-8,3,-7,2,-7,2,-7,2,-7,1,-6,0,-6,0,-6,0,-6,0,-6,0,-6,-1,-6,-1,-6,-2,-6,-2,-6,-2,-6,-2,-3,-3,-6,-3,-6,-4,-6,-4,-6,-4,-6,-4,-7,-4,-7,-4,-7,-4,-7,-5,-7,-5,-7,-4,-8,-4,-8,-4,-8,-4,-8,-4,-9,-4,-9,-4,-9,-3,-9,-3,-9,-2,-10,-2,-10,-2,-10,-1,-10,-1,-10,0,-10,0,-3,0,0,0,0,0,0,0,0]"
2026-06-22 03:03:39.512798,CSI_DATA,32926,1a:00:00:00:00:00,-59,11,1,0,1,1,1,0,0,0,0,-97,0,11,2,44777622,0,47,0,128,1,"[47,-16,2,0,0,0,0,0,0,0,-4,0,-13,1,-13,2,-12,2,-12,2,-11,1,-11,1,-10,1,-9,1,-9,1,-8,2,-8,2,-8,2,-7,2,-7,2,-6,2,-6,2,-5,2,-5,3,-5,3,-5,3,-4,3,-4,3,-3,4,-3,4,-3,4,-3,5,-2,2,-2,5,-2,5,-2,5,-2,6,-2,6,-2,6,-2,7,-2,7,-2,7,-2,7,-2,7,-2,7,-3,8,-3,7,-3,7,-3,8,-4,8,-4,8,-4,7,-5,7,-5,7,-5,7,-6,7,-6,7,-6,6,-7,6,-2,1,0,0,0,0,0,0,0,0]"
2026-06-22 03:03:39.611397,CSI_DATA,32927,1a:00:00:00:00:00,-59,11,1,0,1,1,1,0,0,0,0,-97,0,11,2,44830685,0,47,0,128,1,"[47,-16,2,0,0,0,0,0,0,0,-4,0,-13,0,-13,0,-12,1,-12,0,-11,0,-11,0,-10,0,-9,0,-9,0,-9,0,-8,0,-8,1,-7,1,-7,1,-7,1,-6,2,-6,2,-5,2,-5,2,-5,2,-5,3,-4,3,-4,3,-4,3,-4,4,-4,4,-2,2,-3,4,-3,5,-3,5,-3,5,-3,5,-3,6,-3,6,-3,6,-3,6,-3,6,-4,6,-4,6,-4,6,-4,6,-4,7,-5,7,-5,7,-5,6,-6,6,-6,6,-6,6,-7,5,-7,5,-7,5,-8,4,-8,4,-2,1,0,0,0,0,0,0,0,0]"
2026-06-22 03:03:39.624406,CSI_DATA,32928,1a:00:00:00:00:00,-59,11,1,0,1,1,1,0,0,0,0,-97,0,11,2,44879624,0,47,0,128,1,"[47,-16,2,0,0,0,0,0,0,0,3,0,12,1,11,1,11,0,11,0,10,1,9,1,9,0,8,0,8,0,7,0,7,-1,7,-1,6,-1,6,-1,5,-1,5,-2,4,-2,4,-2,4,-2,4,-3,4,-3,3,-3,3,-4,3,-4,3,-4,3,-4,1,-3,2,-5,3,-5,3,-5,2,-5,3,-6,3,-6,3,-6,3,-6,3,-7,3,-7,3,-7,4,-7,4,-7,4,-7,4,-7,4,-7,4,-7,5,-7,5,-6,6,-6,6,-6,6,-6,6,-5,7,-5,7,-5,7,-5,1,-1,0,0,0,0,0,0,0,0]"
2026-06-22 03:03:39.664400,CSI_DATA,32929,1a:00:00:00:00:00,-60,11,1,0,1,1,1,0,0,0,0,-97,0,11,2,44930624,0,47,0,128,1,"[47,-16,2,0,0,0,0,0,0,0,2,1,10,7,9,6,9,6,9,5,8,5,7,5,7,5,6,5,6,4,6,3,6,3,6,3,6,2,5,2,5,1,5,1,5,1,4,0,4,0,4,0,4,0,4,-1,4,-1,4,-2,4,-2,4,-2,2,-1,4,-3,5,-3,5,-3,5,-3,5,-3,5,-4,5,-4,5,-4,5,-4,6,-4,6,-4,6,-4,6,-4,7,-4,7,-4,7,-3,7,-3,7,-3,7,-2,7,-2,8,-2,8,-1,8,-1,8,0,7,0,7,0,1,0,0,0,0,0,0,0,0,0]"
2026-06-22 03:03:39.713227,CSI_DATA,32930,1a:00:00:00:00:00,-60,11,1,0,1,1,1,0,0,0,0,-97,0,11,2,44981612,0,47,0,128,1,"[47,-16,2,0,0,0,0,0,0,0,-1,3,-4,11,-4,11,-3,11,-3,10,-3,9,-3,9,-3,8,-3,8,-2,7,-2,7,-2,7,-2,6,-1,6,-1,5,-1,5,0,5,0,5,0,4,1,4,1,4,1,4,1,4,2,3,2,3,2,3,3,3,1,1,3,3,4,3,4,3,4,3,4,3,4,3,4,3,5,3,5,3,5,3,5,3,5,3,5,3,5,4,5,4,5,4,5,5,5,5,5,6,5,6,4,6,4,6,4,6,4,6,3,7,3,7,0,1,0,0,0,0,0,0,0,0]"
2026-06-22 03:03:39.822487,CSI_DATA,32932,1a:00:00:00:00:00,-60,11,1,0,1,1,1,0,0,0,0,-97,0,11,2,45083628,0,47,0,128,1,"[47,-16,2,0,0,0,0,0,0,0,-1,2,-2,11,-1,11,-1,10,-1,10,-1,9,-1,9,-1,8,-1,8,-1,7,-1,7,0,6,0,6,0,5,0,5,1,5,1,4,1,4,1,3,2,3,2,3,2,3,2,3,3,2,3,2,3,2,4,2,2,1,4,1,4,1,5,1,5,1,5,1,5,1,6,1,6,1,6,1,6,1,7,1,6,1,7,1,7,2,7,2,7,2,7,2,7,3,7,3,7,4,7,4,7,4,7,4,6,4,6,5,5,5,1,1,0,0,0,0,0,0,0,0]"
2026-06-22 03:03:39.869864,CSI_DATA,32933,1a:00:00:00:00:00,-60,11,1,0,1,1,1,0,0,0,0,-97,0,11,2,45134611,0,47,0,128,1,"[47,-16,2,0,0,0,0,0,0,0,-3,-2,-11,-6,-11,-6,-10,-6,-10,-5,-9,-5,-9,-5,-8,-5,-8,-5,-7,-4,-7,-3,-7,-3,-7,-3,-6,-3,-6,-2,-6,-2,-5,-1,-5,-1,-5,-1,-5,0,-5,0,-4,0,-4,1,-4,1,-4,1,-4,2,-4,2,-2,1,-4,3,-4,3,-4,3,-4,3,-4,4,-4,4,-4,4,-4,4,-4,4,-4,5,-5,5,-5,5,-5,5,-5,5,-5,5,-6,5,-6,5,-6,5,-6,4,-7,4,-7,4,-7,4,-7,4,-7,3,-8,3,-8,2,-2,0,0,0,0,0,0,0,0,0]"
2026-06-22 03:03:39.972978,CSI_DATA,32934,1a:00:00:00:00:00,-61,11,1,0,1,1,1,0,0,0,0,-97,0,11,2,45185615,0,47,0,128,1,"[47,-16,2,0,0,0,0,0,0,0,3,-1,11,-2,11,-2,11,-2,10,-2,10,-2,9,-1,8,-1,8,-1,7,-1,7,-2,6,-2,6,-2,5,-2,5,-2,4,-2,4,-2,3,-2,3,-3,3,-3,3,-3,2,-3,2,-3,2,-3,1,-4,1,-4,1,-4,0,-2,1,-5,1,-5,0,-5,0,-5,0,-6,0,-6,0,-6,0,-6,0,-6,0,-7,0,-7,0,-7,0,-7,0,-7,1,-8,1,-8,1,-8,1,-8,2,-8,2,-8,3,-8,3,-8,3,-7,4,-7,4,-7,4,-7,1,-2,0,0,0,0,0,0,0,0]"
2026-06-22 03:03:39.993391,CSI_DATA,32935,1a:00:00:00:00:00,-60,11,1,0,1,1,1,0,0,0,0,-97,0,11,2,45236619,0,47,0,128,1,"[47,-16,2,0,0,0,0,0,0,0,-3,-3,-10,-9,-10,-8,-10,-8,-9,-8,-8,-8,-8,-7,-7,-7,-7,-6,-7,-6,-7,-5,-6,-5,-6,-5,-6,-4,-6,-4,-5,-4,-5,-3,-5,-3,-5,-2,-5,-2,-5,-2,-5,-1,-5,-1,-5,-1,-5,0,-5,0,-5,0,-3,0,-5,1,-5,1,-5,1,-5,2,-5,2,-5,2,-5,2,-6,2,-6,2,-6,2,-6,3,-6,3,-6,3,-7,3,-7,3,-7,3,-8,2,-8,2,-8,2,-8,1,-8,1,-8,1,-9,1,-8,0,-8,-1,-8,-1,-2,-1,0,0,0,0,0,0,0,0]"
2026-06-22 03:03:40.076707,CSI_DATA,32936,1a:00:00:00:00:00,-60,11,1,0,1,1,1,0,0,0,0,-97,0,11,2,45287626,0,47,0,128,1,"[47,-16,2,0,0,0,0,0,0,0,-2,-3,-7,-9,-7,-9,-7,-8,-7,-8,-6,-8,-6,-7,-6,-7,-5,-7,-5,-6,-5,-6,-5,-5,-5,-5,-5,-4,-5,-4,-5,-4,-4,-4,-4,-3,-4,-3,-4,-2,-4,-2,-4,-2,-4,-2,-4,-1,-4,-1,-5,0,-5,0,-3,0,-5,0,-5,0,-5,1,-5,1,-5,1,-6,1,-6,1,-6,1,-6,1,-6,1,-6,1,-7,1,-7,1,-7,1,-7,1,-7,1,-8,1,-8,0,-8,0,-8,-1,-8,-1,-8,-1,-8,-1,-8,-2,-8,-2,-8,-3,-2,-1,0,0,0,0,0,0,0,0]"
2026-06-22 03:03:40.100879,CSI_DATA,32937,1a:00:00:00:00:00,-59,11,1,0,1,1,1,0,0,0,0,-97,0,11,2,45338607,0,47,0,128,1,"[47,-16,2,0,0,0,0,0,0,0,-4,0,-13,2,-12,2,-12,2,-12,2,-11,2,-10,2,-10,2,-9,1,-9,1,-8,2,-8,2,-7,2,-7,2,-7,2,-6,2,-6,2,-5,2,-5,2,-5,2,-4,2,-4,3,-4,3,-4,3,-3,3,-3,4,-3,4,-1,2,-2,4,-2,4,-2,5,-2,5,-2,5,-2,5,-2,5,-2,6,-2,6,-2,6,-2,6,-2,6,-2,7,-3,7,-3,7,-3,7,-3,7,-3,7,-4,7,-4,7,-5,7,-5,6,-5,6,-6,6,-6,6,-6,6,-2,1,0,0,0,0,0,0,0,0]"
2026-06-22 03:03:40.169877,CSI_DATA,32938,1a:00:00:00:00:00,-59,11,1,0,1,1,1,0,0,0,0,-97,0,11,2,45389661,0,47,0,128,1,"[47,-16,2,0,0,0,0,0,0,0,2,-2,10,-5,9,-5,9,-5,9,-5,8,-5,8,-4,7,-4,7,-4,6,-4,6,-4,6,-4,5,-4,5,-4,4,-4,4,-4,3,-4,3,-4,3,-4,2,-4,2,-4,2,-4,2,-4,1,-4,1,-5,0,-5,0,-5,0,-3,0,-5,0,-5,0,-5,-1,-5,-1,-6,-1,-6,-1,-6,-1,-6,-1,-7,-1,-7,-1,-7,-1,-7,-1,-7,-1,-8,0,-8,0,-8,0,-8,0,-8,1,-8,1,-8,2,-8,2,-8,2,-8,2,-8,3,-8,3,-8,0,-2,0,0,0,0,0,0,0,0]"
2026-06-22 03:03:40.184753,CSI_DATA,32939,1a:00:00:00:00:00,-59,11,1,0,1,1,1,0,0,0,0,-97,0,11,2,45440623,0,47,0,128,1,"[47,-16,2,0,0,0,0,0,0,0,-3,-1,-11,-3,-11,-3,-11,-3,-10,-3,-10,-3,-9,-3,-9,-3,-8,-3,-8,-2,-8,-2,-7,-2,-7,-2,-7,-1,-6,-1,-6,-1,-6,0,-5,0,-5,0,-5,1,-5,1,-5,1,-4,1,-4,1,-4,2,-4,2,-4,2,-2,1,-4,3,-4,3,-4,3,-4,3,-4,4,-4,4,-4,4,-4,4,-4,4,-4,5,-4,5,-4,5,-5,5,-5,5,-5,5,-5,5,-5,5,-6,5,-6,5,-6,4,-6,4,-7,4,-7,4,-7,4,-7,3,-8,3,-2,0,0,0,0,0,0,0,0,0]"
2026-06-22 03:03:40.229262,CSI_DATA,32940,1a:00:00:00:00:00,-60,11,1,0,1,1,1,0,0,0,0,-97,0,11,2,45491608,0,47,0,128,1,"[47,-16,2,0,0,0,0,0,0,0,2,0,9,3,9,3,9,2,9,2,8,2,8,2,7,2,7,2,6,2,6,1,6,1,6,1,5,0,5,0,4,0,4,-1,4,-1,4,-1,4,-1,3,-2,3,-2,3,-2,3,-2,3,-3,2,-3,2,-3,1,-2,2,-4,2,-4,2,-4,2,-5,2,-5,2,-5,2,-5,2,-5,2,-6,2,-6,2,-6,3,-6,3,-6,3,-6,3,-6,3,-7,3,-7,4,-6,4,-6,4,-6,5,-6,5,-6,5,-6,5,-5,6,-5,6,-4,1,-1,0,0,0,0,0,0,0,0]"
2026-06-22 03:03:40.278523,CSI_DATA,32941,1a:00:00:00:00:00,-60,11,1,0,1,1,1,0,0,0,0,-97,0,11,2,45542612,0,47,0,128,1,"[47,-16,2,0,0,0,0,0,0,0,-3,-2,-12,-6,-11,-5,-11,-5,-11,-5,-10,-5,-9,-4,-9,-4,-8,-4,-8,-4,-8,-3,-7,-3,-7,-3,-7,-2,-7,-2,-6,-2,-6,-1,-6,-1,-5,-1,-5,0,-5,0,-5,1,-5,1,-4,1,-4,2,-4,2,-4,2,-2,1,-4,3,-4,3,-4,3,-4,4,-4,4,-4,4,-4,4,-4,5,-4,5,-4,5,-4,5,-5,5,-5,5,-5,5,-5,5,-6,5,-6,5,-6,5,-6,5,-7,5,-7,4,-7,4,-8,4,-8,4,-8,3,-8,2,-2,0,0,0,0,0,0,0,0,0]"
2026-06-22 03:03:40.327485,CSI_DATA,32942,1a:00:00:00:00:00,-60,11,1,0,1,1,1,0,0,0,0,-97,0,11,2,45593624,0,47,0,128,1,"[47,-16,2,0,0,0,0,0,0,0,-4,-1,-12,-1,-12,0,-11,0,-11,0,-11,0,-10,0,-9,0,-9,0,-8,0,-8,0,-7,0,-7,0,-7,1,-6,1,-6,1,-5,1,-5,1,-5,1,-4,2,-4,2,-4,2,-4,2,-3,3,-3,3,-3,3,-3,4,-1,2,-2,4,-2,4,-2,5,-2,5,-2,5,-2,5,-2,6,-2,6,-2,6,-2,6,-2,6,-2,6,-2,7,-3,7,-3,7,-3,7,-3,7,-4,7,-4,7,-5,7,-5,7,-5,7,-6,6,-6,6,-6,6,-6,5,-2,1,0,0,0,0,0,0,0,0]"
2026-06-22 03:03:40.380870,CSI_DATA,32943,1a:00:00:00:00:00,-60,11,1,0,1,1,1,0,0,0,0,-97,0,11,2,45644630,0,47,0,128,1,"[47,-16,2,0,0,0,0,0,0,0,2,0,11,0,11,0,10,0,10,0,9,0,9,0,8,0,7,0,7,0,7,-1,6,-1,6,-1,6,-1,5,-1,5,-2,5,-2,4,-2,4,-2,4,-3,3,-3,3,-3,3,-3,3,-4,2,-4,2,-4,2,-4,1,-3,2,-5,2,-5,2,-6,2,-6,2,-6,2,-6,2,-7,2,-7,2,-7,2,-7,2,-7,3,-7,3,-8,3,-7,3,-7,3,-7,4,-7,4,-7,4,-7,5,-7,5,-7,5,-6,6,-6,6,-6,6,-6,6,-5,1,-2,0,0,0,0,0,0,0,0]"
2026-06-22 03:03:40.430289,CSI_DATA,32944,1a:00:00:00:00:00,-60,11,1,0,1,1,1,0,0,0,0,-97,0,11,2,45695632,0,47,0,128,1,"[47,-16,2,0,0,0,0,0,0,0,-3,0,-12,3,-11,3,-11,3,-10,3,-10,3,-9,2,-9,2,-8,2,-8,2,-7,2,-7,2,-7,2,-6,2,-6,2,-5,2,-5,3,-4,3,-4,3,-3,3,-3,3,-3,3,-3,3,-2,4,-2,4,-2,4,-1,4,-1,2,-1,5,-1,5,-1,5,0,5,0,5,0,6,0,6,0,6,0,6,0,7,0,7,0,7,-1,7,-1,7,-1,7,-1,8,-1,8,-2,8,-2,8,-3,8,-3,8,-3,7,-4,7,-4,7,-4,7,-5,7,-2,1,0,0,0,0,0,0,0,0]"
2026-06-22 03:03:40.516788,CSI_DATA,32945,1a:00:00:00:00:00,-60,11,1,0,1,1,1,0,0,0,0,-97,0,11,2,45746626,0,47,0,128,1,"[47,-16,2,0,0,0,0,0,0,0,2,-3,8,-9,7,-9,7,-9,7,-8,7,-8,6,-7,6,-7,5,-6,5,-6,4,-6,4,-6,3,-6,3,-6,3,-6,2,-5,2,-5,1,-5,1,-5,0,-5,0,-5,0,-5,0,-5,-1,-5,-1,-5,-2,-5,-2,-5,-1,-3,-3,-5,-3,-5,-3,-5,-3,-5,-3,-6,-4,-6,-4,-6,-4,-6,-4,-6,-4,-6,-4,-7,-4,-7,-4,-7,-4,-7,-4,-7,-4,-8,-4,-8,-4,-8,-3,-8,-3,-9,-2,-9,-2,-9,-1,-9,-1,-9,-1,-9,0,-9,0,-3,0,0,0,0,0,0,0,0]"
2026-06-22 03:03:40.534508,CSI_DATA,32946,1a:00:00:00:00:00,-60,11,1,0,1,1,1,0,0,0,0,-97,0,11,2,45797616,0,47,0,128,1,"[47,-16,2,0,0,0,0,0,0,0,-1,2,-3,10,-2,10,-2,9,-2,9,-2,8,-2,8,-2,7,-2,7,-2,6,-1,6,-1,6,-1,5,0,5,0,5,0,5,0,4,0,4,0,3,1,3,1,3,1,3,1,3,2,3,2,2,2,2,3,2,1,1,3,2,3,2,4,2,4,2,4,2,4,2,4,2,4,2,4,2,5,2,5,2,5,2,5,2,5,3,5,3,5,4,5,4,5,4,5,5,4,5,4,5,4,5,4,5,4,5,4,6,3,6,0,1,0,0,0,0,0,0,0,0]"
2026-06-22 03:03:40.620798,CSI_DATA,32947,1a:00:00:00:00:00,-60,11,1,0,1,1,1,0,0,0,0,-97,0,11,2,45848600,0,47,0,128,1,"[47,-16,2,0,0,0,0,0,0,0,-2,-3,-7,-10,-7,-10,-7,-9,-7,-9,-6,-9,-6,-8,-5,-8,-5,-7,-5,-7,-5,-6,-5,-6,-5,-6,-5,-5,-5,-4,-5,-4,-5,-4,-5,-3,-5,-3,-5,-2,-5,-2,-5,-2,-5,-1,-5,-1,-5,-1,-5,0,-5,0,-3,0,-6,0,-6,1,-6,1,-6,1,-6,1,-6,1,-7,1,-7,2,-7,2,-7,2,-7,2,-7,2,-7,2,-8,1,-8,1,-8,1,-9,1,-9,1,-9,0,-9,0,-9,-1,-9,-1,-9,-1,-9,-1,-9,-2,-9,-3,-3,-1,0,0,0,0,0,0,0,0]"
2026-06-22 03:03:40.633852,CSI_DATA,32948,1a:00:00:00:00:00,-60,11,1,0,1,1,1,0,0,0,0,-97,0,11,2,45899610,0,47,0,128,1,"[47,-16,2,0,0,0,0,0,0,0,2,1,8,7,8,7,8,6,8,6,7,6,7,6,6,5,6,5,5,4,5,4,5,3,5,3,5,2,5,2,5,2,5,1,4,1,4,0,4,0,4,0,4,-1,4,-1,4,-1,4,-2,4,-2,4,-2,2,-2,4,-3,4,-3,4,-4,4,-4,4,-4,4,-4,4,-4,5,-4,5,-5,5,-5,5,-5,5,-5,5,-5,6,-5,6,-5,6,-5,6,-5,6,-5,7,-4,7,-3,7,-3,8,-3,8,-3,8,-3,8,-2,8,-2,2,-1,0,0,0,0,0,0,0,0]"
2026-06-22 03:03:40.682458,CSI_DATA,32949,1a:00:00:00:00:00,-60,11,1,0,1,1,1,0,0,0,0,-97,0,11,2,45950629,0,47,0,128,1,"[47,-16,2,0,0,0,0,0,0,0,-1,2,-4,11,-3,10,-3,10,-3,9,-3,9,-3,8,-3,8,-2,8,-2,7,-2,7,-1,6,-1,6,-1,6,-1,5,0,5,0,5,1,4,1,4,1,4,1,4,1,4,2,3,2,3,2,3,3,3,3,3,1,1,4,3,4,3,4,2,4,2,4,2,5,3,5,3,5,3,5,3,6,3,6,3,6,3,6,3,6,4,6,4,6,4,6,5,6,5,5,5,5,6,5,6,5,6,5,6,4,7,4,7,4,7,1,1,0,0,0,0,0,0,0,0]"
2026-06-22 03:03:40.738844,CSI_DATA,32950,1a:00:00:00:00:00,-60,11,1,0,1,1,1,0,0,0,0,-97,0,11,2,46001616,0,47,0,128,1,"[47,-16,2,0,0,0,0,0,0,0,-3,0,-12,0,-12,1,-11,1,-11,1,-10,0,-10,0,-9,0,-9,0,-8,1,-8,1,-7,1,-7,1,-7,1,-6,1,-6,2,-5,2,-5,2,-5,2,-4,2,-4,3,-4,3,-4,3,-3,3,-3,4,-3,4,-3,4,-2,2,-2,4,-2,5,-2,5,-2,5,-2,5,-2,6,-2,6,-2,6,-2,6,-2,6,-2,7,-3,7,-3,7,-3,7,-3,7,-3,7,-4,7,-4,7,-5,7,-5,7,-5,7,-5,6,-6,6,-6,6,-7,5,-7,5,-2,1,0,0,0,0,0,0,0,0]"
2026-06-22 03:03:40.788839,CSI_DATA,32951,1a:00:00:00:00:00,-59,11,1,0,1,1,1,0,0,0,0,-97,0,11,2,46052628,0,47,0,128,1,"[47,-16,2,0,0,0,0,0,0,0,-1,-4,-2,-12,-3,-12,-3,-12,-2,-11,-2,-11,-2,-10,-2,-9,-2,-9,-2,-8,-2,-8,-2,-8,-3,-7,-3,-7,-3,-6,-3,-6,-3,-6,-3,-5,-3,-5,-4,-4,-4,-4,-4,-4,-4,-3,-4,-3,-5,-3,-5,-3,-5,-3,-3,-1,-6,-2,-6,-2,-6,-2,-6,-2,-6,-2,-7,-2,-7,-2,-7,-2,-7,-2,-8,-2,-8,-2,-8,-2,-8,-2,-8,-2,-8,-3,-8,-3,-8,-3,-8,-3,-8,-4,-8,-5,-8,-5,-8,-5,-8,-5,-8,-5,-7,-6,-7,-6,-2,-2,0,0,0,0,0,0,0,0]"
2026-06-22 03:03:40.843067,CSI_DATA,32952,1a:00:00:00:00:00,-59,11,1,0,1,1,1,0,0,0,0,-97,0,11,2,46103616,0,47,0,128,1,"[47,-16,2,0,0,0,0,0,0,0,-1,-3,-3,-12,-4,-12,-4,-11,-3,-11,-3,-11,-3,-10,-3,-9,-3,-9,-3,-8,-3,-8,-3,-8,-3,-7,-3,-7,-3,-6,-3,-6,-4,-6,-4,-5,-4,-4,-4,-4,-4,-4,-4,-4,-4,-3,-5,-3,-5,-3,-5,-3,-5,-3,-3,-1,-6,-2,-6,-2,-6,-2,-6,-1,-6,-1,-7,-1,-7,-1,-7,-1,-7,-1,-7,-2,-8,-1,-8,-2,-8,-2,-8,-2,-8,-2,-8,-3,-9,-3,-9,-3,-8,-4,-8,-4,-8,-4,-8,-5,-8,-5,-8,-5,-7,-6,-7,-6,-2,-2,0,0,0,0,0,0,0,0]"
2026-06-22 03:03:40.888433,CSI_DATA,32953,1a:00:00:00:00:00,-60,11,1,0,1,1,1,0,0,0,0,-97,0,11,2,46154612,0,47,0,128,1,"[47,-16,2,0,0,0,0,0,0,0,-3,-3,-9,-9,-9,-8,-9,-8,-9,-7,-8,-7,-8,-7,-7,-6,-7,-6,-6,-6,-6,-5,-6,-5,-6,-4,-6,-4,-6,-4,-6,-3,-5,-3,-5,-2,-5,-2,-5,-2,-6,-1,-6,-1,-5,-1,-5,0,-5,0,-5,0,-5,0,-3,0,-6,1,-6,1,-6,2,-6,2,-6,2,-6,2,-6,2,-6,2,-7,2,-7,2,-7,2,-7,2,-7,2,-7,2,-8,2,-8,2,-8,2,-8,1,-8,1,-9,0,-9,0,-9,0,-9,0,-9,-1,-9,-1,-8,-2,-2,-1,0,0,0,0,0,0,0,0]"
2026-06-22 03:03:40.964251,CSI_DATA,32954,1a:00:00:00:00:00,-60,11,1,0,1,1,1,0,0,0,0,-97,0,11,2,46205631,0,47,0,128,1,"[47,-16,2,0,0,0,0,0,0,0,-2,2,-6,8,-6,8,-5,8,-5,7,-5,7,-5,7,-5,6,-4,6,-4,6,-4,5,-3,5,-3,5,-2,5,-2,4,-2,4,-2,4,-1,4,-1,4,-1,4,0,4,0,4,0,3,0,3,1,3,1,3,1,3,0,1,2,3,2,3,2,3,3,4,3,4,3,4,3,4,3,4,3,4,3,4,3,5,3,5,3,5,3,5,3,5,3,6,3,6,3,6,2,6,2,7,2,7,2,7,1,7,1,7,1,7,0,7,0,1,0,0,0,0,0,0,0,0]"
2026-06-22 03:03:40.988254,CSI_DATA,32955,1a:00:00:00:00:00,-60,11,1,0,1,1,1,0,0,0,0,-97,0,11,2,46256611,0,47,0,128,1,"[47,-16,2,0,0,0,0,0,0,0,2,2,8,8,8,8,8,7,7,7,6,7,6,6,6,6,5,5,5,5,5,4,5,4,5,4,5,3,5,3,4,2,4,2,4,1,4,1,4,1,4,0,4,0,4,0,4,-1,4,-1,4,-1,4,-1,2,-1,4,-2,5,-3,4,-3,4,-3,5,-3,5,-3,5,-3,5,-4,5,-4,6,-4,6,-4,6,-4,6,-4,6,-4,7,-4,7,-3,7,-3,7,-3,7,-3,8,-2,8,-2,8,-2,8,-1,8,-1,8,0,8,0,2,0,0,0,0,0,0,0,0,0]"
2026-06-22 03:03:41.088227,CSI_DATA,32956,1a:00:00:00:00:00,-60,11,1,0,1,1,1,0,0,0,0,-97,0,11,2,46307604,0,47,0,128,1,"[47,-16,2,0,0,0,0,0,0,0,2,-1,11,-2,11,-2,10,-2,10,-2,9,-2,9,-1,8,-1,7,-1,7,-2,6,-2,6,-2,6,-2,5,-2,5,-3,5,-3,4,-3,3,-3,3,-3,3,-3,3,-3,3,-3,2,-4,2,-4,2,-4,2,-5,2,-5,0,-3,1,-5,1,-6,1,-6,0,-6,0,-6,1,-6,1,-7,1,-7,1,-7,1,-7,1,-7,1,-7,1,-8,1,-8,2,-8,2,-8,2,-8,2,-8,3,-8,3,-8,4,-7,4,-7,4,-7,4,-7,5,-7,5,-7,1,-2,0,0,0,0,0,0,0,0]"
2026-06-22 03:03:41.104078,CSI_DATA,32957,1a:00:00:00:00:00,-60,11,1,0,1,1,1,0,0,0,0,-97,0,11,2,46358600,0,47,0,128,1,"[47,-16,2,0,0,0,0,0,0,0,-2,-3,-6,-11,-6,-10,-6,-10,-6,-9,-6,-9,-5,-9,-5,-8,-5,-8,-5,-7,-5,-6,-5,-6,-5,-6,-5,-5,-5,-5,-5,-4,-5,-4,-5,-3,-5,-3,-5,-2,-5,-2,-5,-2,-5,-2,-5,-1,-5,-1,-5,-1,-5,-1,-3,0,-6,0,-6,0,-6,1,-6,1,-6,1,-6,1,-7,1,-7,1,-7,1,-7,1,-7,1,-7,1,-7,1,-8,1,-8,1,-8,1,-8,1,-8,0,-8,0,-8,-1,-8,-1,-8,-1,-9,-1,-9,-1,-8,-2,-8,-3,-2,-1,0,0,0,0,0,0,0,0]"
2026-06-22 03:03:41.183943,CSI_DATA,32958,1a:00:00:00:00:00,-60,11,1,0,1,1,1,0,0,0,0,-97,0,11,2,46409664,0,47,0,128,1,"[47,-16,2,0,0,0,0,0,0,0,1,1,7,7,7,6,7,6,6,5,6,5,5,5,5,5,5,4,4,4,4,3,4,3,4,3,4,2,4,2,4,2,4,1,4,1,3,0,3,0,3,0,3,0,3,0,3,-1,3,-2,3,-2,3,-2,1,-1,3,-2,3,-3,3,-3,3,-3,3,-3,3,-4,4,-4,4,-4,4,-4,4,-4,4,-4,4,-4,4,-4,5,-4,5,-4,5,-4,5,-4,6,-4,6,-3,6,-3,6,-3,6,-3,6,-3,7,-2,7,-2,6,-1,1,-1,0,0,0,0,0,0,0,0]"
2026-06-22 03:03:41.205526,CSI_DATA,32959,1a:00:00:00:00:00,-60,11,1,0,1,1,1,0,0,0,0,-97,0,11,2,46460603,0,47,0,128,1,"[47,-16,2,0,0,0,0,0,0,0,-3,1,-11,5,-10,6,-10,6,-9,5,-9,5,-8,4,-8,4,-8,4,-7,4,-7,4,-6,4,-6,4,-6,4,-5,3,-5,3,-4,3,-3,3,-3,3,-3,3,-3,3,-3,3,-2,4,-2,4,-1,4,-1,4,-1,4,-1,2,0,4,0,4,0,4,0,5,0,5,0,5,1,5,1,6,1,6,1,6,1,6,0,6,0,7,0,7,0,7,0,7,0,7,0,7,-1,7,-1,7,-2,7,-2,7,-2,7,-3,7,-3,7,-4,7,-1,1,0,0,0,0,0,0,0,0]"
2026-06-22 03:03:41.298760,CSI_DATA,32960,1a:00:00:00:00:00,-60,11,1,0,1,1,1,0,0,0,0,-97,0,11,2,46511610,0,47,0,128,1,"[47,-16,2,0,0,0,0,0,0,0,-3,2,-9,8,-8,8,-8,7,-8,7,-7,7,-7,6,-7,6,-6,5,-6,5,-5,5,-5,5,-4,5,-4,5,-3,4,-3,4,-3,4,-2,4,-2,4,-1,4,-1,4,-1,4,-1,4,0,4,0,4,1,4,1,4,0,2,1,4,2,4,2,4,2,4,2,4,2,4,3,5,3,5,3,5,3,5,3,5,3,5,3,6,3,6,3,6,3,7,2,7,2,7,2,7,1,7,1,8,1,8,0,8,0,8,-1,8,-1,8,-1,2,0,0,0,0,0,0,0,0]"
2026-06-22 03:03:41.315245,CSI_DATA,32961,1a:00:00:00:00:00,-60,11,1,0,1,1,1,0,0,0,0,-97,0,11,2,46562623,0,47,0,128,1,"[47,-16,2,0,0,0,0,0,0,0,-3,-2,-9,-8,-9,-8,-9,-7,-9,-7,-8,-7,-8,-7,-7,-6,-7,-5,-7,-5,-7,-5,-7,-4,-6,-4,-6,-3,-6,-3,-6,-3,-5,-2,-5,-2,-5,-1,-5,-1,-5,-1,-5,-1,-5,0,-5,0,-5,1,-5,1,-5,1,-3,1,-5,2,-5,2,-5,2,-5,2,-5,3,-5,3,-6,3,-6,3,-6,3,-6,3,-6,4,-6,4,-7,4,-7,4,-7,3,-7,3,-8,3,-8,3,-8,2,-8,2,-8,2,-8,2,-9,1,-9,1,-9,1,-9,0,-3,0,0,0,0,0,0,0,0,0]"
2026-06-22 03:03:41.348187,CSI_DATA,32962,1a:00:00:00:00:00,-60,11,1,0,1,1,1,0,0,0,0,-97,0,11,2,46613619,0,47,0,128,1,"[47,-16,2,0,0,0,0,0,0,0,2,1,9,6,9,6,8,6,8,6,8,5,7,5,6,5,6,4,6,4,5,3,5,3,5,3,5,2,5,2,5,1,5,1,4,1,4,0,4,0,4,-1,4,-1,4,-1,4,-1,4,-2,4,-2,4,-2,2,-2,4,-3,4,-3,4,-4,4,-4,4,-4,4,-4,4,-4,4,-4,5,-4,5,-5,5,-5,5,-5,6,-5,6,-5,6,-5,6,-5,6,-5,7,-4,7,-4,7,-3,7,-3,8,-3,8,-2,8,-2,8,-1,7,-1,1,-1,0,0,0,0,0,0,0,0]"
2026-06-22 03:03:41.411691,CSI_DATA,32963,1a:00:00:00:00:00,-60,11,1,0,1,1,1,0,0,0,0,-97,0,11,2,46664627,0,47,0,128,1,"[47,-16,2,0,0,0,0,0,0,0,-3,-1,-12,-2,-12,-2,-11,-2,-11,-2,-10,-2,-10,-2,-9,-2,-9,-1,-8,-1,-8,-1,-7,0,-7,0,-7,0,-6,0,-6,0,-6,1,-5,1,-5,1,-5,1,-5,2,-4,2,-4,2,-4,2,-4,3,-3,3,-3,3,-2,2,-3,4,-3,4,-3,4,-3,4,-3,5,-3,5,-3,5,-3,5,-3,5,-3,6,-3,6,-3,6,-4,6,-4,6,-4,6,-4,6,-5,6,-5,6,-5,6,-5,6,-6,5,-6,5,-6,5,-6,5,-7,5,-7,4,-2,1,0,0,0,0,0,0,0,0]"
2026-06-22 03:03:41.453851,CSI_DATA,32964,1a:00:00:00:00:00,-60,11,1,0,1,1,1,0,0,0,0,-97,0,11,2,46715610,0,47,0,128,1,"[47,-16,2,0,0,0,0,0,0,0,2,-1,11,-3,10,-3,10,-3,10,-3,9,-2,8,-2,8,-2,7,-2,7,-2,6,-2,6,-3,6,-3,5,-3,5,-3,4,-3,4,-3,3,-3,3,-3,3,-4,2,-4,2,-4,2,-4,1,-4,1,-4,1,-5,1,-5,0,-3,0,-6,0,-6,0,-6,0,-6,0,-6,0,-7,0,-7,0,-7,0,-7,0,-8,0,-8,0,-8,0,-8,0,-8,0,-8,0,-8,1,-9,1,-9,1,-8,2,-8,3,-8,3,-8,3,-8,3,-8,4,-8,4,-7,1,-2,0,0,0,0,0,0,0,0]"
2026-06-22 03:03:41.551731,CSI_DATA,32966,1a:00:00:00:00:00,-60,11,1,0,1,1,1,0,0,0,0,-97,0,11,2,46817620,0,47,0,128,1,"[47,-16,2,0,0,0,0,0,0,0,0,2,1,11,1,10,1,10,1,9,1,9,1,8,1,8,1,7,1,7,1,6,1,6,1,5,1,5,2,4,2,4,2,4,2,3,2,3,2,2,2,2,2,2,3,2,3,1,3,1,4,1,4,1,2,0,4,0,4,0,5,0,5,0,5,0,5,0,6,0,6,0,6,0,6,0,7,0,7,0,7,0,7,0,7,0,7,1,7,1,7,1,7,2,7,2,7,3,7,3,7,3,7,3,6,4,6,4,1,1,0,0,0,0,0,0,0,0]"
2026-06-22 03:03:41.618414,CSI_DATA,32967,1a:00:00:00:00:00,-60,11,1,0,1,1,1,0,0,0,0,-97,0,11,2,46868616,0,47,0,128,1,"[47,-16,2,0,0,0,0,0,0,0,-2,2,-8,8,-8,8,-7,8,-7,7,-7,7,-6,6,-6,6,-6,6,-5,5,-5,5,-4,5,-4,5,-4,5,-3,5,-3,4,-2,4,-2,4,-1,4,-1,4,-1,4,-1,4,0,4,0,4,0,4,1,4,1,4,0,2,2,4,2,4,2,4,2,4,2,4,2,4,3,5,3,5,3,5,3,5,3,5,3,5,3,6,3,6,3,6,3,7,3,7,3,7,2,7,2,7,1,7,1,8,1,8,0,8,0,8,0,8,-1,2,0,0,0,0,0,0,0,0]"
2026-06-22 03:03:41.716603,CSI_DATA,32969,1a:00:00:00:00:00,-60,11,1,0,1,1,1,0,0,0,0,-97,0,11,2,46970601,0,47,0,128,1,"[47,-16,2,0,0,0,0,0,0,0,-1,2,-2,11,-2,10,-1,10,-2,10,-2,9,-2,8,-2,8,-2,7,-1,7,-1,6,0,6,0,6,0,5,0,5,0,5,1,4,1,4,1,4,1,3,2,3,2,3,2,3,2,2,3,2,3,2,3,2,2,1,4,2,4,1,5,1,5,1,5,2,5,1,5,1,5,2,6,2,6,2,6,2,6,2,6,2,6,2,7,3,7,3,7,3,7,4,6,4,6,4,6,5,6,5,6,5,5,5,5,6,5,6,1,1,0,0,0,0,0,0,0,0]"
2026-06-22 03:03:41.757864,CSI_DATA,32970,1a:00:00:00:00:00,-60,11,1,0,1,1,1,0,0,0,0,-97,0,11,2,47021634,0,47,0,128,1,"[47,-16,2,0,0,0,0,0,0,0,2,-2,9,-7,9,-7,8,-7,8,-6,8,-6,7,-6,7,-5,6,-5,6,-5,5,-5,5,-5,4,-5,4,-5,3,-5,3,-5,2,-5,2,-5,2,-5,1,-5,1,-5,1,-5,0,-5,0,-5,-1,-5,-1,-5,-1,-6,-1,-3,-2,-6,-2,-6,-2,-6,-2,-6,-2,-6,-2,-6,-2,-7,-2,-7,-3,-7,-3,-7,-3,-8,-3,-8,-3,-8,-3,-8,-2,-8,-2,-9,-2,-9,-1,-9,-1,-9,-1,-9,0,-9,0,-9,0,-9,0,-9,1,-9,2,-9,0,-3,0,0,0,0,0,0,0,0]"
2026-06-22 03:03:41.831982,CSI_DATA,32971,1a:00:00:00:00:00,-60,11,1,0,1,1,1,0,0,0,0,-97,0,11,2,47072618,0,47,0,128,1,"[47,-16,2,0,0,0,0,0,0,0,1,2,7,8,7,8,7,7,7,7,6,7,6,6,5,6,5,6,5,5,5,4,5,4,5,4,5,3,5,3,4,2,4,2,4,1,4,1,4,1,4,0,4,0,4,0,4,-1,4,-1,4,-1,4,-2,2,-1,4,-2,5,-2,5,-3,5,-3,5,-3,5,-3,5,-3,6,-3,6,-3,6,-3,6,-3,6,-3,7,-3,7,-3,7,-3,7,-3,7,-2,8,-2,8,-2,8,-1,8,-1,8,0,8,0,8,0,8,1,8,1,2,0,0,0,0,0,0,0,0,0]"
2026-06-22 03:03:41.858059,CSI_DATA,32972,1a:00:00:00:00:00,-60,11,1,0,1,1,1,0,0,0,0,-97,0,11,2,47123611,0,47,0,128,1,"[47,-16,2,0,0,0,0,0,0,0,2,-2,8,-7,7,-7,7,-7,7,-7,6,-6,6,-6,6,-6,5,-5,5,-5,4,-5,4,-5,4,-5,3,-5,3,-5,2,-5,2,-5,1,-5,1,-5,1,-5,1,-5,0,-4,0,-4,0,-4,-1,-5,-1,-5,-1,-5,-1,-3,-2,-5,-2,-5,-2,-5,-2,-5,-3,-5,-3,-5,-3,-6,-3,-5,-3,-6,-3,-6,-3,-6,-3,-7,-3,-7,-3,-7,-3,-7,-3,-8,-3,-8,-2,-8,-2,-8,-1,-8,-1,-8,-1,-8,0,-8,0,-8,1,-8,1,-8,0,-2,0,0,0,0,0,0,0,0]"
2026-06-22 03:03:41.965323,CSI_DATA,32974,1a:00:00:00:00:00,-60,11,1,0,1,1,1,0,0,0,0,-97,0,11,2,47225629,0,47,0,128,1,"[47,-16,2,0,0,0,0,0,0,0,-3,-3,-9,-9,-9,-8,-9,-8,-9,-7,-8,-7,-7,-7,-7,-6,-7,-6,-7,-5,-6,-5,-6,-5,-6,-4,-6,-4,-6,-3,-6,-3,-5,-3,-5,-2,-5,-2,-5,-1,-5,-1,-5,-1,-5,0,-5,0,-5,0,-5,1,-5,1,-3,0,-5,2,-5,2,-5,2,-5,2,-5,2,-5,3,-6,3,-6,3,-6,3,-6,3,-6,3,-7,3,-7,3,-7,3,-7,3,-8,3,-8,3,-8,3,-8,2,-8,2,-8,1,-8,1,-8,1,-8,1,-9,0,-9,-1,-3,-1,0,0,0,0,0,0,0,0]"
2026-06-22 03:03:42.046809,CSI_DATA,32975,1a:00:00:00:00:00,-60,11,1,0,1,1,1,0,0,0,0,-97,0,11,2,47277269,0,47,0,128,1,"[47,-16,2,0,0,0,0,0,0,0,1,2,4,10,4,10,5,9,4,9,4,9,3,8,3,8,3,7,3,6,3,6,3,6,3,5,3,5,3,4,3,4,3,3,3,3,3,2,3,2,3,2,3,2,4,1,4,1,4,0,4,0,4,0,2,0,4,0,5,-1,5,-1,5,-1,5,-1,5,-1,6,-1,6,-1,6,-1,6,-1,7,-2,7,-2,7,-2,7,-1,7,-1,7,-1,8,0,8,0,7,1,7,1,7,1,7,2,7,2,7,2,7,3,7,3,1,0,0,0,0,0,0,0,0,0]"
2026-06-22 03:03:42.062529,CSI_DATA,32976,1a:00:00:00:00:00,-60,11,1,0,1,1,1,0,0,0,0,-97,0,11,2,47327608,0,47,0,128,1,"[47,-16,2,0,0,0,0,0,0,0,2,-1,11,-1,10,-1,10,-2,10,-2,9,-1,8,-1,8,-1,7,-1,7,-1,7,-2,6,-2,6,-2,5,-2,5,-2,5,-3,4,-3,4,-3,3,-3,3,-3,3,-3,3,-4,2,-4,2,-4,2,-4,2,-5,1,-5,0,-3,1,-5,1,-6,1,-6,1,-6,1,-6,1,-6,1,-7,1,-7,1,-7,1,-7,1,-8,1,-8,1,-8,1,-8,2,-8,2,-8,2,-8,2,-8,3,-8,3,-8,4,-8,4,-8,4,-7,5,-7,5,-7,5,-6,1,-2,0,0,0,0,0,0,0,0]"
2026-06-22 03:03:42.137960,CSI_DATA,32977,1a:00:00:00:00:00,-60,11,1,0,1,1,1,0,0,0,0,-97,0,11,2,47378642,0,47,0,128,1,"[47,-16,2,0,0,0,0,0,0,0,-3,1,-11,5,-10,5,-10,5,-9,4,-9,4,-8,4,-8,4,-8,3,-7,3,-6,3,-6,3,-6,4,-5,3,-5,3,-4,3,-4,4,-3,4,-3,4,-3,4,-2,4,-2,3,-2,4,-1,4,-1,4,-1,4,-1,4,-1,2,0,5,0,5,0,5,0,5,0,5,0,6,0,6,0,6,1,6,1,6,1,6,1,7,0,7,0,7,0,7,0,7,0,8,-1,8,-1,8,-2,8,-2,8,-3,7,-3,7,-3,8,-4,7,-4,7,-1,1,0,0,0,0,0,0,0,0]"
2026-06-22 03:03:42.170769,CSI_DATA,32978,1a:00:00:00:00:00,-59,11,1,0,1,1,1,0,0,0,0,-97,0,11,2,47429609,0,47,0,128,1,"[47,-16,2,0,0,0,0,0,0,0,-3,2,-9,11,-8,11,-7,11,-7,10,-7,9,-7,9,-6,8,-6,8,-5,7,-5,7,-4,7,-4,7,-3,7,-3,6,-2,6,-2,6,-1,5,-1,5,-1,5,0,5,0,5,0,5,1,5,1,5,2,5,2,5,1,2,3,5,3,5,3,5,4,5,4,5,4,5,4,5,4,6,5,6,5,6,5,6,5,6,5,7,5,7,5,7,5,8,5,8,4,8,4,9,3,9,3,9,3,9,2,9,2,9,1,9,1,9,0,2,0,0,0,0,0,0,0,0]"
2026-06-22 03:03:42.215253,CSI_DATA,32979,1a:00:00:00:00:00,-60,11,1,0,1,1,1,0,0,0,0,-97,0,11,2,47480605,0,47,0,128,1,"[47,-16,2,0,0,0,0,0,0,0,-1,-3,-4,-12,-4,-11,-4,-11,-4,-10,-4,-10,-3,-9,-3,-9,-3,-8,-3,-8,-3,-7,-3,-7,-4,-7,-4,-6,-3,-6,-3,-6,-4,-5,-4,-5,-4,-4,-4,-4,-4,-3,-4,-3,-4,-3,-4,-3,-5,-3,-5,-2,-5,-2,-3,-1,-6,-2,-6,-2,-6,-2,-6,-1,-6,-1,-7,-1,-7,-1,-7,-1,-7,-2,-7,-2,-8,-2,-8,-2,-8,-2,-8,-2,-8,-3,-8,-3,-8,-3,-8,-3,-8,-4,-8,-4,-8,-5,-8,-5,-7,-5,-7,-6,-7,-6,-6,-6,-2,-2,0,0,0,0,0,0,0,0]"
2026-06-22 03:03:42.265229,CSI_DATA,32980,1a:00:00:00:00:00,-60,11,1,0,1,1,1,0,0,0,0,-97,0,11,2,47531621,0,47,0,128,1,"[47,-16,2,0,0,0,0,0,0,0,-4,0,-12,3,-12,3,-11,3,-11,2,-11,2,-10,2,-10,2,-9,2,-8,2,-8,2,-8,2,-7,2,-7,2,-6,2,-6,2,-6,2,-5,3,-5,3,-4,3,-4,3,-4,3,-4,3,-3,3,-3,3,-3,4,-2,4,-1,2,-2,4,-2,4,-2,5,-2,5,-2,5,-2,5,-1,5,-1,6,-1,6,-1,6,-1,6,-2,6,-2,7,-2,7,-2,7,-3,7,-3,7,-3,7,-4,7,-4,7,-4,7,-5,7,-5,6,-5,6,-6,6,-6,6,-2,1,0,0,0,0,0,0,0,0]"
2026-06-22 03:03:42.316720,CSI_DATA,32981,1a:00:00:00:00:00,-60,11,1,0,1,1,1,0,0,0,0,-97,0,11,2,47582623,0,47,0,128,1,"[47,-16,2,0,0,0,0,0,0,0,-3,-2,-12,-6,-11,-5,-11,-5,-10,-4,-10,-4,-9,-4,-9,-4,-8,-4,-8,-3,-8,-3,-7,-3,-7,-2,-7,-2,-7,-2,-6,-2,-6,-1,-6,-1,-5,0,-5,0,-5,0,-5,1,-5,1,-5,1,-5,1,-5,2,-5,2,-3,1,-5,2,-4,3,-4,3,-4,4,-5,4,-5,4,-5,4,-5,4,-5,4,-5,4,-5,5,-5,5,-5,5,-6,5,-6,4,-7,5,-7,5,-7,4,-7,4,-7,3,-8,3,-8,3,-8,3,-8,3,-8,2,-8,1,-2,0,0,0,0,0,0,0,0,0]"
2026-06-22 03:03:42.370899,CSI_DATA,32982,1a:00:00:00:00:00,-60,11,1,0,1,1,1,0,0,0,0,-97,0,11,2,47633824,0,47,0,128,1,"[47,-16,2,0,0,0,0,0,0,0,2,2,7,9,7,8,7,8,7,7,6,7,6,7,5,6,5,6,5,5,5,5,5,4,5,4,5,4,4,3,4,3,4,2,4,2,4,2,4,1,4,1,4,1,4,0,4,0,4,-1,4,-1,4,-1,2,-1,4,-1,4,-2,4,-2,4,-2,5,-2,5,-3,5,-3,5,-3,6,-3,6,-3,6,-3,6,-3,6,-3,7,-3,7,-3,7,-2,7,-2,7,-2,8,-1,8,-1,8,-1,8,0,8,0,8,0,7,1,7,1,1,0,0,0,0,0,0,0,0,0]"
2026-06-22 03:03:42.418740,CSI_DATA,32983,1a:00:00:00:00:00,-60,11,1,0,1,1,1,0,0,0,0,-97,0,11,2,47684629,0,47,0,128,1,"[47,-16,2,0,0,0,0,0,0,0,-3,-2,-11,-6,-12,-5,-11,-5,-11,-5,-10,-5,-9,-4,-9,-4,-8,-4,-8,-4,-8,-3,-8,-3,-7,-3,-7,-3,-7,-2,-6,-2,-6,-2,-6,-1,-6,-1,-5,0,-5,0,-5,0,-5,0,-5,1,-5,1,-5,1,-5,1,-3,1,-5,2,-5,2,-5,3,-5,3,-5,3,-5,3,-5,3,-5,3,-5,4,-6,4,-6,4,-6,4,-6,4,-6,4,-7,4,-7,4,-7,4,-7,3,-7,3,-8,2,-8,2,-8,2,-8,2,-8,1,-8,0,-8,0,-2,0,0,0,0,0,0,0,0,0]"
2026-06-22 03:03:42.480463,CSI_DATA,32984,1a:00:00:00:00:00,-60,11,1,0,1,1,1,0,0,0,0,-97,0,11,2,47735629,0,47,0,128,1,"[47,-16,2,0,0,0,0,0,0,0,-1,-4,-2,-12,-2,-12,-3,-12,-2,-11,-2,-11,-2,-10,-2,-10,-2,-9,-2,-8,-2,-8,-2,-8,-2,-7,-2,-7,-3,-6,-3,-6,-3,-6,-3,-5,-3,-5,-3,-4,-4,-4,-4,-4,-4,-3,-4,-3,-4,-3,-5,-3,-5,-3,-3,-1,-5,-2,-6,-2,-6,-2,-6,-2,-6,-1,-6,-1,-7,-1,-7,-1,-7,-2,-7,-2,-7,-2,-7,-2,-7,-2,-8,-2,-8,-2,-8,-2,-8,-2,-8,-3,-8,-3,-8,-4,-8,-4,-8,-4,-8,-5,-7,-5,-7,-5,-7,-6,-2,-2,0,0,0,0,0,0,0,0]"
2026-06-22 03:03:42.519628,CSI_DATA,32985,1a:00:00:00:00:00,-60,11,1,0,1,1,1,0,0,0,0,-97,0,11,2,47786626,0,47,0,128,1,"[47,-16,2,0,0,0,0,0,0,0,-3,1,-10,6,-10,6,-9,6,-9,5,-9,5,-8,5,-8,4,-7,4,-7,4,-6,4,-6,4,-5,4,-5,4,-4,4,-4,4,-3,3,-3,4,-3,4,-2,3,-2,3,-2,3,-2,4,-1,4,-1,4,0,4,0,4,0,2,1,4,1,4,1,4,1,4,1,4,1,5,1,5,2,5,2,5,2,5,2,5,2,5,2,6,2,6,2,6,2,7,2,7,1,7,1,7,1,7,0,7,0,7,0,7,-1,7,-1,7,-2,7,-1,1,0,0,0,0,0,0,0,0]"
2026-06-22 03:03:42.591755,CSI_DATA,32986,1a:00:00:00:00:00,-61,11,1,0,1,1,1,0,0,0,0,-97,0,11,2,47837609,0,47,0,128,1,"[47,-16,2,0,0,0,0,0,0,0,2,-1,10,-4,10,-4,9,-5,9,-4,8,-4,8,-4,7,-3,7,-3,6,-3,6,-3,5,-3,5,-3,4,-3,4,-3,4,-3,3,-4,3,-4,2,-4,2,-4,2,-4,1,-4,1,-4,1,-4,0,-4,0,-4,0,-4,-1,-3,-1,-5,-1,-5,-2,-5,-2,-5,-2,-5,-2,-5,-2,-6,-2,-6,-2,-6,-2,-6,-2,-6,-2,-7,-2,-7,-2,-7,-2,-8,-2,-8,-2,-8,-2,-8,-2,-8,-1,-8,-1,-8,0,-8,0,-8,0,-8,1,-8,1,-8,0,-2,0,0,0,0,0,0,0,0]"
2026-06-22 03:03:42.622062,CSI_DATA,32987,1a:00:00:00:00:00,-61,11,1,0,1,1,1,0,0,0,0,-97,0,11,2,47888609,0,47,0,128,1,"[47,-16,2,0,0,0,0,0,0,0,-3,0,-12,2,-11,2,-11,2,-11,2,-10,2,-10,1,-9,1,-9,1,-8,1,-8,1,-7,1,-7,1,-6,1,-6,1,-6,1,-5,2,-4,2,-4,2,-4,2,-4,2,-3,2,-3,2,-2,2,-2,3,-2,3,-2,3,-1,1,-1,3,-1,3,-1,4,-1,4,-1,4,-1,5,-1,5,-1,5,-1,5,-1,6,-1,6,-1,6,-1,6,-1,6,-1,6,-1,6,-2,7,-2,7,-2,7,-3,6,-3,6,-4,6,-4,6,-4,6,-5,6,-5,5,-2,1,0,0,0,0,0,0,0,0]"
2026-06-22 03:03:42.705675,CSI_DATA,32988,1a:00:00:00:00:00,-61,11,1,0,1,1,1,0,0,0,0,-97,0,11,2,47939606,0,47,0,128,1,"[47,-16,2,0,0,0,0,0,0,0,-3,-2,-12,-5,-11,-4,-11,-4,-10,-4,-10,-4,-9,-4,-9,-4,-8,-3,-8,-3,-7,-3,-7,-3,-7,-2,-6,-2,-6,-2,-6,-1,-5,-1,-5,-1,-5,0,-5,0,-4,0,-4,1,-4,1,-4,1,-4,1,-4,2,-4,2,-2,1,-3,2,-3,3,-3,3,-3,3,-3,4,-3,4,-3,4,-3,4,-3,4,-3,5,-4,5,-4,5,-4,5,-4,5,-5,5,-5,5,-5,5,-5,5,-5,5,-6,4,-6,4,-6,4,-7,4,-7,3,-7,3,-7,2,-2,0,0,0,0,0,0,0,0,0]"
2026-06-22 03:03:42.723435,CSI_DATA,32989,1a:00:00:00:00:00,-60,11,1,0,1,1,1,0,0,0,0,-97,0,11,2,47990609,0,47,0,128,1,"[47,-16,2,0,0,0,0,0,0,0,2,1,9,7,9,7,8,6,8,6,7,6,7,6,6,5,6,5,5,4,5,4,5,3,5,3,5,2,5,2,4,2,4,2,4,1,4,1,4,0,3,0,3,0,3,0,3,-1,3,-1,3,-2,3,-2,1,-1,3,-3,3,-3,3,-3,3,-3,3,-4,3,-4,4,-4,4,-4,4,-4,4,-4,4,-5,4,-5,5,-5,5,-5,5,-4,5,-4,5,-4,6,-4,6,-4,6,-3,6,-3,7,-3,7,-3,7,-3,6,-2,6,-2,1,-1,0,0,0,0,0,0,0,0]"
2026-06-22 03:03:42.811812,CSI_DATA,32990,1a:00:00:00:00:00,-61,11,1,0,1,1,1,0,0,0,0,-97,0,11,2,48041862,0,47,0,128,1,"[47,-16,2,0,0,0,0,0,0,0,-1,-3,-4,-12,-4,-12,-4,-11,-4,-11,-4,-11,-3,-10,-3,-9,-3,-9,-3,-8,-3,-8,-3,-8,-3,-7,-3,-6,-3,-6,-3,-6,-3,-5,-3,-5,-3,-4,-3,-4,-3,-4,-3,-3,-4,-3,-4,-2,-4,-2,-4,-2,-4,-2,-2,-1,-5,-1,-5,-1,-5,-1,-5,-1,-5,0,-6,0,-6,-1,-6,-1,-6,-1,-7,-1,-7,0,-7,0,-7,0,-7,-1,-7,-1,-8,-1,-8,-1,-8,-2,-8,-2,-8,-3,-8,-3,-8,-3,-8,-3,-7,-3,-7,-4,-7,-4,-2,-1,0,0,0,0,0,0,0,0]"
2026-06-22 03:03:42.825379,CSI_DATA,32991,1a:00:00:00:00:00,-60,11,1,0,1,1,1,0,0,0,0,-97,0,11,2,48092601,0,47,0,128,1,"[47,-16,2,0,0,0,0,0,0,0,1,2,6,10,6,10,6,9,5,9,5,8,4,8,4,7,4,7,4,7,4,6,4,6,3,5,3,5,3,4,3,4,3,3,3,3,3,2,3,2,3,2,3,1,3,1,3,1,3,0,3,0,3,0,2,0,4,-1,4,-1,4,-1,4,-1,4,-2,5,-2,5,-2,5,-2,5,-2,5,-2,6,-2,6,-2,6,-2,6,-2,6,-1,6,-1,7,-1,6,-1,6,0,6,0,7,1,7,1,7,1,7,1,6,2,6,2,1,0,0,0,0,0,0,0,0,0]"
2026-06-22 03:03:42.921595,CSI_DATA,32992,1a:00:00:00:00:00,-61,11,1,0,1,1,1,0,0,0,0,-97,0,11,2,48148633,0,47,0,128,1,"[47,-16,2,0,0,0,0,0,0,0,2,0,11,3,11,3,11,2,10,2,10,2,9,2,8,3,8,2,7,2,7,1,7,1,6,1,6,0,6,0,5,0,5,0,4,-1,4,-1,4,-1,4,-1,3,-1,3,-2,3,-2,3,-2,3,-3,3,-3,1,-2,3,-3,3,-4,2,-4,2,-4,2,-4,3,-5,3,-5,3,-5,3,-5,3,-6,3,-6,3,-6,3,-6,3,-6,3,-6,4,-6,4,-6,4,-6,5,-5,5,-5,6,-5,6,-5,6,-5,6,-4,6,-4,6,-4,1,-1,0,0,0,0,0,0,0,0]"
2026-06-22 03:03:42.934875,CSI_DATA,32993,1a:00:00:00:00:00,-61,11,1,0,1,1,1,0,0,0,0,-97,0,11,2,48194600,0,47,0,128,1,"[47,-16,2,0,0,0,0,0,0,0,2,-2,9,-8,9,-8,9,-8,8,-7,8,-7,7,-6,7,-6,7,-5,6,-5,6,-5,5,-5,5,-5,4,-5,4,-5,3,-5,3,-5,2,-5,2,-4,2,-4,1,-4,1,-4,1,-4,0,-4,0,-4,-1,-5,-1,-5,-1,-3,-1,-5,-2,-5,-2,-5,-2,-5,-2,-5,-2,-5,-2,-5,-3,-6,-3,-6,-3,-6,-3,-6,-3,-6,-3,-6,-3,-7,-3,-7,-3,-7,-3,-7,-2,-7,-2,-8,-2,-8,-1,-8,-1,-8,-1,-8,-1,-8,0,-8,0,-8,0,-2,0,0,0,0,0,0,0,0]"
2026-06-22 03:03:43.009679,CSI_DATA,32994,1a:00:00:00:00:00,-61,11,1,0,1,1,1,0,0,0,0,-97,0,11,2,48245620,0,47,0,128,1,"[47,-16,2,0,0,0,0,0,0,0,-1,-4,-1,-13,-2,-12,-2,-12,-2,-12,-1,-11,-1,-10,-1,-10,-1,-9,-1,-8,-1,-8,-1,-8,-2,-7,-2,-7,-2,-6,-2,-6,-2,-5,-2,-5,-2,-5,-3,-4,-3,-4,-3,-3,-3,-3,-3,-3,-4,-3,-4,-2,-4,-2,-2,-1,-5,-2,-5,-2,-5,-1,-5,-1,-5,-1,-5,-1,-6,-1,-6,-1,-6,-1,-6,-1,-7,-1,-7,-1,-7,-1,-7,-1,-7,-1,-7,-1,-8,-1,-8,-2,-8,-2,-8,-3,-7,-3,-7,-3,-7,-3,-7,-4,-7,-4,-7,-5,-2,-2,0,0,0,0,0,0,0,0]"
2026-06-22 03:03:43.034295,CSI_DATA,32995,1a:00:00:00:00:00,-61,11,1,0,1,1,1,0,0,0,0,-97,0,11,2,48296614,0,47,0,128,1,"[47,-16,2,0,0,0,0,0,0,0,2,1,9,7,9,6,9,6,8,6,8,6,7,5,7,5,6,5,6,4,6,4,5,3,5,3,5,3,5,2,4,2,4,1,4,1,4,1,3,0,3,0,3,0,3,-1,3,-1,3,-1,3,-2,3,-2,1,-1,3,-3,3,-3,3,-3,3,-4,3,-4,3,-4,3,-4,3,-4,3,-4,3,-4,4,-5,4,-5,4,-5,4,-5,4,-5,5,-5,5,-5,5,-5,6,-4,6,-4,6,-4,6,-4,6,-4,7,-3,6,-3,6,-2,1,-1,0,0,0,0,0,0,0,0]"
2026-06-22 03:03:43.082275,CSI_DATA,32996,1a:00:00:00:00:00,-60,11,1,0,1,1,1,0,0,0,0,-97,0,11,2,48347624,0,47,0,128,1,"[47,-16,2,0,0,0,0,0,0,0,-4,-1,-13,-1,-12,-1,-12,-1,-12,-1,-11,-1,-10,-1,-10,-1,-9,-1,-9,-1,-8,-1,-8,-1,-8,-1,-7,0,-7,0,-6,0,-6,0,-5,0,-5,1,-5,1,-5,1,-4,1,-4,1,-4,2,-3,2,-3,2,-3,2,-2,1,-3,3,-2,3,-2,4,-2,4,-2,4,-2,4,-2,5,-2,5,-2,5,-2,5,-2,5,-3,5,-3,6,-3,6,-3,6,-3,6,-3,6,-4,6,-4,6,-5,6,-5,6,-5,5,-6,5,-6,5,-6,5,-7,4,-2,1,0,0,0,0,0,0,0,0]"
2026-06-22 03:03:43.134431,CSI_DATA,32997,1a:00:00:00:00:00,-60,11,1,0,1,1,1,0,0,0,0,-97,0,11,2,48398636,0,47,0,128,1,"[47,-16,2,0,0,0,0,0,0,0,-3,1,-11,7,-10,7,-9,7,-9,6,-9,6,-9,5,-8,5,-8,5,-7,5,-7,5,-6,4,-6,4,-5,4,-5,4,-5,4,-4,4,-3,4,-3,3,-3,3,-2,3,-2,3,-2,3,-1,3,-1,3,-1,3,0,3,0,1,1,3,1,3,1,4,1,4,1,4,1,4,2,4,2,4,2,5,2,5,2,5,2,5,2,5,2,6,2,6,2,6,2,7,2,7,1,7,1,7,0,7,0,7,0,7,0,7,-1,7,-1,7,-1,1,0,0,0,0,0,0,0,0]"
2026-06-22 03:03:43.185749,CSI_DATA,32998,1a:00:00:00:00:00,-60,11,1,0,1,1,1,0,0,0,0,-97,0,11,2,48449608,0,47,0,128,1,"[47,-16,2,0,0,0,0,0,0,0,-2,1,-8,7,-8,7,-7,7,-7,7,-7,6,-6,5,-6,5,-6,5,-5,5,-5,5,-5,4,-4,4,-4,4,-4,4,-3,4,-3,4,-2,3,-2,3,-1,3,-1,3,-1,3,-1,3,0,3,0,3,0,3,1,3,0,1,1,3,2,3,2,3,2,3,2,3,2,3,3,3,3,3,3,4,3,4,3,4,3,4,3,4,3,5,3,5,3,5,3,5,3,6,3,6,3,6,2,6,2,6,2,6,1,7,1,7,1,7,0,1,0,0,0,0,0,0,0,0]"
2026-06-22 03:03:43.250497,CSI_DATA,32999,1a:00:00:00:00:00,-60,11,1,0,1,1,1,0,0,0,0,-97,0,11,2,48500623,0,47,0,128,1,"[47,-16,2,0,0,0,0,0,0,0,2,-2,10,-6,10,-6,9,-6,9,-6,9,-5,8,-5,7,-5,7,-4,6,-4,6,-5,5,-5,5,-5,4,-5,4,-5,4,-4,3,-5,2,-5,2,-4,2,-4,2,-4,1,-4,1,-4,0,-5,0,-5,0,-5,-1,-5,-1,-3,-1,-5,-1,-5,-2,-6,-2,-6,-2,-6,-2,-6,-2,-6,-2,-7,-2,-7,-2,-7,-2,-7,-2,-7,-2,-7,-2,-8,-2,-8,-2,-8,-2,-9,-2,-9,-1,-9,-1,-9,0,-9,0,-9,1,-9,1,-8,1,-8,2,-8,0,-2,0,0,0,0,0,0,0,0]"
2026-06-22 03:03:43.288747,CSI_DATA,33000,1a:00:00:00:00:00,-60,11,1,0,1,1,1,0,0,0,0,-97,0,11,2,48551612,0,47,0,128,1,"[47,-16,2,0,0,0,0,0,0,0,2,1,10,4,10,3,9,3,9,3,8,3,8,3,7,3,7,3,6,2,6,2,6,2,6,1,5,1,5,1,5,1,5,0,4,0,4,-1,4,-1,3,-1,3,-1,3,-1,3,-2,3,-2,3,-2,3,-2,1,-2,2,-3,2,-3,2,-4,2,-4,3,-4,3,-4,3,-4,3,-5,3,-5,3,-5,3,-5,3,-5,3,-5,3,-5,4,-5,4,-5,4,-5,5,-5,5,-5,5,-5,5,-4,6,-4,6,-4,6,-4,6,-3,6,-3,1,-1,0,0,0,0,0,0,0,0]"
2026-06-22 03:03:43.368439,CSI_DATA,33001,1a:00:00:00:00:00,-60,11,1,0,1,1,1,0,0,0,0,-97,0,11,2,48602624,0,47,0,128,1,"[47,-16,2,0,0,0,0,0,0,0,-2,2,-7,8,-6,8,-6,8,-6,8,-6,7,-5,7,-5,6,-5,6,-4,5,-4,5,-4,5,-3,5,-3,5,-3,4,-3,4,-2,4,-2,4,-1,4,-1,3,-1,3,-1,3,0,3,0,3,1,3,1,3,1,3,0,1,2,3,2,3,2,3,2,3,2,3,3,3,3,3,3,3,3,3,4,3,4,4,3,4,3,4,3,4,4,4,4,5,4,5,4,5,3,5,3,6,2,6,2,6,2,6,2,6,2,6,1,6,0,1,0,0,0,0,0,0,0,0]"
2026-06-22 03:03:43.386634,CSI_DATA,33002,1a:00:00:00:00:00,-60,11,1,0,1,1,1,0,0,0,0,-97,0,11,2,48653598,0,47,0,128,1,"[47,-16,2,0,0,0,0,0,0,0,-4,0,-13,0,-12,0,-12,1,-11,0,-11,0,-10,0,-10,0,-9,0,-8,0,-8,0,-8,1,-7,1,-7,1,-6,1,-6,1,-6,1,-5,1,-5,2,-4,2,-4,2,-4,2,-3,2,-3,3,-3,3,-2,3,-2,4,-1,2,-2,4,-2,4,-1,4,-1,5,-1,5,-1,5,-1,5,-1,5,-1,6,-1,6,-1,6,-1,6,-2,7,-2,7,-2,7,-2,7,-2,7,-3,7,-3,7,-4,7,-4,7,-4,7,-4,7,-5,7,-5,6,-6,6,-2,1,0,0,0,0,0,0,0,0]"
2026-06-22 03:03:43.468916,CSI_DATA,33003,1a:00:00:00:00:00,-60,11,1,0,1,1,1,0,0,0,0,-97,0,11,2,48704595,0,47,0,128,1,"[47,-16,2,0,0,0,0,0,0,0,-3,-2,-10,-8,-10,-8,-10,-7,-9,-7,-9,-7,-8,-7,-8,-6,-7,-6,-7,-5,-7,-5,-7,-5,-6,-4,-6,-4,-6,-3,-6,-3,-6,-2,-5,-2,-5,-2,-5,-1,-5,-1,-5,-1,-5,0,-5,0,-5,1,-5,1,-5,1,-3,0,-5,2,-5,2,-5,2,-5,2,-5,3,-5,3,-6,3,-6,3,-6,3,-6,4,-6,4,-6,4,-6,4,-7,4,-7,4,-7,4,-8,4,-8,3,-8,3,-8,2,-8,2,-9,2,-9,2,-9,1,-9,1,-9,0,-3,0,0,0,0,0,0,0,0,0]"
2026-06-22 03:03:43.487508,CSI_DATA,33004,1a:00:00:00:00:00,-60,11,1,0,1,1,1,0,0,0,0,-97,0,11,2,48755706,0,47,0,128,1,"[47,-16,2,0,0,0,0,0,0,0,2,2,8,8,8,8,8,7,8,7,7,7,6,7,6,6,6,6,5,5,5,5,5,4,5,4,5,3,5,3,5,3,5,2,4,2,4,2,4,1,4,1,4,0,4,0,4,0,4,-1,4,-1,4,-1,2,-1,4,-2,4,-2,4,-3,5,-3,5,-3,5,-3,5,-3,5,-3,5,-3,5,-4,6,-4,6,-4,6,-4,6,-4,6,-3,7,-3,7,-3,7,-3,7,-2,8,-2,8,-2,8,-1,8,-1,8,-1,8,0,8,0,2,0,0,0,0,0,0,0,0,0]"
2026-06-22 03:03:43.584544,CSI_DATA,33005,1a:00:00:00:00:00,-60,11,1,0,1,1,1,0,0,0,0,-97,0,11,2,48806612,0,47,0,128,1,"[47,-16,2,0,0,0,0,0,0,0,1,-3,5,-11,5,-11,5,-11,4,-11,4,-10,4,-9,4,-9,4,-8,3,-8,3,-8,3,-7,2,-7,2,-7,1,-6,1,-6,1,-6,0,-6,0,-5,-1,-5,-1,-5,-1,-5,-1,-5,-2,-5,-2,-5,-2,-5,-3,-5,-2,-3,-3,-5,-3,-5,-4,-5,-4,-5,-4,-5,-5,-5,-5,-5,-5,-5,-5,-5,-5,-5,-5,-6,-5,-6,-5,-6,-5,-6,-5,-7,-5,-7,-5,-7,-5,-7,-4,-8,-4,-8,-3,-8,-3,-8,-3,-8,-3,-8,-2,-9,-2,-9,-1,-3,0,0,0,0,0,0,0,0]"
2026-06-22 03:03:43.598829,CSI_DATA,33006,1a:00:00:00:00:00,-60,11,1,0,1,1,1,0,0,0,0,-97,0,11,2,48857621,0,47,0,128,1,"[47,-16,2,0,0,0,0,0,0,0,1,-3,7,-9,6,-9,6,-9,6,-8,6,-8,5,-7,5,-7,5,-6,4,-6,4,-6,4,-6,3,-6,3,-6,2,-5,2,-5,2,-5,1,-5,1,-5,1,-5,1,-5,0,-4,0,-4,-1,-5,-1,-5,-1,-4,-1,-4,-1,-2,-2,-4,-2,-5,-2,-5,-3,-5,-3,-5,-3,-5,-3,-5,-3,-5,-3,-5,-3,-6,-4,-6,-4,-6,-4,-6,-4,-6,-4,-6,-3,-7,-3,-7,-3,-7,-3,-7,-2,-7,-2,-8,-1,-8,-1,-8,-1,-8,-1,-8,0,-8,0,-2,0,0,0,0,0,0,0,0]"
2026-06-22 03:03:43.684234,CSI_DATA,33007,1a:00:00:00:00:00,-60,11,1,0,1,1,1,0,0,0,0,-97,0,11,2,48908626,0,47,0,128,1,"[47,-16,2,0,0,0,0,0,0,0,-2,-3,-7,-9,-7,-9,-7,-8,-7,-8,-6,-8,-6,-8,-5,-7,-5,-7,-5,-6,-5,-6,-5,-6,-5,-5,-5,-5,-5,-4,-4,-4,-4,-4,-4,-3,-4,-3,-4,-2,-4,-2,-4,-2,-4,-1,-4,-1,-4,-1,-5,-1,-5,-1,-3,0,-5,0,-5,0,-5,0,-5,1,-5,1,-5,1,-6,1,-6,1,-6,1,-6,1,-6,1,-6,1,-7,1,-7,1,-7,1,-7,1,-8,1,-8,0,-8,0,-8,0,-8,-1,-8,-1,-8,-1,-8,-2,-7,-2,-7,-3,-2,-1,0,0,0,0,0,0,0,0]"
2026-06-22 03:03:43.699867,CSI_DATA,33008,1a:00:00:00:00:00,-60,11,1,0,1,1,1,0,0,0,0,-97,0,11,2,48960261,0,47,0,128,1,"[47,-16,2,0,0,0,0,0,0,0,3,-1,12,-1,11,-1,11,-1,11,-1,10,-1,9,-1,9,-1,8,0,8,-1,7,-1,7,-1,6,-1,6,-1,6,-2,5,-2,5,-2,4,-2,4,-2,4,-2,3,-2,3,-2,3,-3,2,-3,2,-3,2,-4,2,-4,1,-2,1,-4,1,-5,1,-5,1,-5,1,-5,1,-6,1,-6,1,-6,1,-6,1,-6,1,-7,1,-7,2,-7,2,-7,2,-7,2,-7,2,-7,3,-7,3,-7,4,-7,4,-7,4,-7,4,-7,5,-6,5,-6,5,-5,1,-2,0,0,0,0,0,0,0,0]"
2026-06-22 03:03:43.795939,CSI_DATA,33009,1a:00:00:00:00:00,-60,11,1,0,1,1,1,0,0,0,0,-97,0,11,2,49010611,0,47,0,128,1,"[47,-16,2,0,0,0,0,0,0,0,0,-3,0,-12,0,-12,0,-11,0,-11,0,-11,0,-10,0,-9,0,-9,0,-8,0,-8,-1,-8,-1,-7,-1,-7,-1,-6,-1,-6,-2,-5,-2,-5,-2,-5,-2,-4,-3,-4,-3,-4,-3,-3,-3,-3,-4,-3,-4,-3,-4,-3,-2,-2,-5,-3,-5,-2,-5,-2,-5,-2,-5,-2,-6,-2,-6,-2,-6,-2,-6,-2,-7,-2,-7,-2,-7,-2,-7,-2,-7,-3,-7,-3,-7,-3,-7,-3,-7,-4,-7,-4,-7,-5,-7,-5,-7,-5,-7,-5,-7,-5,-6,-6,-6,-7,-2,-2,0,0,0,0,0,0,0,0]"
2026-06-22 03:03:43.812028,CSI_DATA,33010,1a:00:00:00:00:00,-60,11,1,0,1,1,1,0,0,0,0,-97,0,11,2,49061623,0,47,0,128,1,"[47,-16,2,0,0,0,0,0,0,0,-3,0,-11,1,-11,1,-10,1,-10,1,-10,1,-9,1,-9,1,-8,1,-7,1,-7,1,-7,1,-6,1,-6,1,-5,1,-5,1,-5,1,-4,1,-4,2,-4,2,-4,2,-3,2,-3,2,-3,2,-2,3,-2,3,-2,3,-1,1,-2,3,-1,3,-1,4,-1,4,-1,4,-1,4,-1,5,-1,5,-1,5,-1,5,-1,5,-1,5,-1,6,-1,6,-2,6,-2,6,-2,6,-2,6,-3,6,-3,6,-3,6,-3,6,-4,6,-4,6,-4,5,-5,5,-2,1,0,0,0,0,0,0,0,0]"
2026-06-22 03:03:43.848735,CSI_DATA,33011,1a:00:00:00:00:00,-60,11,1,0,1,1,1,0,0,0,0,-97,0,11,2,49112598,0,47,0,128,1,"[47,-16,2,0,0,0,0,0,0,0,-3,1,-11,6,-11,6,-10,5,-10,5,-10,5,-9,4,-9,4,-8,4,-8,4,-7,4,-7,4,-6,4,-6,4,-6,3,-5,3,-4,3,-4,3,-3,3,-3,3,-3,3,-3,3,-2,3,-2,3,-1,4,-1,4,-1,4,-1,2,0,4,0,4,0,4,0,4,0,5,0,5,0,5,1,5,1,6,1,6,1,6,1,6,1,6,1,6,0,7,0,7,0,7,0,7,-1,7,-1,7,-2,7,-2,7,-2,7,-2,7,-3,7,-3,7,-1,1,0,0,0,0,0,0,0,0]"
2026-06-22 03:03:43.905926,CSI_DATA,33012,1a:00:00:00:00:00,-60,11,1,0,1,1,1,0,0,0,0,-97,0,11,2,49163624,0,47,0,128,1,"[47,-16,2,0,0,0,0,0,0,0,-2,-3,-8,-10,-8,-9,-8,-9,-8,-9,-7,-8,-7,-8,-6,-7,-6,-7,-6,-6,-6,-6,-5,-6,-5,-5,-5,-5,-5,-4,-5,-4,-5,-4,-5,-3,-5,-3,-5,-2,-5,-2,-5,-2,-5,-1,-5,-1,-5,0,-5,0,-5,0,-3,0,-5,0,-5,1,-5,1,-5,1,-6,1,-6,2,-6,2,-6,2,-6,2,-6,2,-7,2,-7,2,-7,2,-8,2,-8,1,-8,1,-8,1,-8,1,-8,0,-8,0,-9,0,-9,-1,-9,-1,-9,-1,-8,-2,-8,-3,-2,-1,0,0,0,0,0,0,0,0]"
2026-06-22 03:03:43.955122,CSI_DATA,33013,1a:00:00:00:00:00,-60,11,1,0,1,1,1,0,0,0,0,-97,0,11,2,49214628,0,47,0,128,1,"[47,-16,2,0,0,0,0,0,0,0,-3,-2,-11,-6,-11,-5,-11,-5,-10,-5,-10,-5,-9,-5,-9,-5,-8,-4,-8,-4,-7,-4,-7,-3,-7,-3,-7,-2,-6,-2,-6,-2,-6,-2,-6,-1,-5,-1,-5,0,-5,0,-5,0,-5,0,-5,1,-5,1,-5,1,-4,2,-2,1,-4,2,-5,2,-5,3,-5,3,-5,3,-5,3,-5,4,-5,4,-5,4,-5,4,-5,4,-5,4,-6,4,-6,4,-6,4,-6,4,-7,4,-7,4,-7,3,-7,3,-8,3,-8,2,-8,2,-8,2,-8,1,-8,1,-2,0,0,0,0,0,0,0,0,0]"
2026-06-22 03:03:44.023416,CSI_DATA,33014,1a:00:00:00:00:00,-60,11,1,0,1,1,1,0,0,0,0,-97,0,11,2,49265610,0,47,0,128,1,"[47,-16,2,0,0,0,0,0,0,0,-3,0,-12,3,-12,3,-11,3,-11,2,-10,2,-10,2,-9,2,-8,2,-8,2,-7,2,-7,2,-7,2,-6,2,-6,2,-6,2,-5,2,-5,2,-4,2,-4,3,-4,3,-3,3,-3,3,-3,3,-2,3,-2,4,-2,4,-1,2,-1,4,-1,4,-1,4,-1,4,-1,5,-1,5,-1,5,-1,5,-1,6,0,6,0,6,0,6,-1,6,-1,6,-1,7,-1,7,-1,7,-2,7,-2,7,-3,7,-3,7,-3,7,-4,7,-4,7,-4,7,-5,6,-2,1,0,0,0,0,0,0,0,0]"
2026-06-22 03:03:44.049692,CSI_DATA,33015,1a:00:00:00:00:00,-59,11,1,0,1,1,1,0,0,0,0,-97,0,11,2,49316625,0,47,0,128,1,"[47,-16,2,0,0,0,0,0,0,0,3,0,14,3,13,2,13,2,12,2,11,2,11,2,10,2,9,2,8,2,8,1,8,1,8,1,7,0,7,0,6,0,6,-1,5,-1,5,-2,5,-2,5,-2,4,-2,4,-2,4,-3,4,-4,4,-4,4,-4,1,-2,3,-5,3,-5,3,-5,3,-6,3,-6,4,-6,4,-6,4,-6,4,-6,4,-7,4,-7,5,-7,5,-7,5,-7,5,-7,6,-7,6,-7,6,-6,7,-6,7,-6,8,-5,8,-5,8,-5,8,-4,8,-4,9,-3,2,-1,0,0,0,0,0,0,0,0]"
2026-06-22 03:03:44.139073,CSI_DATA,33016,1a:00:00:00:00:00,-60,11,1,0,1,1,1,0,0,0,0,-97,0,11,2,49367606,0,47,0,128,1,"[47,-16,2,0,0,0,0,0,0,0,-1,-3,-2,-12,-2,-12,-2,-11,-2,-11,-2,-10,-2,-10,-2,-9,-2,-9,-2,-8,-2,-8,-2,-7,-2,-7,-3,-6,-3,-6,-3,-6,-3,-5,-3,-5,-3,-4,-3,-4,-3,-4,-3,-4,-4,-3,-4,-3,-4,-3,-5,-3,-5,-3,-3,-1,-5,-2,-5,-2,-5,-2,-6,-1,-6,-1,-6,-1,-6,-1,-6,-1,-7,-2,-7,-2,-7,-2,-7,-2,-8,-2,-8,-2,-8,-2,-8,-2,-8,-2,-8,-3,-8,-3,-8,-4,-8,-5,-8,-5,-8,-5,-7,-5,-7,-6,-7,-6,-2,-2,0,0,0,0,0,0,0,0]"
2026-06-22 03:03:44.157866,CSI_DATA,33017,1a:00:00:00:00:00,-60,11,1,0,1,1,1,0,0,0,0,-97,0,11,2,49420855,0,47,0,128,1,"[47,-16,2,0,0,0,0,0,0,0,-1,-3,-4,-12,-4,-11,-4,-11,-4,-10,-3,-10,-3,-10,-3,-9,-3,-8,-3,-8,-3,-7,-3,-7,-4,-6,-4,-6,-3,-6,-4,-5,-4,-5,-4,-4,-4,-4,-4,-4,-4,-3,-4,-3,-4,-3,-5,-2,-5,-2,-5,-2,-5,-2,-3,-1,-6,-1,-6,-1,-6,-1,-6,-1,-6,-1,-6,0,-6,0,-7,0,-7,0,-7,0,-7,0,-7,0,-7,0,-8,0,-8,-1,-8,-1,-8,-1,-8,-1,-8,-2,-8,-2,-8,-3,-8,-3,-8,-3,-8,-3,-8,-4,-8,-4,-2,-1,0,0,0,0,0,0,0,0]"
2026-06-22 03:03:44.243467,CSI_DATA,33018,1a:00:00:00:00:00,-60,11,1,0,1,1,1,0,0,0,0,-97,0,11,2,49469610,0,47,0,128,1,"[47,-16,2,0,0,0,0,0,0,0,-3,-2,-11,-6,-11,-5,-11,-5,-10,-5,-9,-5,-9,-5,-9,-5,-8,-4,-8,-4,-7,-3,-7,-3,-7,-3,-7,-2,-6,-2,-6,-2,-6,-2,-6,-1,-5,-1,-5,0,-5,0,-5,0,-4,0,-4,1,-4,1,-4,1,-5,2,-2,1,-4,2,-4,2,-4,3,-4,3,-4,3,-5,4,-5,4,-5,4,-5,4,-5,4,-5,4,-5,4,-6,4,-6,4,-6,4,-6,4,-6,4,-7,4,-7,4,-7,3,-7,3,-8,3,-8,3,-8,2,-8,2,-8,1,-2,0,0,0,0,0,0,0,0,0]"
2026-06-22 03:03:44.258085,CSI_DATA,33019,1a:00:00:00:00:00,-60,11,1,0,1,1,1,0,0,0,0,-97,0,11,2,49520623,0,47,0,128,1,"[47,-16,2,0,0,0,0,0,0,0,-1,3,-2,12,-2,11,-2,11,-2,10,-2,10,-2,9,-2,9,-2,8,-1,8,-1,7,-1,7,-1,7,0,6,0,6,0,6,0,5,1,5,1,5,1,5,1,5,1,4,1,4,2,4,2,3,3,4,3,4,1,2,3,3,3,3,4,3,4,3,4,3,4,3,4,3,5,3,5,4,5,4,5,3,5,3,5,4,5,4,5,5,5,5,5,5,5,5,5,6,4,6,4,6,4,6,4,6,3,6,3,7,3,7,0,1,0,0,0,0,0,0,0,0]"
2026-06-22 03:03:44.349789,CSI_DATA,33020,1a:00:00:00:00:00,-59,11,1,0,1,1,1,0,0,0,0,-97,0,11,2,49571605,0,47,0,128,1,"[47,-16,2,0,0,0,0,0,0,0,2,-3,8,-10,7,-10,7,-10,7,-9,7,-9,6,-9,6,-8,6,-8,5,-7,5,-7,4,-7,4,-7,4,-7,3,-7,3,-6,3,-6,2,-6,2,-6,1,-6,1,-6,1,-6,1,-6,0,-6,0,-6,0,-6,-1,-6,-1,-3,-1,-6,-1,-6,-2,-6,-2,-6,-2,-6,-2,-6,-2,-7,-2,-7,-2,-7,-2,-7,-2,-8,-2,-8,-2,-8,-2,-8,-2,-8,-2,-9,-1,-9,-1,-9,-1,-9,0,-9,0,-9,1,-9,1,-9,1,-9,2,-9,2,-9,0,-3,0,0,0,0,0,0,0,0]"
2026-06-22 03:03:44.360971,CSI_DATA,33021,1a:00:00:00:00:00,-59,11,1,0,1,1,1,0,0,0,0,-97,0,11,2,49622620,0,47,0,128,1,"[47,-16,2,0,0,0,0,0,0,0,2,2,8,10,8,9,8,9,7,9,7,8,6,8,6,7,6,7,5,7,5,6,5,6,5,5,5,5,5,5,5,4,5,4,5,3,5,3,5,3,5,2,5,2,5,2,5,2,5,1,5,1,5,1,2,0,5,0,6,0,6,0,6,0,6,0,6,0,6,0,6,0,6,0,7,0,7,-1,7,0,7,0,7,0,7,0,8,0,8,0,8,1,8,1,8,2,8,2,8,2,8,3,8,3,7,3,7,4,1,1,0,0,0,0,0,0,0,0]"
2026-06-22 03:03:44.406979,CSI_DATA,33022,1a:00:00:00:00:00,-58,11,1,0,1,1,1,0,0,0,0,-97,0,11,2,49673626,0,47,0,128,1,"[47,-16,2,0,0,0,0,0,0,0,2,-1,11,-2,11,-2,11,-2,11,-2,10,-2,9,-1,9,-1,8,-1,8,-1,8,-2,7,-2,7,-2,7,-2,6,-2,6,-2,6,-3,5,-3,5,-3,5,-3,5,-3,4,-3,4,-3,4,-4,4,-4,3,-4,3,-5,1,-3,3,-5,3,-5,3,-5,3,-5,3,-5,3,-6,3,-6,3,-6,3,-6,3,-6,3,-6,3,-6,3,-7,3,-7,4,-7,4,-7,4,-7,4,-7,5,-6,5,-6,6,-6,6,-5,6,-5,6,-5,6,-5,7,-4,1,-1,0,0,0,0,0,0,0,0]"
2026-06-22 03:03:44.457556,CSI_DATA,33023,1a:00:00:00:00:00,-58,11,1,0,1,1,1,0,0,0,0,-97,0,11,2,49724614,0,47,0,128,1,"[47,-16,2,0,0,0,0,0,0,0,3,-1,13,-1,13,-1,13,-1,12,-1,12,-1,11,-1,10,-1,10,-1,9,-1,9,-1,9,-1,8,-1,8,-2,8,-2,7,-2,7,-2,6,-2,6,-3,6,-3,6,-3,5,-3,5,-3,5,-3,5,-4,5,-4,4,-4,2,-2,4,-5,4,-5,4,-5,4,-5,4,-5,4,-5,4,-6,4,-6,4,-6,4,-6,4,-7,5,-6,5,-6,5,-6,5,-7,6,-7,6,-6,6,-6,6,-6,7,-5,7,-5,8,-5,8,-5,8,-4,8,-4,8,-4,2,-1,0,0,0,0,0,0,0,0]"
2026-06-22 03:03:44.509673,CSI_DATA,33024,1a:00:00:00:00:00,-58,11,1,0,1,1,1,0,0,0,0,-97,0,11,2,49776727,0,47,0,128,1,"[47,-16,2,0,0,0,0,0,0,0,2,1,10,5,10,4,10,4,10,4,10,4,9,4,8,4,8,3,7,3,7,3,7,2,7,2,7,2,6,1,6,1,6,1,6,1,5,0,5,0,5,0,5,0,5,0,5,-1,5,-1,5,-2,5,-2,2,-1,5,-2,5,-2,5,-3,5,-3,5,-3,5,-3,5,-3,5,-3,5,-3,5,-3,6,-4,6,-4,6,-4,6,-3,6,-3,6,-3,7,-3,7,-3,7,-2,7,-2,7,-2,7,-1,8,-1,8,-1,7,0,7,0,1,0,0,0,0,0,0,0,0,0]"
2026-06-22 03:03:44.567567,CSI_DATA,33025,1a:00:00:00:00:00,-59,11,1,0,1,1,1,0,0,0,0,-97,0,11,2,49826607,0,47,0,128,1,"[47,-16,2,0,0,0,0,0,0,0,2,-2,11,-5,11,-5,10,-6,10,-5,10,-5,9,-4,8,-4,8,-4,8,-4,7,-4,7,-4,7,-4,6,-4,6,-4,6,-4,5,-4,4,-4,4,-4,4,-4,4,-4,4,-4,3,-4,3,-4,3,-4,3,-4,3,-4,1,-3,2,-5,2,-5,2,-5,2,-5,2,-5,2,-5,2,-6,2,-6,2,-6,2,-7,2,-7,2,-7,3,-7,3,-7,3,-7,3,-7,3,-7,4,-6,4,-6,4,-6,5,-6,5,-6,5,-5,5,-5,6,-5,6,-5,1,-1,0,0,0,0,0,0,0,0]"
2026-06-22 03:03:44.611882,CSI_DATA,33026,1a:00:00:00:00:00,-59,11,1,0,1,1,1,0,0,0,0,-97,0,11,2,49877603,0,47,0,128,1,"[47,-16,2,0,0,0,0,0,0,0,3,-1,12,-4,11,-4,11,-4,11,-4,10,-3,9,-3,9,-3,8,-2,8,-2,8,-3,7,-3,7,-3,7,-3,6,-3,6,-3,5,-3,5,-3,4,-3,4,-3,4,-3,4,-3,4,-3,4,-4,3,-4,3,-4,3,-4,1,-2,2,-4,2,-5,2,-5,2,-5,2,-5,2,-5,2,-5,2,-5,2,-6,2,-6,2,-6,2,-6,2,-6,2,-6,3,-6,3,-6,3,-6,3,-6,4,-6,4,-6,4,-5,5,-5,5,-5,5,-5,5,-5,5,-4,1,-1,0,0,0,0,0,0,0,0]"
2026-06-22 03:03:44.684598,CSI_DATA,33027,1a:00:00:00:00:00,-60,11,1,0,1,1,1,0,0,0,0,-97,0,11,2,49928625,0,47,0,128,1,"[47,-16,2,0,0,0,0,0,0,0,1,-3,6,-10,6,-10,5,-10,5,-9,5,-9,5,-8,5,-8,4,-7,4,-7,3,-7,3,-7,3,-7,3,-6,2,-6,2,-6,2,-6,1,-6,1,-5,1,-5,1,-5,1,-5,0,-5,0,-5,-1,-5,-1,-5,-1,-5,-1,-3,-1,-5,-1,-5,-2,-5,-2,-5,-2,-5,-2,-5,-2,-5,-2,-5,-2,-6,-2,-6,-2,-6,-2,-6,-2,-6,-2,-6,-2,-7,-2,-7,-2,-7,-2,-7,-1,-7,-1,-7,0,-7,0,-7,0,-7,0,-7,1,-7,1,-7,0,-2,0,0,0,0,0,0,0,0]"
2026-06-22 03:03:44.716733,CSI_DATA,33028,1a:00:00:00:00:00,-60,11,1,0,1,1,1,0,0,0,0,-97,0,11,2,49979608,0,47,0,128,1,"[47,-16,2,0,0,0,0,0,0,0,0,-4,0,-13,0,-13,0,-12,0,-12,0,-11,0,-11,0,-10,0,-9,0,-9,0,-9,-1,-9,-1,-8,-1,-8,-1,-7,-1,-7,-1,-7,-1,-6,-2,-6,-2,-6,-2,-5,-2,-5,-2,-5,-3,-5,-3,-5,-3,-5,-3,-5,-2,-3,-4,-5,-4,-4,-5,-4,-5,-4,-5,-4,-5,-4,-5,-5,-5,-5,-5,-5,-5,-5,-5,-5,-6,-5,-6,-5,-6,-6,-5,-6,-5,-6,-5,-6,-5,-7,-5,-7,-4,-7,-4,-7,-4,-7,-4,-7,-3,-8,-3,-8,-2,-8,-1,-2,0,0,0,0,0,0,0,0]"
2026-06-22 03:03:44.784042,CSI_DATA,33029,1a:00:00:00:00:00,-59,11,1,0,1,1,1,0,0,0,0,-97,0,11,2,50031537,0,47,0,128,1,"[47,-16,2,0,0,0,0,0,0,0,2,1,10,4,10,4,10,4,9,4,8,4,8,4,7,3,7,3,7,3,6,2,6,2,6,2,6,1,6,1,5,1,5,1,5,0,5,0,5,0,4,0,4,-1,4,-1,4,-1,4,-2,4,-2,4,-2,2,-1,4,-2,4,-2,4,-3,4,-3,4,-3,4,-3,4,-3,4,-3,4,-3,5,-3,5,-4,5,-4,5,-4,5,-4,5,-3,5,-3,6,-3,6,-3,6,-2,6,-2,6,-2,6,-2,6,-2,6,-1,6,-1,6,0,1,0,0,0,0,0,0,0,0,0]"
2026-06-22 03:03:44.818041,CSI_DATA,33030,1a:00:00:00:00:00,-59,11,1,0,1,1,1,0,0,0,0,-97,0,11,2,50081621,0,47,0,128,1,"[47,-16,2,0,0,0,0,0,0,0,-2,-4,-5,-13,-5,-13,-5,-12,-5,-12,-4,-11,-4,-11,-4,-10,-3,-10,-3,-9,-4,-9,-4,-9,-4,-8,-4,-8,-4,-7,-3,-7,-4,-7,-4,-6,-4,-5,-4,-5,-4,-5,-4,-5,-4,-4,-4,-4,-5,-4,-5,-4,-5,-4,-3,-2,-5,-3,-5,-3,-5,-3,-5,-3,-6,-3,-6,-3,-6,-3,-6,-3,-6,-3,-6,-3,-6,-3,-6,-3,-7,-3,-7,-4,-7,-4,-7,-4,-7,-4,-7,-4,-6,-5,-6,-5,-6,-6,-6,-6,-6,-6,-6,-6,-5,-6,-5,-7,-2,-2,0,0,0,0,0,0,0,0]"
